// Generato da tools/img2splash.py - non modificare a mano
// Immagine 320x240, RGB565, in flash
#pragma once
#include <stdint.h>

const uint16_t SPLASH_IMG[320 * 240] PROGMEM = {
  0x08EB, 0x08EB, 0x08EB, 0x08EB, 0x08EB, 0x08EB, 0x08EB, 0x08EB, 0x08EB, 0x08EB, 0x08EB, 0x08EB,
  0x08EB, 0x08EB, 0x08EB, 0x08EB, 0x08EB, 0x08EB, 0x08EB, 0x08EB, 0x08EB, 0x08EB, 0x08EB, 0x08EB,
  0x08EB, 0x08EB, 0x08EB, 0x08EB, 0x08EB, 0x08EB, 0x08EB, 0x08EB, 0x08EB, 0x08EB, 0x08EB, 0x08EB,
  0x08EB, 0x08EB, 0x08EB, 0x08EB, 0x08EB, 0x08EB, 0x08EB, 0x08EB, 0x08EB, 0x08EB, 0x08EB, 0x08EB,
  0x08EB, 0x08EB, 0x08EB, 0x08EB, 0x08EB, 0x08EB, 0x08EB, 0x08EB, 0x08EB, 0x08EB, 0x08EB, 0x08EB,
  0x08EB, 0x08EB, 0x08EB, 0x08EB, 0x08EB, 0x08EB, 0x08EB, 0x08EB, 0x08EB, 0x08EB, 0x08EB, 0x08EB,
  0x08EB, 0x08EB, 0x08EB, 0x08EB, 0x08EB, 0x08EB, 0x08EB, 0x08EB, 0x08EB, 0x08EB, 0x08EB, 0x08EB,
  0x08EB, 0x08EB, 0x08EB, 0x08EB, 0x08EB, 0x08EB, 0x08EB, 0x08EB, 0x08EB, 0x08EB, 0x08EB, 0x08EB,
  0x08EB, 0x08EB, 0x08EB, 0x08EB, 0x08EB, 0x08EB, 0x08EB, 0x08EB, 0x08EB, 0x08EB, 0x08EB, 0x08EB,
  0x08EB, 0x08EB, 0x08EB, 0x08EB, 0x08EB, 0x08EB, 0x08EB, 0x08EB, 0x08EB, 0x08EB, 0x08EB, 0x08EB,
  0x08EB, 0x08EB, 0x08EB, 0x08EB, 0x08EB, 0x08EB, 0x08EB, 0x08EB, 0x08EB, 0x08EB, 0x08EB, 0x08EB,
  0x08EB, 0x08EB, 0x08EB, 0x08EB, 0x08EB, 0x08EB, 0x08EB, 0x08EB, 0x08EB, 0x08EB, 0x08EB, 0x08EB,
  0x08EB, 0x08EB, 0x08EB, 0x08EB, 0x08EB, 0x08EB, 0x08EB, 0x08EB, 0x08EB, 0x08EB, 0x08EB, 0x08EB,
  0x08EB, 0x08EB, 0x08EB, 0x08EB, 0x08EB, 0x08EB, 0x08EB, 0x08EB, 0x08EB, 0x08EB, 0x08EB, 0x08EB,
  0x08EB, 0x08EB, 0x08EB, 0x08EB, 0x08EB, 0x08EB, 0x08EB, 0x08EB, 0x08EB, 0x08EB, 0x08EB, 0x08EB,
  0x08EB, 0x08EB, 0x08EB, 0x08EB, 0x08EB, 0x08EB, 0x08EB, 0x08EB, 0x08EB, 0x08EB, 0x08EB, 0x08EB,
  0x08EB, 0x08EB, 0x08EB, 0x08EB, 0x08EB, 0x08EB, 0x08EB, 0x08EB, 0x08EB, 0x08EB, 0x08EB, 0x08EB,
  0x08EB, 0x08EB, 0x08EB, 0x08EB, 0x08EB, 0x08EB, 0x08EB, 0x08EB, 0x08EB, 0x08EB, 0x08EB, 0x08EB,
  0x08EB, 0x08EB, 0x08EB, 0x08EB, 0x08EB, 0x08EB, 0x08EB, 0x08EB, 0x08EB, 0x08EB, 0x08EB, 0x08EB,
  0x08EB, 0x08EB, 0x08EB, 0x08EB, 0x08EB, 0x08EB, 0x08EB, 0x08EB, 0x08EB, 0x08EB, 0x08EB, 0x08EB,
  0x08EB, 0x08EB, 0x08EB, 0x08EB, 0x08EB, 0x08EB, 0x08EB, 0x08EB, 0x08EB, 0x08EB, 0x08EB, 0x08EB,
  0x08EB, 0x08EB, 0x08EB, 0x08EB, 0x08EB, 0x08EB, 0x08EB, 0x08EB, 0x08EB, 0x08EB, 0x08EB, 0x08EB,
  0x08EB, 0x08EB, 0x08EB, 0x08EB, 0x08EB, 0x08EB, 0x08EB, 0x08EB, 0x08EB, 0x08EB, 0x08EB, 0x08EB,
  0x08EB, 0x08EB, 0x08EB, 0x08EB, 0x08EB, 0x08EB, 0x08EB, 0x08EB, 0x08EB, 0x08EB, 0x08EB, 0x08EB,
  0x08EB, 0x08EB, 0x08EB, 0x08EB, 0x08EB, 0x08EB, 0x08EB, 0x08EB, 0x08EB, 0x08EB, 0x08EB, 0x08EB,
  0x08EB, 0x08EB, 0x08EB, 0x08EB, 0x08EB, 0x08EB, 0x08EB, 0x08EB, 0x08EB, 0x08EB, 0x08EB, 0x08EB,
  0x08EB, 0x08EB, 0x08EB, 0x08EB, 0x08EB, 0x08EB, 0x08EB, 0x08EB, 0x090D, 0x090D, 0x090D, 0x090D,
  0x090D, 0x090D, 0x090D, 0x090D, 0x090D, 0x090D, 0x090D, 0x090D, 0x090D, 0x090D, 0x090D, 0x090D,
  0x090D, 0x090D, 0x090D, 0x090D, 0x090D, 0x090D, 0x090D, 0x090D, 0x090D, 0x090D, 0x090D, 0x090D,
  0x090D, 0x090D, 0x090D, 0x090D, 0x090D, 0x090D, 0x090D, 0x090D, 0x090D, 0x090D, 0x090D, 0x090D,
  0x090D, 0x090D, 0x090D, 0x090D, 0x090D, 0x090D, 0x090D, 0x090D, 0x090D, 0x090D, 0x090D, 0x090D,
  0x090D, 0x090D, 0x090D, 0x090D, 0x090D, 0x090D, 0x090D, 0x090D, 0x090D, 0x090D, 0x090D, 0x090D,
  0x090D, 0x090D, 0x090D, 0x090D, 0x090D, 0x090D, 0x090D, 0x090D, 0x090D, 0x090D, 0x090D, 0x090D,
  0x090D, 0x090D, 0x090D, 0x090D, 0x090D, 0x090D, 0x090D, 0x090D, 0x090D, 0x090D, 0x090D, 0x090D,
  0x090D, 0x090D, 0x090D, 0x090D, 0x090D, 0x090D, 0x090D, 0x090D, 0x090D, 0x090D, 0x090D, 0x090D,
  0x090D, 0x090D, 0x090D, 0x090D, 0x090D, 0x090D, 0x090D, 0x090D, 0x090D, 0x090D, 0x090D, 0x090D,
  0x090D, 0x090D, 0x090D, 0x090D, 0x090D, 0x090D, 0x090D, 0x090D, 0x090D, 0x090D, 0x090D, 0x090D,
  0x090D, 0x090D, 0x090D, 0x090D, 0x090D, 0x090D, 0x090D, 0x090D, 0x090D, 0x090D, 0x090D, 0x090D,
  0x090D, 0x090D, 0x090D, 0x090D, 0x090D, 0x090D, 0x090D, 0x090D, 0x090D, 0x090D, 0x090D, 0x090D,
  0x090D, 0x090D, 0x090D, 0x090D, 0x090D, 0x090D, 0x090D, 0x090D, 0x090D, 0x090D, 0x090D, 0x090D,
  0x090D, 0x090D, 0x090D, 0x090D, 0x090D, 0x090D, 0x090D, 0x090D, 0x090D, 0x090D, 0x090D, 0x090D,
  0x090D, 0x090D, 0x090D, 0x090D, 0x090D, 0x090D, 0x090D, 0x090D, 0x090D, 0x090D, 0x090D, 0x090D,
  0x090D, 0x090D, 0x090D, 0x090D, 0x090D, 0x090D, 0x090D, 0x090D, 0x090D, 0x090D, 0x090D, 0x090D,
  0x090D, 0x090D, 0x090D, 0x090D, 0x090D, 0x090D, 0x090D, 0x090D, 0x090D, 0x090D, 0x090D, 0x090D,
  0x090D, 0x090D, 0x090D, 0x090D, 0x090D, 0x090D, 0x090D, 0x090D, 0x090D, 0x090D, 0x090D, 0x090D,
  0x090D, 0x090D, 0x090D, 0x090D, 0x090D, 0x090D, 0x090D, 0x090D, 0x090D, 0x090D, 0x090D, 0x090D,
  0x090D, 0x090D, 0x090D, 0x090D, 0x090D, 0x090D, 0x090D, 0x090D, 0x090D, 0x090D, 0x090D, 0x090D,
  0x090D, 0x090D, 0x090D, 0x090D, 0x090D, 0x090D, 0x090D, 0x090D, 0x090D, 0x090D, 0x090D, 0x090D,
  0x090D, 0x090D, 0x090D, 0x090D, 0x090D, 0x090D, 0x090D, 0x090D, 0x090D, 0x090D, 0x090D, 0x090D,
  0x090D, 0x090D, 0x090D, 0x090D, 0x090D, 0x090D, 0x090D, 0x090D, 0x090D, 0x090D, 0x090D, 0x090D,
  0x090D, 0x090D, 0x090D, 0x090D, 0x090D, 0x090D, 0x090D, 0x090D, 0x090D, 0x090D, 0x090D, 0x090D,
  0x090D, 0x090D, 0x090D, 0x090D, 0x090D, 0x090D, 0x090D, 0x090D, 0x090D, 0x090D, 0x090D, 0x090D,
  0x090D, 0x090D, 0x090D, 0x090D, 0x090D, 0x090D, 0x090D, 0x090D, 0x090D, 0x090D, 0x090D, 0x090D,
  0x090D, 0x090D, 0x090D, 0x090D, 0x08EB, 0x08EB, 0x08EB, 0x08EB, 0x08EB, 0x08EB, 0x08EB, 0x08EB,
  0x08EB, 0x08EB, 0x08EB, 0x08EB, 0x08EB, 0x08EB, 0x08EB, 0x08EB, 0x08EB, 0x08EB, 0x08EB, 0x08EB,
  0x08EB, 0x08EB, 0x08EB, 0x08EB, 0x08EB, 0x08EB, 0x08EB, 0x08EB, 0x08EB, 0x08EB, 0x08EB, 0x08EB,
  0x08EB, 0x08EB, 0x08EB, 0x08EB, 0x08EB, 0x08EB, 0x08EB, 0x08EB, 0x08EB, 0x08EB, 0x08EB, 0x08EB,
  0x08EB, 0x08EB, 0x08EB, 0x08EB, 0x08EB, 0x08EB, 0x08EB, 0x08EB, 0x08EB, 0x08EB, 0x08EB, 0x08EB,
  0x08EB, 0x08EB, 0x08EB, 0x08EB, 0x08EB, 0x08EB, 0x08EB, 0x08EB, 0x08EB, 0x08EB, 0x08EB, 0x08EB,
  0x08EB, 0x08EB, 0x08EB, 0x08EB, 0x08EB, 0x08EB, 0x08EB, 0x08EB, 0x08EB, 0x08EB, 0x08EB, 0x08EB,
  0x08EB, 0x08EB, 0x08EB, 0x08EB, 0x08EB, 0x08EB, 0x08EB, 0x08EB, 0x08EB, 0x08EB, 0x08EB, 0x08EB,
  0x08EB, 0x08EB, 0x08EB, 0x08EB, 0x08EB, 0x08EB, 0x08EB, 0x08EB, 0x08EB, 0x08EB, 0x08EB, 0x08EB,
  0x08EB, 0x08EB, 0x08EB, 0x08EB, 0x08EB, 0x08EB, 0x08EB, 0x08EB, 0x08EB, 0x08EB, 0x08EB, 0x08EB,
  0x08EB, 0x08EB, 0x08EB, 0x08EB, 0x08EB, 0x08EB, 0x08EB, 0x08EB, 0x08EB, 0x08EB, 0x08EB, 0x08EB,
  0x08EB, 0x08EB, 0x08EB, 0x08EB, 0x08EB, 0x08EB, 0x08EB, 0x08EB, 0x08EB, 0x08EB, 0x08EB, 0x08EB,
  0x08EB, 0x08EB, 0x08EB, 0x08EB, 0x08EB, 0x08EB, 0x08EB, 0x08EB, 0x08EB, 0x08EB, 0x08EB, 0x08EB,
  0x08EB, 0x08EB, 0x08EB, 0x08EB, 0x08EB, 0x08EB, 0x08EB, 0x08EB, 0x08EB, 0x08EB, 0x08EB, 0x08EB,
  0x08EB, 0x08EB, 0x08EB, 0x08EB, 0x08EB, 0x08EB, 0x08EB, 0x08EB, 0x08EB, 0x08EB, 0x08EB, 0x08EB,
  0x08EB, 0x08EB, 0x08EB, 0x08EB, 0x08EB, 0x08EB, 0x08EB, 0x08EB, 0x08EB, 0x08EB, 0x08EB, 0x08EB,
  0x08EB, 0x08EB, 0x08EB, 0x08EB, 0x08EB, 0x08EB, 0x08EB, 0x08EB, 0x08EB, 0x08EB, 0x08EB, 0x08EB,
  0x08EB, 0x08EB, 0x08EB, 0x08EB, 0x08EB, 0x08EB, 0x08EB, 0x08EB, 0x08EB, 0x08EB, 0x08EB, 0x08EB,
  0x08EB, 0x08EB, 0x08EB, 0x08EB, 0x08EB, 0x08EB, 0x08EB, 0x08EB, 0x08EB, 0x08EB, 0x08EB, 0x08EB,
  0x08EB, 0x08EB, 0x08EB, 0x08EB, 0x08EB, 0x08EB, 0x08EB, 0x08EB, 0x08EB, 0x08EB, 0x08EB, 0x08EB,
  0x08EB, 0x08EB, 0x08EB, 0x08EB, 0x08EB, 0x08EB, 0x08EB, 0x08EB, 0x08EB, 0x08EB, 0x08EB, 0x08EB,
  0x08EB, 0x08EB, 0x08EB, 0x08EB, 0x08EB, 0x08EB, 0x08EB, 0x08EB, 0x08EB, 0x08EB, 0x08EB, 0x08EB,
  0x08EB, 0x08EB, 0x08EB, 0x08EB, 0x08EB, 0x08EB, 0x08EB, 0x08EB, 0x08EB, 0x08EB, 0x08EB, 0x08EB,
  0x08EB, 0x08EB, 0x08EB, 0x08EB, 0x08EB, 0x08EB, 0x08EB, 0x08EB, 0x08EB, 0x08EB, 0x08EB, 0x08EB,
  0x08EB, 0x08EB, 0x08EB, 0x08EB, 0x08EB, 0x08EB, 0x08EB, 0x08EB, 0x08EB, 0x08EB, 0x08EB, 0x08EB,
  0x08EB, 0x08EB, 0x08EB, 0x08EB, 0x08EB, 0x08EB, 0x08EB, 0x08EB, 0x08EB, 0x08EB, 0x08EB, 0x08EB,
  0x08EB, 0x08EB, 0x08EB, 0x08EB, 0x08EB, 0x08EB, 0x08EB, 0x08EB, 0x08EB, 0x08EB, 0x08EB, 0x08EB,
  0x090D, 0x090D, 0x090D, 0x090D, 0x090D, 0x090D, 0x090D, 0x090D, 0x090D, 0x090D, 0x090D, 0x090D,
  0x090D, 0x090D, 0x090D, 0x090D, 0x090D, 0x090D, 0x090D, 0x090D, 0x090D, 0x090D, 0x090D, 0x090D,
  0x090D, 0x090D, 0x090D, 0x090D, 0x090D, 0x090D, 0x090D, 0x090D, 0x090D, 0x090D, 0x090D, 0x090D,
  0x090D, 0x090D, 0x090D, 0x090D, 0x090D, 0x090D, 0x090D, 0x090D, 0x090D, 0x090D, 0x090D, 0x090D,
  0x090D, 0x090D, 0x090D, 0x090D, 0x090D, 0x090D, 0x090D, 0x090D, 0x090D, 0x090D, 0x090D, 0x090D,
  0x090D, 0x090D, 0x090D, 0x090D, 0x090D, 0x090D, 0x090D, 0x090D, 0x090D, 0x090D, 0x090D, 0x090D,
  0x090D, 0x090D, 0x090D, 0x090D, 0x090D, 0x090D, 0x090D, 0x090D, 0x090D, 0x090D, 0x090D, 0x090D,
  0x090D, 0x090D, 0x090D, 0x090D, 0x090D, 0x090D, 0x090D, 0x090D, 0x090D, 0x090D, 0x090D, 0x090D,
  0x090D, 0x090D, 0x090D, 0x090D, 0x090D, 0x090D, 0x090D, 0x090D, 0x090D, 0x090D, 0x090D, 0x090D,
  0x090D, 0x090D, 0x090D, 0x090D, 0x090D, 0x090D, 0x090D, 0x090D, 0x090D, 0x090D, 0x090D, 0x090D,
  0x090D, 0x090D, 0x090D, 0x090D, 0x090D, 0x090D, 0x090D, 0x090D, 0x090D, 0x090D, 0x090D, 0x090D,
  0x090D, 0x090D, 0x090D, 0x090D, 0x090D, 0x090D, 0x090D, 0x090D, 0x090D, 0x090D, 0x090D, 0x090D,
  0x090D, 0x090D, 0x090D, 0x090D, 0x090D, 0x090D, 0x090D, 0x090D, 0x090D, 0x090D, 0x090D, 0x090D,
  0x090D, 0x090D, 0x090D, 0x090D, 0x090D, 0x090D, 0x090D, 0x090D, 0x090D, 0x090D, 0x090D, 0x090D,
  0x090D, 0x090D, 0x090D, 0x090D, 0x090D, 0x090D, 0x090D, 0x090D, 0x090D, 0x090D, 0x090D, 0x090D,
  0x090D, 0x090D, 0x090D, 0x090D, 0x090D, 0x090D, 0x090D, 0x090D, 0x090D, 0x090D, 0x090D, 0x090D,
  0x090D, 0x090D, 0x090D, 0x090D, 0x090D, 0x090D, 0x090D, 0x090D, 0x090D, 0x090D, 0x090D, 0x090D,
  0x090D, 0x090D, 0x090D, 0x090D, 0x090D, 0x090D, 0x090D, 0x090D, 0x090D, 0x090D, 0x090D, 0x090D,
  0x090D, 0x090D, 0x090D, 0x090D, 0x090D, 0x090D, 0x090D, 0x090D, 0x090D, 0x090D, 0x090D, 0x090D,
  0x090D, 0x090D, 0x090D, 0x090D, 0x090D, 0x090D, 0x090D, 0x090D, 0x090D, 0x090D, 0x090D, 0x090D,
  0x090D, 0x090D, 0x090D, 0x090D, 0x090D, 0x090D, 0x090D, 0x090D, 0x090D, 0x090D, 0x090D, 0x090D,
  0x090D, 0x090D, 0x090D, 0x090D, 0x090D, 0x090D, 0x090D, 0x090D, 0x090D, 0x090D, 0x090D, 0x090D,
  0x090D, 0x090D, 0x090D, 0x090D, 0x090D, 0x090D, 0x090D, 0x090D, 0x090D, 0x090D, 0x090D, 0x090D,
  0x090D, 0x090D, 0x090D, 0x090D, 0x090D, 0x090D, 0x090D, 0x090D, 0x090D, 0x090D, 0x090D, 0x090D,
  0x090D, 0x090D, 0x090D, 0x090D, 0x090D, 0x090D, 0x090D, 0x090D, 0x090D, 0x090D, 0x090D, 0x090D,
  0x090D, 0x090D, 0x090D, 0x090D, 0x090D, 0x090D, 0x090D, 0x090D, 0x090D, 0x090D, 0x090D, 0x090D,
  0x090D, 0x090D, 0x090D, 0x090D, 0x090D, 0x090D, 0x090D, 0x090D, 0x08EB, 0x08EB, 0x08EB, 0x08EB,
  0x08EB, 0x08EB, 0x08EB, 0x08EB, 0x08EB, 0x08EB, 0x08EB, 0x08EB, 0x08EB, 0x08EB, 0x08EB, 0x08EB,
  0x08EB, 0x08EB, 0x08EB, 0x08EB, 0x08EB, 0x08EB, 0x08EB, 0x08EB, 0x08EB, 0x08EB, 0x08EB, 0x08EB,
  0x08EB, 0x08EB, 0x08EB, 0x08EB, 0x08EB, 0x08EB, 0x08EB, 0x08EB, 0x08EB, 0x08EB, 0x08EB, 0x08EB,
  0x08EB, 0x08EB, 0x08EB, 0x08EB, 0x08EB, 0x08EB, 0x08EB, 0x08EB, 0x08EB, 0x08EB, 0x08EB, 0x08EB,
  0x08EB, 0x08EB, 0x08EB, 0x08EB, 0x08EB, 0x08EB, 0x08EB, 0x08EB, 0x08EB, 0x08EB, 0x08EB, 0x08EB,
  0x08EB, 0x08EB, 0x08EB, 0x08EB, 0x08EB, 0x08EB, 0x08EB, 0x08EB, 0x08EB, 0x08EB, 0x08EB, 0x08EB,
  0x08EB, 0x08EB, 0x08EB, 0x08EB, 0x08EB, 0x08EB, 0x08EB, 0x08EB, 0x08EB, 0x08EB, 0x08EB, 0x08EB,
  0x08EB, 0x08EB, 0x08EB, 0x08EB, 0x08EB, 0x08EB, 0x08EB, 0x08EB, 0x08EB, 0x08EB, 0x08EB, 0x08EB,
  0x08EB, 0x08EB, 0x08EB, 0x08EB, 0x08EB, 0x08EB, 0x08EB, 0x08EB, 0x08EB, 0x08EB, 0x08EB, 0x08EB,
  0x08EB, 0x08EB, 0x08EB, 0x08EB, 0x08EB, 0x08EB, 0x08EB, 0x08EB, 0x08EB, 0x08EB, 0x08EB, 0x08EB,
  0x08EB, 0x08EB, 0x08EB, 0x08EB, 0x08EB, 0x08EB, 0x08EB, 0x08EB, 0x08EB, 0x08EB, 0x08EB, 0x08EB,
  0x08EB, 0x08EB, 0x08EB, 0x08EB, 0x08EB, 0x08EB, 0x08EB, 0x08EB, 0x08EB, 0x08EB, 0x08EB, 0x08EB,
  0x08EB, 0x08EB, 0x08EB, 0x08EB, 0x08EB, 0x08EB, 0x08EB, 0x08EB, 0x08EB, 0x08EB, 0x08EB, 0x08EB,
  0x08EB, 0x08EB, 0x08EB, 0x08EB, 0x08EB, 0x08EB, 0x08EB, 0x08EB, 0x08EB, 0x08EB, 0x08EB, 0x08EB,
  0x08EB, 0x08EB, 0x08EB, 0x08EB, 0x08EB, 0x08EB, 0x08EB, 0x08EB, 0x08EB, 0x08EB, 0x08EB, 0x08EB,
  0x08EB, 0x08EB, 0x08EB, 0x08EB, 0x08EB, 0x08EB, 0x08EB, 0x08EB, 0x08EB, 0x08EB, 0x08EB, 0x08EB,
  0x08EB, 0x08EB, 0x08EB, 0x08EB, 0x08EB, 0x08EB, 0x08EB, 0x08EB, 0x08EB, 0x08EB, 0x08EB, 0x08EB,
  0x08EB, 0x08EB, 0x08EB, 0x08EB, 0x08EB, 0x08EB, 0x08EB, 0x08EB, 0x08EB, 0x08EB, 0x08EB, 0x08EB,
  0x08EB, 0x08EB, 0x08EB, 0x08EB, 0x08EB, 0x08EB, 0x08EB, 0x08EB, 0x08EB, 0x08EB, 0x08EB, 0x08EB,
  0x08EB, 0x08EB, 0x08EB, 0x08EB, 0x08EB, 0x08EB, 0x08EB, 0x08EB, 0x08EB, 0x08EB, 0x08EB, 0x08EB,
  0x08EB, 0x08EB, 0x08EB, 0x08EB, 0x08EB, 0x08EB, 0x08EB, 0x08EB, 0x08EB, 0x08EB, 0x08EB, 0x08EB,
  0x08EB, 0x08EB, 0x08EB, 0x08EB, 0x08EB, 0x08EB, 0x08EB, 0x08EB, 0x08EB, 0x08EB, 0x08EB, 0x08EB,
  0x08EB, 0x08EB, 0x08EB, 0x08EB, 0x08EB, 0x08EB, 0x08EB, 0x08EB, 0x08EB, 0x08EB, 0x08EB, 0x08EB,
  0x08EB, 0x08EB, 0x08EB, 0x08EB, 0x08EB, 0x08EB, 0x08EB, 0x08EB, 0x08EB, 0x08EB, 0x08EB, 0x08EB,
  0x08EB, 0x08EB, 0x08EB, 0x08EB, 0x08EB, 0x08EB, 0x08EB, 0x08EB, 0x08EB, 0x08EB, 0x08EB, 0x08EB,
  0x08EB, 0x08EB, 0x08EB, 0x08EB, 0x08EB, 0x08EB, 0x08EB, 0x08EB, 0x08EB, 0x08EB, 0x08EB, 0x08EB,
  0x08EB, 0x08EB, 0x08EB, 0x08EB, 0x090D, 0x090D, 0x090D, 0x090D, 0x090D, 0x090D, 0x090D, 0x090D,
  0x090D, 0x090D, 0x090D, 0x090D, 0x090D, 0x090D, 0x090D, 0x090D, 0x090D, 0x090D, 0x090D, 0x090D,
  0x090D, 0x090D, 0x090D, 0x090D, 0x090D, 0x090D, 0x090D, 0x090D, 0x090D, 0x090D, 0x090D, 0x090D,
  0x090D, 0x090D, 0x090D, 0x090D, 0x090D, 0x090D, 0x090D, 0x090D, 0x090D, 0x090D, 0x090D, 0x090D,
  0x090D, 0x090D, 0x090D, 0x090D, 0x090D, 0x090D, 0x090D, 0x090D, 0x090D, 0x090D, 0x090D, 0x090D,
  0x090D, 0x090D, 0x090D, 0x090D, 0x090D, 0x090D, 0x090D, 0x090D, 0x090D, 0x090D, 0x090D, 0x090D,
  0x090D, 0x090D, 0x090D, 0x090D, 0x090D, 0x090D, 0x090D, 0x090D, 0x090D, 0x090D, 0x090D, 0x090D,
  0x090D, 0x090D, 0x090D, 0x090D, 0x090D, 0x090D, 0x090D, 0x090D, 0x090D, 0x090D, 0x090D, 0x090D,
  0x090D, 0x090D, 0x090D, 0x090D, 0x090D, 0x090D, 0x090D, 0x090D, 0x090D, 0x090D, 0x090D, 0x090D,
  0x090D, 0x090D, 0x090D, 0x090D, 0x090D, 0x090D, 0x090D, 0x090D, 0x090D, 0x090D, 0x090D, 0x090D,
  0x090D, 0x090D, 0x090D, 0x090D, 0x090D, 0x090D, 0x090D, 0x090D, 0x090D, 0x090D, 0x090D, 0x090D,
  0x090D, 0x090D, 0x090D, 0x090D, 0x090D, 0x090D, 0x090D, 0x090D, 0x090D, 0x090D, 0x090D, 0x090D,
  0x090D, 0x090D, 0x090D, 0x090D, 0x090D, 0x090D, 0x090D, 0x090D, 0x090D, 0x090D, 0x090D, 0x090D,
  0x090D, 0x090D, 0x090D, 0x090D, 0x090D, 0x090D, 0x090D, 0x090D, 0x090D, 0x090D, 0x090D, 0x090D,
  0x090D, 0x090D, 0x090D, 0x090D, 0x090D, 0x090D, 0x090D, 0x090D, 0x090D, 0x090D, 0x090D, 0x090D,
  0x090D, 0x090D, 0x090D, 0x090D, 0x090D, 0x090D, 0x090D, 0x090D, 0x090D, 0x090D, 0x090D, 0x090D,
  0x090D, 0x090D, 0x090D, 0x090D, 0x090D, 0x090D, 0x090D, 0x090D, 0x090D, 0x090D, 0x090D, 0x090D,
  0x090D, 0x090D, 0x090D, 0x090D, 0x090D, 0x090D, 0x090D, 0x090D, 0x090D, 0x090D, 0x090D, 0x090D,
  0x090D, 0x090D, 0x090D, 0x090D, 0x090D, 0x090D, 0x090D, 0x090D, 0x090D, 0x090D, 0x090D, 0x090D,
  0x090D, 0x090D, 0x090D, 0x090D, 0x090D, 0x090D, 0x090D, 0x090D, 0x090D, 0x090D, 0x090D, 0x090D,
  0x090D, 0x090D, 0x090D, 0x090D, 0x090D, 0x090D, 0x090D, 0x090D, 0x090D, 0x090D, 0x090D, 0x090D,
  0x090D, 0x090D, 0x090D, 0x090D, 0x090D, 0x090D, 0x090D, 0x090D, 0x090D, 0x090D, 0x090D, 0x090D,
  0x090D, 0x090D, 0x090D, 0x090D, 0x090D, 0x090D, 0x090D, 0x090D, 0x090D, 0x090D, 0x090D, 0x090D,
  0x090D, 0x090D, 0x090D, 0x090D, 0x090D, 0x090D, 0x090D, 0x090D, 0x090D, 0x090D, 0x090D, 0x090D,
  0x090D, 0x090D, 0x090D, 0x090D, 0x090D, 0x090D, 0x090D, 0x090D, 0x090D, 0x090D, 0x090D, 0x090D,
  0x090D, 0x090D, 0x090D, 0x090D, 0x090D, 0x090D, 0x090D, 0x090D, 0x090D, 0x090D, 0x090D, 0x090D,
  0x090D, 0x090D, 0x090D, 0x090D, 0x090D, 0x090D, 0x090D, 0x090D, 0x090D, 0x090D, 0x090D, 0x090D,
  0x08EB, 0x08EB, 0x08EB, 0x08EB, 0x08EB, 0x08EB, 0x08EB, 0x08EB, 0x08EB, 0x08EB, 0x08EB, 0x08EB,
  0x08EB, 0x08EB, 0x08EB, 0x08EB, 0x08EB, 0x08EB, 0x08EB, 0x08EB, 0x08EB, 0x08EB, 0x08EB, 0x08EB,
  0x08EB, 0x08EB, 0x08EB, 0x08EB, 0x08EB, 0x08EB, 0x08EB, 0x08EB, 0x08EB, 0x08EB, 0x08EB, 0x08EB,
  0x08EB, 0x08EB, 0x08EB, 0x08EB, 0x08EB, 0x08EB, 0x08EB, 0x08EB, 0x08EB, 0x08EB, 0x08EB, 0x08EB,
  0x08EB, 0x08EB, 0x08EB, 0x08EB, 0x08EB, 0x08EB, 0x08EB, 0x08EB, 0x08EB, 0x08EB, 0x08EB, 0x08EB,
  0x08EB, 0x08EB, 0x08EB, 0x08EB, 0x08EB, 0x08EB, 0x08EB, 0x08EB, 0x08EB, 0x08EB, 0x08EB, 0x08EB,
  0x08EB, 0x08EB, 0x08EB, 0x08EB, 0x08EB, 0x08EB, 0x08EB, 0x08EB, 0x08EB, 0x08EB, 0x08EB, 0x08EB,
  0x08EB, 0x08EB, 0x08EB, 0x08EB, 0x08EB, 0x08EB, 0x08EB, 0x08EB, 0x08EB, 0x08EB, 0x08EB, 0x08EB,
  0x08EB, 0x08EB, 0x08EB, 0x08EB, 0x08EB, 0x08EB, 0x08EB, 0x08EB, 0x08EB, 0x08EB, 0x08EB, 0x08EB,
  0x08EB, 0x08EB, 0x08EB, 0x08EB, 0x08EB, 0x08EB, 0x08EB, 0x08EB, 0x08EB, 0x08EB, 0x08EB, 0x08EB,
  0x08EB, 0x08EB, 0x08EB, 0x08EB, 0x08EB, 0x08EB, 0x08EB, 0x08EB, 0x08EB, 0x08EB, 0x08EB, 0x08EB,
  0x08EB, 0x08EB, 0x08EB, 0x08EB, 0x08EB, 0x08EB, 0x08EB, 0x08EB, 0x08EB, 0x08EB, 0x08EB, 0x08EB,
  0x08EB, 0x08EB, 0x08EB, 0x08EB, 0x08EB, 0x08EB, 0x08EB, 0x08EB, 0x08EB, 0x08EB, 0x08EB, 0x08EB,
  0x08EB, 0x08EB, 0x08EB, 0x08EB, 0x08EB, 0x08EB, 0x08EB, 0x08EB, 0x08EB, 0x08EB, 0x08EB, 0x08EB,
  0x08EB, 0x08EB, 0x08EB, 0x08EB, 0x08EB, 0x08EB, 0x08EB, 0x08EB, 0x08EB, 0x08EB, 0x08EB, 0x08EB,
  0x08EB, 0x08EB, 0x08EB, 0x08EB, 0x08EB, 0x08EB, 0x08EB, 0x08EB, 0x08EB, 0x08EB, 0x08EB, 0x08EB,
  0x08EB, 0x08EB, 0x08EB, 0x08EB, 0x08EB, 0x08EB, 0x08EB, 0x08EB, 0x08EB, 0x08EB, 0x08EB, 0x08EB,
  0x08EB, 0x08EB, 0x08EB, 0x08EB, 0x08EB, 0x08EB, 0x08EB, 0x08EB, 0x08EB, 0x08EB, 0x08EB, 0x08EB,
  0x08EB, 0x08EB, 0x08EB, 0x08EB, 0x08EB, 0x08EB, 0x08EB, 0x08EB, 0x08EB, 0x08EB, 0x08EB, 0x08EB,
  0x08EB, 0x08EB, 0x08EB, 0x08EB, 0x08EB, 0x08EB, 0x08EB, 0x08EB, 0x08EB, 0x08EB, 0x08EB, 0x08EB,
  0x08EB, 0x08EB, 0x08EB, 0x08EB, 0x08EB, 0x08EB, 0x08EB, 0x08EB, 0x08EB, 0x08EB, 0x08EB, 0x08EB,
  0x08EB, 0x08EB, 0x08EB, 0x08EB, 0x08EB, 0x08EB, 0x08EB, 0x08EB, 0x08EB, 0x08EB, 0x08EB, 0x08EB,
  0x08EB, 0x08EB, 0x08EB, 0x08EB, 0x08EB, 0x08EB, 0x08EB, 0x08EB, 0x08EB, 0x08EB, 0x08EB, 0x08EB,
  0x08EB, 0x08EB, 0x08EB, 0x08EB, 0x08EB, 0x08EB, 0x08EB, 0x08EB, 0x08EB, 0x08EB, 0x08EB, 0x08EB,
  0x08EB, 0x08EB, 0x08EB, 0x08EB, 0x08EB, 0x08EB, 0x08EB, 0x08EB, 0x08EB, 0x08EB, 0x08EB, 0x08EB,
  0x08EB, 0x08EB, 0x08EB, 0x08EB, 0x08EB, 0x08EB, 0x08EB, 0x08EB, 0x08EB, 0x08EB, 0x08EB, 0x08EB,
  0x08EB, 0x08EB, 0x08EB, 0x08EB, 0x08EB, 0x08EB, 0x08EB, 0x08EB, 0x090D, 0x090D, 0x090D, 0x090D,
  0x090D, 0x090D, 0x090D, 0x090D, 0x090D, 0x090D, 0x090D, 0x090D, 0x090D, 0x090D, 0x090D, 0x090D,
  0x090D, 0x090D, 0x090D, 0x090D, 0x090D, 0x090D, 0x090D, 0x090D, 0x090D, 0x090D, 0x090D, 0x090D,
  0x2825, 0x2825, 0x2825, 0x2825, 0x2825, 0x2825, 0x2825, 0x2825, 0x2825, 0x2825, 0x2825, 0x090D,
  0x090D, 0x090D, 0x090D, 0x090D, 0x090D, 0x090D, 0x2825, 0x2825, 0x2825, 0x2825, 0x2825, 0x2825,
  0x2825, 0x2825, 0x2825, 0x2825, 0x2825, 0x090D, 0x090D, 0x090D, 0x090D, 0x2825, 0x2825, 0x2825,
  0x2825, 0x2825, 0x2825, 0x2825, 0x2825, 0x2825, 0x2825, 0x2825, 0x2825, 0x2825, 0x2825, 0x090D,
  0x090D, 0x090D, 0x090D, 0x2825, 0x2825, 0x2825, 0x2825, 0x2825, 0x2825, 0x2825, 0x2825, 0x2825,
  0x2825, 0x2825, 0x2825, 0x2825, 0x2825, 0x090D, 0x090D, 0x090D, 0x090D, 0x2825, 0x2825, 0x2825,
  0x2825, 0x2825, 0x2825, 0x2825, 0x2825, 0x2825, 0x2825, 0x2825, 0x2825, 0x2825, 0x2825, 0x2825,
  0x2825, 0x2825, 0x090D, 0x2825, 0x2825, 0x2825, 0x2825, 0x2825, 0x2825, 0x2825, 0x2825, 0x2825,
  0x2825, 0x2825, 0x2825, 0x2825, 0x2825, 0x090D, 0x090D, 0x090D, 0x090D, 0x090D, 0x090D, 0x090D,
  0x2825, 0x2825, 0x2825, 0x2825, 0x2825, 0x2825, 0x2825, 0x2825, 0x2825, 0x2825, 0x2825, 0x090D,
  0x090D, 0x090D, 0x090D, 0x090D, 0x090D, 0x090D, 0x090D, 0x090D, 0x090D, 0x090D, 0x090D, 0x090D,
  0x090D, 0x090D, 0x090D, 0x090D, 0x090D, 0x090D, 0x090D, 0x090D, 0x090D, 0x2825, 0x2825, 0x2825,
  0x2825, 0x2825, 0x2825, 0x2825, 0x2825, 0x2825, 0x2825, 0x2825, 0x2825, 0x2825, 0x2825, 0x090D,
  0x090D, 0x090D, 0x090D, 0x090D, 0x090D, 0x090D, 0x2825, 0x2825, 0x2825, 0x2825, 0x2825, 0x2825,
  0x2825, 0x2825, 0x2825, 0x2825, 0x2825, 0x090D, 0x090D, 0x090D, 0x090D, 0x090D, 0x090D, 0x090D,
  0x2825, 0x2825, 0x2825, 0x2825, 0x2825, 0x2825, 0x2825, 0x2825, 0x2825, 0x2825, 0x2825, 0x090D,
  0x090D, 0x090D, 0x090D, 0x090D, 0x090D, 0x090D, 0x2825, 0x2825, 0x2825, 0x2825, 0x2825, 0x2825,
  0x2825, 0x2825, 0x2825, 0x2825, 0x2825, 0x090D, 0x090D, 0x090D, 0x090D, 0x2825, 0x2825, 0x2825,
  0x2825, 0x2825, 0x2825, 0x2825, 0x2825, 0x2825, 0x2825, 0x2825, 0x2825, 0x2825, 0x2825, 0x2825,
  0x2825, 0x2825, 0x090D, 0x090D, 0x090D, 0x090D, 0x2825, 0x2825, 0x2825, 0x2825, 0x2825, 0x2825,
  0x2825, 0x2825, 0x2825, 0x2825, 0x2825, 0x090D, 0x090D, 0x090D, 0x090D, 0x2825, 0x2825, 0x2825,
  0x2825, 0x2825, 0x090D, 0x090D, 0x090D, 0x090D, 0x090D, 0x090D, 0x090D, 0x090D, 0x090D, 0x090D,
  0x090D, 0x090D, 0x090D, 0x090D, 0x090D, 0x090D, 0x090D, 0x090D, 0x090D, 0x090D, 0x090D, 0x090D,
  0x090D, 0x090D, 0x090D, 0x090D, 0x090D, 0x090D, 0x090D, 0x090D, 0x090D, 0x090D, 0x090D, 0x090D,
  0x090D, 0x090D, 0x090D, 0x090D, 0x092D, 0x092D, 0x092D, 0x092D, 0x092D, 0x092D, 0x092D, 0x092D,
  0x092D, 0x092D, 0x092D, 0x092D, 0x092D, 0x092D, 0x092D, 0x092D, 0x092D, 0x092D, 0x092D, 0x092D,
  0x092D, 0x092D, 0x092D, 0x092D, 0x092D, 0x092D, 0x092D, 0x092D, 0x2024, 0xDEF5, 0xDEF5, 0xDEF5,
  0xDEF5, 0xDEF5, 0xDEF5, 0xDEF5, 0xDEF5, 0xDEF5, 0x2024, 0x092D, 0x092D, 0x092D, 0x092D, 0x092D,
  0x092D, 0x092D, 0x2024, 0xDEF5, 0xDEF5, 0xDEF5, 0xDEF5, 0xDEF5, 0xDEF5, 0xDEF5, 0xDEF5, 0xDEF5,
  0x2024, 0x092D, 0x092D, 0x092D, 0x092D, 0x2024, 0xDEF5, 0xDEF5, 0xDEF5, 0xDEF5, 0xDEF5, 0xDEF5,
  0xDEF5, 0xDEF5, 0xDEF5, 0xDEF5, 0xDEF5, 0xDEF5, 0x2024, 0x092D, 0x092D, 0x092D, 0x092D, 0x2024,
  0xDEF5, 0xDEF5, 0xDEF5, 0xDEF5, 0xDEF5, 0xDEF5, 0xDEF5, 0xDEF5, 0xDEF5, 0xDEF5, 0xDEF5, 0xDEF5,
  0x2024, 0x092D, 0x092D, 0x092D, 0x092D, 0x2024, 0xDEF5, 0xDEF5, 0xDEF5, 0xDEF5, 0xDEF5, 0xDEF5,
  0xDEF5, 0xDEF5, 0xDEF5, 0xDEF5, 0xDEF5, 0xDEF5, 0xDEF5, 0xDEF5, 0xDEF5, 0x2024, 0x092D, 0x2024,
  0xDEF5, 0xDEF5, 0xDEF5, 0xDEF5, 0xDEF5, 0xDEF5, 0xDEF5, 0xDEF5, 0xDEF5, 0xDEF5, 0xDEF5, 0xDEF5,
  0x2024, 0x092D, 0x092D, 0x092D, 0x092D, 0x092D, 0x092D, 0x092D, 0x2024, 0xDEF5, 0xDEF5, 0xDEF5,
  0xDEF5, 0xDEF5, 0xDEF5, 0xDEF5, 0xDEF5, 0xDEF5, 0x2024, 0x092D, 0x092D, 0x092D, 0x092D, 0x092D,
  0x092D, 0x092D, 0x092D, 0x092D, 0x092D, 0x092D, 0x092D, 0x092D, 0x092D, 0x092D, 0x092D, 0x092D,
  0x092D, 0x092D, 0x092D, 0x092D, 0x092D, 0x2024, 0xDEF5, 0xDEF5, 0xDEF5, 0xDEF5, 0xDEF5, 0xDEF5,
  0xDEF5, 0xDEF5, 0xDEF5, 0xDEF5, 0xDEF5, 0xDEF5, 0x2024, 0x092D, 0x092D, 0x092D, 0x092D, 0x092D,
  0x092D, 0x092D, 0x2024, 0xDEF5, 0xDEF5, 0xDEF5, 0xDEF5, 0xDEF5, 0xDEF5, 0xDEF5, 0xDEF5, 0xDEF5,
  0x2024, 0x092D, 0x092D, 0x092D, 0x092D, 0x092D, 0x092D, 0x092D, 0x2024, 0xDEF5, 0xDEF5, 0xDEF5,
  0xDEF5, 0xDEF5, 0xDEF5, 0xDEF5, 0xDEF5, 0xDEF5, 0x2024, 0x092D, 0x092D, 0x092D, 0x092D, 0x092D,
  0x092D, 0x092D, 0x2024, 0xDEF5, 0xDEF5, 0xDEF5, 0xDEF5, 0xDEF5, 0xDEF5, 0xDEF5, 0xDEF5, 0xDEF5,
  0x2024, 0x092D, 0x092D, 0x092D, 0x092D, 0x2024, 0xDEF5, 0xDEF5, 0xDEF5, 0xDEF5, 0xDEF5, 0xDEF5,
  0xDEF5, 0xDEF5, 0xDEF5, 0xDEF5, 0xDEF5, 0xDEF5, 0xDEF5, 0xDEF5, 0xDEF5, 0x2024, 0x092D, 0x092D,
  0x092D, 0x092D, 0x2024, 0xDEF5, 0xDEF5, 0xDEF5, 0xDEF5, 0xDEF5, 0xDEF5, 0xDEF5, 0xDEF5, 0xDEF5,
  0x2024, 0x092D, 0x092D, 0x092D, 0x092D, 0x2024, 0xDEF5, 0xDEF5, 0xDEF5, 0x2024, 0x092D, 0x092D,
  0x092D, 0x092D, 0x092D, 0x092D, 0x092D, 0x092D, 0x092D, 0x092D, 0x092D, 0x092D, 0x092D, 0x092D,
  0x092D, 0x092D, 0x092D, 0x092D, 0x092D, 0x092D, 0x092D, 0x092D, 0x092D, 0x092D, 0x092D, 0x092D,
  0x092D, 0x092D, 0x092D, 0x092D, 0x092D, 0x092D, 0x092D, 0x092D, 0x092D, 0x092D, 0x092D, 0x092D,
  0x116F, 0x116F, 0x116F, 0x116F, 0x116F, 0x116F, 0x116F, 0x116F, 0x116F, 0x116F, 0x116F, 0x116F,
  0x116F, 0x116F, 0x116F, 0x116F, 0x116F, 0x116F, 0x116F, 0x116F, 0x116F, 0x116F, 0x116F, 0x116F,
  0x116F, 0x116F, 0x116F, 0x116F, 0x2825, 0xFFF9, 0xFFF9, 0xFFF9, 0xFFF9, 0xFFF9, 0xFFF9, 0xFFF9,
  0xFFF9, 0xFFF9, 0x2825, 0x116F, 0x116F, 0x116F, 0x116F, 0x116F, 0x116F, 0x116F, 0x2825, 0xFFF9,
  0xFFF9, 0xFFF9, 0xFFF9, 0xFFF9, 0xFFF9, 0xFFF9, 0xFFF9, 0xFFF9, 0x2825, 0x116F, 0x116F, 0x116F,
  0x116F, 0x2825, 0xFFF9, 0xFFF9, 0xFFF9, 0xFFF9, 0xFFF9, 0xFFF9, 0xFFF9, 0xFFF9, 0xFFF9, 0xFFF9,
  0xFFF9, 0xFFF9, 0x2825, 0x116F, 0x116F, 0x116F, 0x116F, 0x2825, 0xFFF9, 0xFFF9, 0xFFF9, 0xFFF9,
  0xFFF9, 0xFFF9, 0xFFF9, 0xFFF9, 0xFFF9, 0xFFF9, 0xFFF9, 0xFFF9, 0x2825, 0x116F, 0x116F, 0x116F,
  0x116F, 0x2825, 0xFFF9, 0xFFF9, 0xFFF9, 0xFFF9, 0xFFF9, 0xFFF9, 0xFFF9, 0xFFF9, 0xFFF9, 0xFFF9,
  0xFFF9, 0xFFF9, 0xFFF9, 0xFFF9, 0xFFF9, 0x2825, 0x116F, 0x2825, 0xFFF9, 0xFFF9, 0xFFF9, 0xFFF9,
  0xFFF9, 0xFFF9, 0xFFF9, 0xFFF9, 0xFFF9, 0xFFF9, 0xFFF9, 0xFFF9, 0x2825, 0x116F, 0x116F, 0x116F,
  0x116F, 0x116F, 0x116F, 0x116F, 0x2825, 0xFFF9, 0xFFF9, 0xFFF9, 0xFFF9, 0xFFF9, 0xFFF9, 0xFFF9,
  0xFFF9, 0xFFF9, 0x2825, 0x116F, 0x116F, 0x116F, 0x116F, 0x116F, 0x116F, 0x116F, 0x116F, 0x116F,
  0x116F, 0x116F, 0x116F, 0x116F, 0x116F, 0x116F, 0x116F, 0x116F, 0x116F, 0x116F, 0x116F, 0x116F,
  0x116F, 0x2825, 0xFFF9, 0xFFF9, 0xFFF9, 0xFFF9, 0xFFF9, 0xFFF9, 0xFFF9, 0xFFF9, 0xFFF9, 0xFFF9,
  0xFFF9, 0xFFF9, 0x2825, 0x116F, 0x116F, 0x116F, 0x116F, 0x116F, 0x116F, 0x116F, 0x2825, 0xFFF9,
  0xFFF9, 0xFFF9, 0xFFF9, 0xFFF9, 0xFFF9, 0xFFF9, 0xFFF9, 0xFFF9, 0x2825, 0x116F, 0x116F, 0x116F,
  0x116F, 0x116F, 0x116F, 0x116F, 0x2825, 0xFFF9, 0xFFF9, 0xFFF9, 0xFFF9, 0xFFF9, 0xFFF9, 0xFFF9,
  0xFFF9, 0xFFF9, 0x2825, 0x116F, 0x116F, 0x116F, 0x116F, 0x116F, 0x116F, 0x116F, 0x2825, 0xFFF9,
  0xFFF9, 0xFFF9, 0xFFF9, 0xFFF9, 0xFFF9, 0xFFF9, 0xFFF9, 0xFFF9, 0x2825, 0x116F, 0x116F, 0x116F,
  0x116F, 0x2825, 0xFFF9, 0xFFF9, 0xFFF9, 0xFFF9, 0xFFF9, 0xFFF9, 0xFFF9, 0xFFF9, 0xFFF9, 0xFFF9,
  0xFFF9, 0xFFF9, 0xFFF9, 0xFFF9, 0xFFF9, 0x2825, 0x116F, 0x116F, 0x116F, 0x116F, 0x2825, 0xFFF9,
  0xFFF9, 0xFFF9, 0xFFF9, 0xFFF9, 0xFFF9, 0xFFF9, 0xFFF9, 0xFFF9, 0x2825, 0x116F, 0x116F, 0x116F,
  0x116F, 0x2825, 0xFFF9, 0xFFF9, 0xFFF9, 0x2825, 0x116F, 0x116F, 0x116F, 0x116F, 0x116F, 0x116F,
  0x116F, 0x116F, 0x116F, 0x116F, 0x116F, 0x116F, 0x116F, 0x116F, 0x116F, 0x116F, 0x116F, 0x116F,
  0x116F, 0x116F, 0x116F, 0x116F, 0x116F, 0x116F, 0x116F, 0x116F, 0x116F, 0x116F, 0x116F, 0x116F,
  0x116F, 0x116F, 0x116F, 0x116F, 0x116F, 0x116F, 0x116F, 0x116F, 0x092D, 0x092D, 0x092D, 0x092D,
  0x092D, 0x092D, 0x092D, 0x092D, 0x092D, 0x092D, 0x092D, 0x092D, 0x092D, 0x092D, 0x092D, 0x092D,
  0x092D, 0x092D, 0x092D, 0x092D, 0x092D, 0x092D, 0x092D, 0x092D, 0x092D, 0x2024, 0x2024, 0x2024,
  0x2024, 0xDEF5, 0xDEF5, 0xDEF5, 0xDEF5, 0xDEF5, 0xDEF5, 0xDEF5, 0xDEF5, 0xDEF5, 0x2024, 0x2024,
  0x2024, 0x2024, 0x092D, 0x2024, 0x2024, 0x2024, 0x2024, 0xDEF5, 0xDEF5, 0xDEF5, 0xDEF5, 0xDEF5,
  0xDEF5, 0xDEF5, 0xDEF5, 0xDEF5, 0x2024, 0x2024, 0x2024, 0x2024, 0x092D, 0x2024, 0xDEF5, 0xDEF5,
  0xDEF5, 0xDEF5, 0xDEF5, 0xDEF5, 0xDEF5, 0xDEF5, 0xDEF5, 0xDEF5, 0xDEF5, 0xDEF5, 0x2024, 0x2024,
  0x2024, 0x2024, 0x092D, 0x2024, 0xDEF5, 0xDEF5, 0xDEF5, 0xDEF5, 0xDEF5, 0xDEF5, 0xDEF5, 0xDEF5,
  0xDEF5, 0xDEF5, 0xDEF5, 0xDEF5, 0x2024, 0x2024, 0x2024, 0x2024, 0x092D, 0x2024, 0xDEF5, 0xDEF5,
  0xDEF5, 0xDEF5, 0xDEF5, 0xDEF5, 0xDEF5, 0xDEF5, 0xDEF5, 0xDEF5, 0xDEF5, 0xDEF5, 0xDEF5, 0xDEF5,
  0xDEF5, 0x2024, 0x8066, 0x2024, 0xDEF5, 0xDEF5, 0xDEF5, 0xDEF5, 0xDEF5, 0xDEF5, 0xDEF5, 0xDEF5,
  0xDEF5, 0xDEF5, 0xDEF5, 0xDEF5, 0x2024, 0x2024, 0x2024, 0x2024, 0x092D, 0x2024, 0x2024, 0x2024,
  0x2024, 0xDEF5, 0xDEF5, 0xDEF5, 0xDEF5, 0xDEF5, 0xDEF5, 0xDEF5, 0xDEF5, 0xDEF5, 0x2024, 0x2024,
  0x2024, 0x2024, 0x092D, 0x092D, 0x092D, 0x092D, 0x092D, 0x092D, 0x092D, 0x092D, 0x092D, 0x092D,
  0x092D, 0x092D, 0x092D, 0x092D, 0x092D, 0x092D, 0x092D, 0x092D, 0x092D, 0x2024, 0xDEF5, 0xDEF5,
  0xDEF5, 0xDEF5, 0xDEF5, 0xDEF5, 0xDEF5, 0xDEF5, 0xDEF5, 0xDEF5, 0xDEF5, 0xDEF5, 0x2024, 0x2024,
  0x2024, 0x2024, 0x092D, 0x092D, 0x092D, 0x092D, 0x2024, 0xDEF5, 0xDEF5, 0xDEF5, 0xDEF5, 0xDEF5,
  0xDEF5, 0xDEF5, 0xDEF5, 0xDEF5, 0x2024, 0x8066, 0x8066, 0x8066, 0x092D, 0x2024, 0x2024, 0x2024,
  0x2024, 0xDEF5, 0xDEF5, 0xDEF5, 0xDEF5, 0xDEF5, 0xDEF5, 0xDEF5, 0xDEF5, 0xDEF5, 0x2024, 0x2024,
  0x2024, 0x2024, 0x092D, 0x092D, 0x092D, 0x092D, 0x2024, 0xDEF5, 0xDEF5, 0xDEF5, 0xDEF5, 0xDEF5,
  0xDEF5, 0xDEF5, 0xDEF5, 0xDEF5, 0x2024, 0x8066, 0x8066, 0x8066, 0x092D, 0x2024, 0xDEF5, 0xDEF5,
  0xDEF5, 0xDEF5, 0xDEF5, 0xDEF5, 0xDEF5, 0xDEF5, 0xDEF5, 0xDEF5, 0xDEF5, 0xDEF5, 0xDEF5, 0xDEF5,
  0xDEF5, 0x2024, 0x8066, 0x2024, 0x2024, 0x2024, 0x2024, 0xDEF5, 0xDEF5, 0xDEF5, 0xDEF5, 0xDEF5,
  0xDEF5, 0xDEF5, 0xDEF5, 0xDEF5, 0x2024, 0x2024, 0x2024, 0x2024, 0x092D, 0x2024, 0xDEF5, 0xDEF5,
  0xDEF5, 0x2024, 0x8066, 0x8066, 0x8066, 0x092D, 0x092D, 0x092D, 0x092D, 0x092D, 0x092D, 0x092D,
  0x092D, 0x092D, 0x092D, 0x092D, 0x092D, 0x092D, 0x092D, 0x092D, 0x092D, 0x092D, 0x092D, 0x092D,
  0x092D, 0x092D, 0x092D, 0x092D, 0x092D, 0x092D, 0x092D, 0x092D, 0x092D, 0x092D, 0x092D, 0x092D,
  0x092D, 0x092D, 0x092D, 0x092D, 0x116F, 0x116F, 0x116F, 0x116F, 0x116F, 0x116F, 0x116F, 0x116F,
  0x116F, 0x116F, 0x116F, 0x116F, 0x116F, 0x116F, 0x116F, 0x116F, 0x116F, 0x116F, 0x116F, 0x116F,
  0x116F, 0x116F, 0x116F, 0x116F, 0x116F, 0x2825, 0xFF47, 0xFF47, 0xFF47, 0x2825, 0x2825, 0x2825,
  0x2825, 0x2825, 0x2825, 0x2825, 0x2825, 0x2825, 0xFF47, 0xFF47, 0xFF47, 0x2825, 0x116F, 0x2825,
  0xFF47, 0xFF47, 0xFF47, 0x2825, 0x2825, 0x2825, 0x2825, 0x2825, 0x2825, 0x2825, 0x2825, 0x2825,
  0xFF47, 0xFF47, 0xFF47, 0x2825, 0x116F, 0x2825, 0xFF47, 0xFF47, 0xFF47, 0x2825, 0x2825, 0x2825,
  0x2825, 0x2825, 0x2825, 0x2825, 0x2825, 0x2825, 0xFF47, 0xFF47, 0xFF47, 0x2825, 0x116F, 0x2825,
  0xFF47, 0xFF47, 0xFF47, 0x2825, 0x2825, 0x2825, 0x2825, 0x2825, 0x2825, 0x2825, 0x2825, 0x2825,
  0xFF47, 0xFF47, 0xFF47, 0x2825, 0x116F, 0x2825, 0xFF47, 0xFF47, 0xFF47, 0x2825, 0x2825, 0x2825,
  0x2825, 0x2825, 0x2825, 0x2825, 0x2825, 0x2825, 0x2825, 0x2825, 0x2825, 0x2825, 0x9087, 0x2825,
  0xFF47, 0xFF47, 0xFF47, 0x2825, 0x2825, 0x2825, 0x2825, 0x2825, 0x2825, 0x2825, 0x2825, 0x2825,
  0xFF47, 0xFF47, 0xFF47, 0x2825, 0x116F, 0x2825, 0xFF47, 0xFF47, 0xFF47, 0x2825, 0x2825, 0x2825,
  0x2825, 0x2825, 0x2825, 0x2825, 0x2825, 0x2825, 0xFF47, 0xFF47, 0xFF47, 0x2825, 0x116F, 0x116F,
  0x116F, 0x116F, 0x116F, 0x116F, 0x116F, 0x116F, 0x116F, 0x116F, 0x116F, 0x116F, 0x116F, 0x116F,
  0x116F, 0x116F, 0x116F, 0x116F, 0x116F, 0x2825, 0xFF47, 0xFF47, 0xFF47, 0x2825, 0x2825, 0x2825,
  0x2825, 0x2825, 0x2825, 0x2825, 0x2825, 0x2825, 0xFF47, 0xFF47, 0xFF47, 0x2825, 0x116F, 0x116F,
  0x116F, 0x116F, 0x2825, 0x2825, 0x2825, 0x2825, 0xFF47, 0xFF47, 0xFF47, 0x2825, 0x2825, 0x2825,
  0x2825, 0x9087, 0x9087, 0x9087, 0x116F, 0x2825, 0xFF47, 0xFF47, 0xFF47, 0x2825, 0x2825, 0x2825,
  0x2825, 0x2825, 0x2825, 0x2825, 0x2825, 0x2825, 0xFF47, 0xFF47, 0xFF47, 0x2825, 0x116F, 0x116F,
  0x116F, 0x116F, 0x2825, 0x2825, 0x2825, 0x2825, 0xFF47, 0xFF47, 0xFF47, 0x2825, 0x2825, 0x2825,
  0x2825, 0x9087, 0x9087, 0x9087, 0x116F, 0x2825, 0x2825, 0x2825, 0x2825, 0x2825, 0x2825, 0x2825,
  0xFF47, 0xFF47, 0xFF47, 0x2825, 0x2825, 0x2825, 0x2825, 0x2825, 0x2825, 0x2825, 0x9087, 0x2825,
  0xFF47, 0xFF47, 0xFF47, 0x2825, 0x2825, 0x2825, 0x2825, 0x2825, 0x2825, 0x2825, 0x2825, 0x2825,
  0xFF47, 0xFF47, 0xFF47, 0x2825, 0x116F, 0x2825, 0xFF47, 0xFF47, 0xFF47, 0x2825, 0x9087, 0x9087,
  0x9087, 0x116F, 0x116F, 0x116F, 0x116F, 0x116F, 0x116F, 0x116F, 0x116F, 0x116F, 0x116F, 0x116F,
  0x116F, 0x116F, 0x116F, 0x116F, 0x116F, 0x116F, 0x116F, 0x116F, 0x116F, 0x116F, 0x116F, 0x116F,
  0x116F, 0x116F, 0x116F, 0x116F, 0x116F, 0x116F, 0x116F, 0x116F, 0x116F, 0x116F, 0x116F, 0x116F,
  0x092D, 0x092D, 0x092D, 0x092D, 0x092D, 0x092D, 0x092D, 0x092D, 0x092D, 0x092D, 0x092D, 0x092D,
  0x092D, 0x092D, 0x092D, 0x092D, 0x092D, 0x092D, 0x092D, 0x092D, 0x092D, 0x092D, 0x092D, 0x092D,
  0x092D, 0x2024, 0xDE46, 0xDE46, 0xDE46, 0x2024, 0x092D, 0x8066, 0x8066, 0x8066, 0x8066, 0x8066,
  0x8066, 0x2024, 0xDE46, 0xDE46, 0xDE46, 0x2024, 0x092D, 0x2024, 0xDE46, 0xDE46, 0xDE46, 0x2024,
  0x092D, 0x8066, 0x8066, 0x8066, 0x8066, 0x8066, 0x8066, 0x2024, 0xDE46, 0xDE46, 0xDE46, 0x2024,
  0x092D, 0x2024, 0xDE46, 0xDE46, 0xDE46, 0x2024, 0x8066, 0x8066, 0x8066, 0x8066, 0x8066, 0x8066,
  0x8066, 0x2024, 0xDE46, 0xDE46, 0xDE46, 0x2024, 0x092D, 0x2024, 0xDE46, 0xDE46, 0xDE46, 0x2024,
  0x8066, 0x8066, 0x8066, 0x8066, 0x8066, 0x8066, 0x8066, 0x2024, 0xDE46, 0xDE46, 0xDE46, 0x2024,
  0x092D, 0x2024, 0xDE46, 0xDE46, 0xDE46, 0x2024, 0x8066, 0x8066, 0x8066, 0x8066, 0x8066, 0x8066,
  0x8066, 0x8066, 0x8066, 0x8066, 0x8066, 0x8066, 0x8066, 0x2024, 0xDE46, 0xDE46, 0xDE46, 0x2024,
  0x8066, 0x8066, 0x8066, 0x8066, 0x8066, 0x8066, 0x8066, 0x2024, 0xDE46, 0xDE46, 0xDE46, 0x2024,
  0x092D, 0x2024, 0xDE46, 0xDE46, 0xDE46, 0x2024, 0x092D, 0x8066, 0x8066, 0x8066, 0x8066, 0x8066,
  0x8066, 0x2024, 0xDE46, 0xDE46, 0xDE46, 0x2024, 0x092D, 0x092D, 0x092D, 0x092D, 0x092D, 0x092D,
  0x092D, 0x092D, 0x092D, 0x092D, 0x092D, 0x092D, 0x092D, 0x092D, 0x092D, 0x092D, 0x092D, 0x092D,
  0x092D, 0x2024, 0xDE46, 0xDE46, 0xDE46, 0x2024, 0x8066, 0x8066, 0x8066, 0x8066, 0x8066, 0x8066,
  0x8066, 0x2024, 0xDE46, 0xDE46, 0xDE46, 0x2024, 0x092D, 0x092D, 0x092D, 0x092D, 0x092D, 0x092D,
  0x092D, 0x2024, 0xDE46, 0xDE46, 0xDE46, 0x2024, 0x8066, 0x8066, 0x8066, 0x8066, 0x8066, 0x8066,
  0x092D, 0x2024, 0xDE46, 0xDE46, 0xDE46, 0x2024, 0x092D, 0x8066, 0x8066, 0x8066, 0x8066, 0x8066,
  0x8066, 0x2024, 0xDE46, 0xDE46, 0xDE46, 0x2024, 0x092D, 0x092D, 0x092D, 0x092D, 0x092D, 0x092D,
  0x092D, 0x2024, 0xDE46, 0xDE46, 0xDE46, 0x2024, 0x8066, 0x8066, 0x8066, 0x8066, 0x8066, 0x8066,
  0x092D, 0x092D, 0x092D, 0x092D, 0x8066, 0x8066, 0x8066, 0x2024, 0xDE46, 0xDE46, 0xDE46, 0x2024,
  0x8066, 0x8066, 0x8066, 0x8066, 0x8066, 0x8066, 0x8066, 0x2024, 0xDE46, 0xDE46, 0xDE46, 0x2024,
  0x092D, 0x8066, 0x8066, 0x8066, 0x8066, 0x8066, 0x8066, 0x2024, 0xDE46, 0xDE46, 0xDE46, 0x2024,
  0x092D, 0x2024, 0xDE46, 0xDE46, 0xDE46, 0x2024, 0x8066, 0x8066, 0x8066, 0x092D, 0x092D, 0x092D,
  0x092D, 0x092D, 0x092D, 0x092D, 0x092D, 0x092D, 0x092D, 0x092D, 0x092D, 0x092D, 0x092D, 0x092D,
  0x092D, 0x092D, 0x092D, 0x092D, 0x092D, 0x092D, 0x092D, 0x092D, 0x092D, 0x092D, 0x092D, 0x092D,
  0x092D, 0x092D, 0x092D, 0x092D, 0x092D, 0x092D, 0x092D, 0x092D, 0x116F, 0x116F, 0x116F, 0x116F,
  0x116F, 0x116F, 0x116F, 0x116F, 0x116F, 0x116F, 0x116F, 0x116F, 0x116F, 0x116F, 0x116F, 0x116F,
  0x116F, 0x116F, 0x116F, 0x116F, 0x116F, 0x116F, 0x116F, 0x116F, 0x116F, 0x2825, 0xFF47, 0xFF47,
  0xFF47, 0x2825, 0x9087, 0x9087, 0x9087, 0x9087, 0x9087, 0x9087, 0x9087, 0x2825, 0xFF47, 0xFF47,
  0xFF47, 0x2825, 0x9087, 0x2825, 0xFF47, 0xFF47, 0xFF47, 0x2825, 0x9087, 0x9087, 0x9087, 0x9087,
  0x9087, 0x9087, 0x9087, 0x2825, 0xFF47, 0xFF47, 0xFF47, 0x2825, 0x9087, 0x2825, 0xFF47, 0xFF47,
  0xFF47, 0x2825, 0x9087, 0x9087, 0x9087, 0x9087, 0x9087, 0x9087, 0x9087, 0x2825, 0xFF47, 0xFF47,
  0xFF47, 0x2825, 0x9087, 0x2825, 0xFF47, 0xFF47, 0xFF47, 0x2825, 0x9087, 0x9087, 0x9087, 0x9087,
  0x9087, 0x9087, 0x9087, 0x2825, 0xFF47, 0xFF47, 0xFF47, 0x2825, 0x9087, 0x2825, 0xFF47, 0xFF47,
  0xFF47, 0x2825, 0x9087, 0x9087, 0x9087, 0x9087, 0x9087, 0x9087, 0x9087, 0x9087, 0x9087, 0x9087,
  0x9087, 0x9087, 0x9087, 0x2825, 0xFF47, 0xFF47, 0xFF47, 0x2825, 0x9087, 0x9087, 0x9087, 0x9087,
  0x9087, 0x9087, 0x9087, 0x2825, 0xFF47, 0xFF47, 0xFF47, 0x2825, 0x9087, 0x2825, 0xFF47, 0xFF47,
  0xFF47, 0x2825, 0x9087, 0x9087, 0x9087, 0x9087, 0x9087, 0x9087, 0x9087, 0x2825, 0xFF47, 0xFF47,
  0xFF47, 0x2825, 0x9087, 0x9087, 0x9087, 0x116F, 0x116F, 0x116F, 0x116F, 0x116F, 0x116F, 0x116F,
  0x116F, 0x116F, 0x116F, 0x116F, 0x116F, 0x116F, 0x116F, 0x116F, 0x116F, 0x2825, 0xFF47, 0xFF47,
  0xFF47, 0x2825, 0x9087, 0x9087, 0x9087, 0x9087, 0x9087, 0x9087, 0x9087, 0x2825, 0xFF47, 0xFF47,
  0xFF47, 0x2825, 0x9087, 0x9087, 0x9087, 0x116F, 0x116F, 0x116F, 0x116F, 0x2825, 0xFF47, 0xFF47,
  0xFF47, 0x2825, 0x9087, 0x9087, 0x9087, 0x9087, 0x9087, 0x9087, 0x116F, 0x2825, 0xFF47, 0xFF47,
  0xFF47, 0x2825, 0x9087, 0x9087, 0x9087, 0x9087, 0x9087, 0x9087, 0x9087, 0x2825, 0xFF47, 0xFF47,
  0xFF47, 0x2825, 0x9087, 0x9087, 0x9087, 0x116F, 0x116F, 0x116F, 0x116F, 0x2825, 0xFF47, 0xFF47,
  0xFF47, 0x2825, 0x9087, 0x9087, 0x9087, 0x9087, 0x9087, 0x9087, 0x116F, 0x116F, 0x116F, 0x116F,
  0x9087, 0x9087, 0x9087, 0x2825, 0xFF47, 0xFF47, 0xFF47, 0x2825, 0x9087, 0x9087, 0x9087, 0x9087,
  0x9087, 0x9087, 0x9087, 0x2825, 0xFF47, 0xFF47, 0xFF47, 0x2825, 0x9087, 0x9087, 0x9087, 0x9087,
  0x9087, 0x9087, 0x9087, 0x2825, 0xFF47, 0xFF47, 0xFF47, 0x2825, 0x9087, 0x2825, 0xFF47, 0xFF47,
  0xFF47, 0x2825, 0x9087, 0x9087, 0x9087, 0x116F, 0x116F, 0x116F, 0x116F, 0x116F, 0x116F, 0x116F,
  0x116F, 0x116F, 0x116F, 0x116F, 0x116F, 0x116F, 0x116F, 0x116F, 0x116F, 0x116F, 0x116F, 0x116F,
  0x116F, 0x116F, 0x116F, 0x116F, 0x116F, 0x116F, 0x116F, 0x116F, 0x116F, 0x116F, 0x116F, 0x116F,
  0x116F, 0x116F, 0x116F, 0x116F, 0x092D, 0x092D, 0x092D, 0x092D, 0x092D, 0x092D, 0x092D, 0x092D,
  0x092D, 0x092D, 0x092D, 0x092D, 0x092D, 0x092D, 0x092D, 0x092D, 0x092D, 0x092D, 0x092D, 0x092D,
  0x092D, 0x092D, 0x092D, 0x092D, 0x092D, 0x2024, 0xDE46, 0xDE46, 0xDE46, 0x2024, 0x8066, 0x8066,
  0x8066, 0x8066, 0x8066, 0x8066, 0x8066, 0x2024, 0x2024, 0x2024, 0x2024, 0x2024, 0x8066, 0x2024,
  0xDE46, 0xDE46, 0xDE46, 0x2024, 0x8066, 0x8066, 0x8066, 0x8066, 0x8066, 0x8066, 0x8066, 0x2024,
  0xDE46, 0xDE46, 0xDE46, 0x2024, 0x8066, 0x2024, 0xDE46, 0xDE46, 0xDE46, 0x2024, 0x8066, 0x8066,
  0x8066, 0x8066, 0x8066, 0x8066, 0x8066, 0x2024, 0xDE46, 0xDE46, 0xDE46, 0x2024, 0x8066, 0x2024,
  0xDE46, 0xDE46, 0xDE46, 0x2024, 0x8066, 0x8066, 0x8066, 0x8066, 0x8066, 0x8066, 0x8066, 0x2024,
  0xDE46, 0xDE46, 0xDE46, 0x2024, 0x8066, 0x2024, 0xDE46, 0xDE46, 0xDE46, 0x2024, 0x8066, 0x8066,
  0x8066, 0x8066, 0x8066, 0x8066, 0x8066, 0x8066, 0x8066, 0x8066, 0x8066, 0x8066, 0x8066, 0x2024,
  0xDE46, 0xDE46, 0xDE46, 0x2024, 0x8066, 0x8066, 0x8066, 0x8066, 0x8066, 0x8066, 0x8066, 0x2024,
  0xDE46, 0xDE46, 0xDE46, 0x2024, 0x8066, 0x2024, 0xDE46, 0xDE46, 0xDE46, 0x2024, 0x8066, 0x8066,
  0x8066, 0x8066, 0x8066, 0x8066, 0x8066, 0x2024, 0xDE46, 0xDE46, 0xDE46, 0x2024, 0x8066, 0x8066,
  0x8066, 0x092D, 0x092D, 0x092D, 0x092D, 0x092D, 0x092D, 0x092D, 0x092D, 0x092D, 0x092D, 0x092D,
  0x092D, 0x092D, 0x092D, 0x092D, 0x092D, 0x2024, 0xDE46, 0xDE46, 0xDE46, 0x2024, 0x8066, 0x8066,
  0x8066, 0x8066, 0x8066, 0x8066, 0x8066, 0x2024, 0xDE46, 0xDE46, 0xDE46, 0x2024, 0x8066, 0x8066,
  0x8066, 0x092D, 0x092D, 0x092D, 0x092D, 0x2024, 0xDE46, 0xDE46, 0xDE46, 0x2024, 0x8066, 0x8066,
  0x8066, 0x8066, 0x8066, 0x8066, 0x092D, 0x2024, 0xDE46, 0xDE46, 0xDE46, 0x2024, 0x8066, 0x8066,
  0x8066, 0x8066, 0x8066, 0x8066, 0x8066, 0x2024, 0x2024, 0x2024, 0x2024, 0x2024, 0x8066, 0x8066,
  0x8066, 0x092D, 0x092D, 0x092D, 0x092D, 0x2024, 0xDE46, 0xDE46, 0xDE46, 0x2024, 0x8066, 0x8066,
  0x8066, 0x8066, 0x8066, 0x8066, 0x092D, 0x092D, 0x092D, 0x092D, 0x8066, 0x8066, 0x8066, 0x2024,
  0xDE46, 0xDE46, 0xDE46, 0x2024, 0x8066, 0x8066, 0x8066, 0x8066, 0x8066, 0x8066, 0x8066, 0x2024,
  0xDE46, 0xDE46, 0xDE46, 0x2024, 0x8066, 0x8066, 0x8066, 0x8066, 0x8066, 0x8066, 0x8066, 0x2024,
  0xDE46, 0xDE46, 0xDE46, 0x2024, 0x8066, 0x2024, 0xDE46, 0xDE46, 0xDE46, 0x2024, 0x8066, 0x8066,
  0x8066, 0x092D, 0x092D, 0x092D, 0x092D, 0x092D, 0x092D, 0x092D, 0x092D, 0x092D, 0x092D, 0x092D,
  0x092D, 0x092D, 0x092D, 0x092D, 0x092D, 0x092D, 0x092D, 0x092D, 0x092D, 0x092D, 0x092D, 0x092D,
  0x092D, 0x092D, 0x092D, 0x092D, 0x092D, 0x092D, 0x092D, 0x092D, 0x092D, 0x092D, 0x092D, 0x092D,
  0x116F, 0x116F, 0x116F, 0x116F, 0x116F, 0x116F, 0x116F, 0x116F, 0x116F, 0x116F, 0x116F, 0x116F,
  0x116F, 0x116F, 0x116F, 0x116F, 0x116F, 0x116F, 0x116F, 0x116F, 0x116F, 0x116F, 0x116F, 0x116F,
  0x116F, 0x2825, 0xFF47, 0xFF47, 0xFF47, 0x2825, 0x9087, 0x9087, 0x9087, 0x116F, 0x116F, 0x116F,
  0x116F, 0x116F, 0x116F, 0x116F, 0x9087, 0x9087, 0x9087, 0x2825, 0xFF47, 0xFF47, 0xFF47, 0x2825,
  0x9087, 0x9087, 0x9087, 0x116F, 0x116F, 0x116F, 0x116F, 0x2825, 0xFF47, 0xFF47, 0xFF47, 0x2825,
  0x9087, 0x2825, 0xFF47, 0xFF47, 0xFF47, 0x2825, 0x9087, 0x9087, 0x9087, 0x116F, 0x116F, 0x116F,
  0x116F, 0x2825, 0xFF47, 0xFF47, 0xFF47, 0x2825, 0x9087, 0x2825, 0xFF47, 0xFF47, 0xFF47, 0x2825,
  0x9087, 0x9087, 0x9087, 0x116F, 0x116F, 0x116F, 0x116F, 0x2825, 0xFF47, 0xFF47, 0xFF47, 0x2825,
  0x9087, 0x2825, 0xFF47, 0xFF47, 0xFF47, 0x2825, 0x9087, 0x9087, 0x9087, 0x116F, 0x116F, 0x116F,
  0x116F, 0x116F, 0x116F, 0x116F, 0x116F, 0x116F, 0x116F, 0x2825, 0xFF47, 0xFF47, 0xFF47, 0x2825,
  0x9087, 0x9087, 0x9087, 0x116F, 0x116F, 0x116F, 0x116F, 0x2825, 0xFF47, 0xFF47, 0xFF47, 0x2825,
  0x9087, 0x2825, 0xFF47, 0xFF47, 0xFF47, 0x2825, 0x9087, 0x9087, 0x9087, 0x116F, 0x116F, 0x116F,
  0x116F, 0x2825, 0xFF47, 0xFF47, 0xFF47, 0x2825, 0x9087, 0x9087, 0x9087, 0x116F, 0x116F, 0x116F,
  0x116F, 0x116F, 0x116F, 0x116F, 0x116F, 0x116F, 0x116F, 0x116F, 0x116F, 0x116F, 0x116F, 0x116F,
  0x116F, 0x2825, 0xFF47, 0xFF47, 0xFF47, 0x2825, 0x9087, 0x9087, 0x9087, 0x116F, 0x116F, 0x116F,
  0x116F, 0x2825, 0xFF47, 0xFF47, 0xFF47, 0x2825, 0x9087, 0x9087, 0x9087, 0x116F, 0x116F, 0x116F,
  0x116F, 0x2825, 0xFF47, 0xFF47, 0xFF47, 0x2825, 0x9087, 0x9087, 0x9087, 0x116F, 0x116F, 0x116F,
  0x116F, 0x2825, 0xFF47, 0xFF47, 0xFF47, 0x2825, 0x9087, 0x9087, 0x9087, 0x116F, 0x116F, 0x116F,
  0x116F, 0x116F, 0x116F, 0x116F, 0x9087, 0x9087, 0x9087, 0x9087, 0x9087, 0x116F, 0x116F, 0x116F,
  0x116F, 0x2825, 0xFF47, 0xFF47, 0xFF47, 0x2825, 0x9087, 0x9087, 0x9087, 0x116F, 0x116F, 0x116F,
  0x116F, 0x116F, 0x116F, 0x116F, 0x116F, 0x116F, 0x116F, 0x2825, 0xFF47, 0xFF47, 0xFF47, 0x2825,
  0x9087, 0x9087, 0x9087, 0x116F, 0x116F, 0x116F, 0x116F, 0x2825, 0xFF47, 0xFF47, 0xFF47, 0x2825,
  0x9087, 0x9087, 0x9087, 0x116F, 0x116F, 0x116F, 0x116F, 0x2825, 0xFF47, 0xFF47, 0xFF47, 0x2825,
  0x9087, 0x2825, 0xFF47, 0xFF47, 0xFF47, 0x2825, 0x9087, 0x9087, 0x9087, 0x116F, 0x116F, 0x116F,
  0x116F, 0x116F, 0x116F, 0x116F, 0x116F, 0x116F, 0x116F, 0x116F, 0x116F, 0x116F, 0x116F, 0x116F,
  0x116F, 0x116F, 0x116F, 0x116F, 0x116F, 0x116F, 0x116F, 0x116F, 0x116F, 0x116F, 0x116F, 0x116F,
  0x116F, 0x116F, 0x116F, 0x116F, 0x116F, 0x116F, 0x116F, 0x116F, 0x118F, 0x118F, 0x118F, 0x118F,
  0x118F, 0x118F, 0x118F, 0x118F, 0x118F, 0x118F, 0x118F, 0x118F, 0x118F, 0x118F, 0x118F, 0x118F,
  0x118F, 0x118F, 0x118F, 0x118F, 0x118F, 0x118F, 0x118F, 0x118F, 0x118F, 0x2024, 0xDE46, 0xDE46,
  0xDE46, 0x2024, 0x8066, 0x8066, 0x8066, 0x118F, 0x118F, 0x118F, 0x118F, 0x118F, 0x118F, 0x118F,
  0x8066, 0x8066, 0x8066, 0x2024, 0xDE46, 0xDE46, 0xDE46, 0x2024, 0x2024, 0x2024, 0x2024, 0x2024,
  0x2024, 0x2024, 0x2024, 0x2024, 0xDE46, 0xDE46, 0xDE46, 0x2024, 0x8066, 0x2024, 0xDE46, 0xDE46,
  0xDE46, 0x2024, 0x2024, 0x2024, 0x2024, 0x2024, 0x2024, 0x2024, 0x2024, 0x2024, 0xDE46, 0xDE46,
  0xDE46, 0x2024, 0x8066, 0x2024, 0xDE46, 0xDE46, 0xDE46, 0x2024, 0x2024, 0x2024, 0x2024, 0x2024,
  0x2024, 0x2024, 0x2024, 0x2024, 0xDE46, 0xDE46, 0xDE46, 0x2024, 0x8066, 0x2024, 0xDE46, 0xDE46,
  0xDE46, 0x2024, 0x2024, 0x2024, 0x2024, 0x2024, 0x2024, 0x2024, 0x2024, 0x2024, 0x2024, 0x118F,
  0x118F, 0x118F, 0x118F, 0x2024, 0xDE46, 0xDE46, 0xDE46, 0x2024, 0x2024, 0x2024, 0x2024, 0x2024,
  0x2024, 0x2024, 0x2024, 0x2024, 0xDE46, 0xDE46, 0xDE46, 0x2024, 0x8066, 0x2024, 0xDE46, 0xDE46,
  0xDE46, 0x2024, 0x2024, 0x2024, 0x2024, 0x2024, 0x2024, 0x2024, 0x2024, 0x2024, 0xDE46, 0xDE46,
  0xDE46, 0x2024, 0x8066, 0x8066, 0x8066, 0x118F, 0x118F, 0x118F, 0x118F, 0x118F, 0x118F, 0x118F,
  0x118F, 0x118F, 0x118F, 0x118F, 0x118F, 0x118F, 0x118F, 0x118F, 0x118F, 0x2024, 0xDE46, 0xDE46,
  0xDE46, 0x2024, 0x8066, 0x8066, 0x8066, 0x118F, 0x118F, 0x118F, 0x118F, 0x2024, 0xDE46, 0xDE46,
  0xDE46, 0x2024, 0x8066, 0x8066, 0x8066, 0x118F, 0x118F, 0x118F, 0x118F, 0x2024, 0xDE46, 0xDE46,
  0xDE46, 0x2024, 0x8066, 0x8066, 0x8066, 0x118F, 0x118F, 0x118F, 0x118F, 0x2024, 0xDE46, 0xDE46,
  0xDE46, 0x2024, 0x8066, 0x2024, 0x2024, 0x2024, 0x2024, 0x2024, 0x2024, 0x2024, 0x2024, 0x2024,
  0x2024, 0x2024, 0x8066, 0x8066, 0x8066, 0x118F, 0x118F, 0x118F, 0x118F, 0x2024, 0xDE46, 0xDE46,
  0xDE46, 0x2024, 0x8066, 0x8066, 0x8066, 0x118F, 0x118F, 0x118F, 0x118F, 0x118F, 0x118F, 0x118F,
  0x118F, 0x118F, 0x118F, 0x2024, 0xDE46, 0xDE46, 0xDE46, 0x2024, 0x8066, 0x8066, 0x8066, 0x118F,
  0x118F, 0x118F, 0x118F, 0x2024, 0xDE46, 0xDE46, 0xDE46, 0x2024, 0x2024, 0x2024, 0x2024, 0x2024,
  0x2024, 0x2024, 0x2024, 0x2024, 0xDE46, 0xDE46, 0xDE46, 0x2024, 0x8066, 0x2024, 0xDE46, 0xDE46,
  0xDE46, 0x2024, 0x8066, 0x8066, 0x8066, 0x118F, 0x118F, 0x118F, 0x118F, 0x118F, 0x118F, 0x118F,
  0x118F, 0x118F, 0x118F, 0x118F, 0x118F, 0x118F, 0x118F, 0x118F, 0x118F, 0x118F, 0x118F, 0x118F,
  0x118F, 0x118F, 0x118F, 0x118F, 0x118F, 0x118F, 0x118F, 0x118F, 0x118F, 0x118F, 0x118F, 0x118F,
  0x118F, 0x118F, 0x118F, 0x118F, 0x11D1, 0x11D1, 0x11D1, 0x11D1, 0x11D1, 0x11D1, 0x11D1, 0x11D1,
  0x11D1, 0x11D1, 0x11D1, 0x11D1, 0x11D1, 0x11D1, 0x11D1, 0x11D1, 0x11D1, 0x11D1, 0x11D1, 0x11D1,
  0x11D1, 0x11D1, 0x11D1, 0x11D1, 0x11D1, 0x2825, 0xFF47, 0xFF47, 0xFF47, 0x2825, 0x9087, 0x9087,
  0x9087, 0x11D1, 0x11D1, 0x11D1, 0x11D1, 0x11D1, 0x11D1, 0x11D1, 0x9087, 0x9087, 0x9087, 0x2825,
  0xFF47, 0xFF47, 0xFF47, 0xFF47, 0xFF47, 0xFF47, 0xFF47, 0xFF47, 0xFF47, 0xFF47, 0xFF47, 0xFF47,
  0xFF47, 0xFF47, 0xFF47, 0x2825, 0x9087, 0x2825, 0xFF47, 0xFF47, 0xFF47, 0xFF47, 0xFF47, 0xFF47,
  0xFF47, 0xFF47, 0xFF47, 0xFF47, 0xFF47, 0xFF47, 0x2825, 0x2825, 0x2825, 0x2825, 0x9087, 0x2825,
  0xFF47, 0xFF47, 0xFF47, 0xFF47, 0xFF47, 0xFF47, 0xFF47, 0xFF47, 0xFF47, 0xFF47, 0xFF47, 0xFF47,
  0x2825, 0x2825, 0x2825, 0x2825, 0x9087, 0x2825, 0xFF47, 0xFF47, 0xFF47, 0xFF47, 0xFF47, 0xFF47,
  0xFF47, 0xFF47, 0xFF47, 0xFF47, 0xFF47, 0xFF47, 0x2825, 0x11D1, 0x11D1, 0x11D1, 0x11D1, 0x2825,
  0xFF47, 0xFF47, 0xFF47, 0xFF47, 0xFF47, 0xFF47, 0xFF47, 0xFF47, 0xFF47, 0xFF47, 0xFF47, 0xFF47,
  0x2825, 0x2825, 0x2825, 0x2825, 0x9087, 0x2825, 0xFF47, 0xFF47, 0xFF47, 0xFF47, 0xFF47, 0xFF47,
  0xFF47, 0xFF47, 0xFF47, 0xFF47, 0xFF47, 0xFF47, 0xFF47, 0xFF47, 0xFF47, 0x2825, 0x9087, 0x9087,
  0x9087, 0x11D1, 0x11D1, 0x11D1, 0x11D1, 0x11D1, 0x11D1, 0x11D1, 0x11D1, 0x11D1, 0x11D1, 0x11D1,
  0x11D1, 0x11D1, 0x11D1, 0x11D1, 0x11D1, 0x2825, 0xFF47, 0xFF47, 0xFF47, 0x2825, 0x9087, 0x9087,
  0x9087, 0x11D1, 0x11D1, 0x11D1, 0x11D1, 0x2825, 0xFF47, 0xFF47, 0xFF47, 0x2825, 0x9087, 0x9087,
  0x9087, 0x11D1, 0x11D1, 0x11D1, 0x11D1, 0x2825, 0xFF47, 0xFF47, 0xFF47, 0x2825, 0x9087, 0x9087,
  0x9087, 0x11D1, 0x11D1, 0x11D1, 0x11D1, 0x2825, 0xFF47, 0xFF47, 0xFF47, 0x2825, 0x9087, 0x2825,
  0xFF47, 0xFF47, 0xFF47, 0xFF47, 0xFF47, 0xFF47, 0xFF47, 0xFF47, 0xFF47, 0x2825, 0x9087, 0x9087,
  0x9087, 0x11D1, 0x11D1, 0x11D1, 0x11D1, 0x2825, 0xFF47, 0xFF47, 0xFF47, 0x2825, 0x9087, 0x9087,
  0x9087, 0x11D1, 0x11D1, 0x11D1, 0x11D1, 0x11D1, 0x11D1, 0x11D1, 0x11D1, 0x11D1, 0x11D1, 0x2825,
  0xFF47, 0xFF47, 0xFF47, 0x2825, 0x9087, 0x9087, 0x9087, 0x11D1, 0x11D1, 0x11D1, 0x11D1, 0x2825,
  0xFF47, 0xFF47, 0xFF47, 0xFF47, 0xFF47, 0xFF47, 0xFF47, 0xFF47, 0xFF47, 0xFF47, 0xFF47, 0xFF47,
  0xFF47, 0xFF47, 0xFF47, 0x2825, 0x9087, 0x2825, 0xFF47, 0xFF47, 0xFF47, 0x2825, 0x9087, 0x9087,
  0x9087, 0x11D1, 0x11D1, 0x11D1, 0x11D1, 0x11D1, 0x11D1, 0x11D1, 0x11D1, 0x11D1, 0x11D1, 0x11D1,
  0x11D1, 0x11D1, 0x11D1, 0x11D1, 0x11D1, 0x11D1, 0x11D1, 0x11D1, 0x11D1, 0x11D1, 0x11D1, 0x11D1,
  0x11D1, 0x11D1, 0x11D1, 0x11D1, 0x11D1, 0x11D1, 0x11D1, 0x11D1, 0x11D1, 0x11D1, 0x11D1, 0x11D1,
  0x118F, 0x118F, 0x118F, 0x118F, 0x118F, 0x118F, 0x118F, 0x118F, 0x118F, 0x118F, 0x118F, 0x118F,
  0x118F, 0x118F, 0x118F, 0x118F, 0x118F, 0x118F, 0x118F, 0x118F, 0x118F, 0x118F, 0x118F, 0x118F,
  0x118F, 0x2024, 0xDE46, 0xDE46, 0xDE46, 0x2024, 0x8066, 0x8066, 0x8066, 0x118F, 0x118F, 0x118F,
  0x118F, 0x118F, 0x118F, 0x118F, 0x118F, 0x118F, 0x118F, 0x2024, 0xDE46, 0xDE46, 0xDE46, 0xDE46,
  0xDE46, 0xDE46, 0xDE46, 0xDE46, 0xDE46, 0xDE46, 0xDE46, 0xDE46, 0xDE46, 0xDE46, 0xDE46, 0x2024,
  0x8066, 0x2024, 0xDE46, 0xDE46, 0xDE46, 0xDE46, 0xDE46, 0xDE46, 0xDE46, 0xDE46, 0xDE46, 0xDE46,
  0xDE46, 0xDE46, 0x2024, 0x118F, 0x8066, 0x8066, 0x8066, 0x2024, 0xDE46, 0xDE46, 0xDE46, 0xDE46,
  0xDE46, 0xDE46, 0xDE46, 0xDE46, 0xDE46, 0xDE46, 0xDE46, 0xDE46, 0x2024, 0x118F, 0x8066, 0x8066,
  0x8066, 0x2024, 0xDE46, 0xDE46, 0xDE46, 0xDE46, 0xDE46, 0xDE46, 0xDE46, 0xDE46, 0xDE46, 0xDE46,
  0xDE46, 0xDE46, 0x2024, 0x118F, 0x118F, 0x118F, 0x118F, 0x2024, 0xDE46, 0xDE46, 0xDE46, 0xDE46,
  0xDE46, 0xDE46, 0xDE46, 0xDE46, 0xDE46, 0xDE46, 0xDE46, 0xDE46, 0x2024, 0x118F, 0x8066, 0x8066,
  0x8066, 0x2024, 0xDE46, 0xDE46, 0xDE46, 0xDE46, 0xDE46, 0xDE46, 0xDE46, 0xDE46, 0xDE46, 0xDE46,
  0xDE46, 0xDE46, 0xDE46, 0xDE46, 0xDE46, 0x2024, 0x8066, 0x8066, 0x8066, 0x118F, 0x118F, 0x118F,
  0x118F, 0x118F, 0x118F, 0x118F, 0x118F, 0x118F, 0x118F, 0x118F, 0x118F, 0x118F, 0x118F, 0x118F,
  0x118F, 0x2024, 0xDE46, 0xDE46, 0xDE46, 0x2024, 0x8066, 0x8066, 0x8066, 0x118F, 0x118F, 0x118F,
  0x118F, 0x2024, 0xDE46, 0xDE46, 0xDE46, 0x2024, 0x8066, 0x8066, 0x8066, 0x118F, 0x118F, 0x118F,
  0x118F, 0x2024, 0xDE46, 0xDE46, 0xDE46, 0x2024, 0x8066, 0x8066, 0x8066, 0x118F, 0x118F, 0x118F,
  0x118F, 0x2024, 0xDE46, 0xDE46, 0xDE46, 0x2024, 0x8066, 0x2024, 0xDE46, 0xDE46, 0xDE46, 0xDE46,
  0xDE46, 0xDE46, 0xDE46, 0xDE46, 0xDE46, 0x2024, 0x118F, 0x118F, 0x118F, 0x118F, 0x118F, 0x118F,
  0x118F, 0x2024, 0xDE46, 0xDE46, 0xDE46, 0x2024, 0x8066, 0x8066, 0x8066, 0x118F, 0x118F, 0x118F,
  0x118F, 0x118F, 0x118F, 0x118F, 0x118F, 0x118F, 0x118F, 0x2024, 0xDE46, 0xDE46, 0xDE46, 0x2024,
  0x8066, 0x8066, 0x8066, 0x118F, 0x118F, 0x118F, 0x118F, 0x2024, 0xDE46, 0xDE46, 0xDE46, 0xDE46,
  0xDE46, 0xDE46, 0xDE46, 0xDE46, 0xDE46, 0xDE46, 0xDE46, 0xDE46, 0xDE46, 0xDE46, 0xDE46, 0x2024,
  0x8066, 0x2024, 0xDE46, 0xDE46, 0xDE46, 0x2024, 0x8066, 0x8066, 0x8066, 0x118F, 0x118F, 0x118F,
  0x118F, 0x118F, 0x118F, 0x118F, 0x118F, 0x118F, 0x118F, 0x118F, 0x118F, 0x118F, 0x118F, 0x118F,
  0x118F, 0x118F, 0x118F, 0x118F, 0x118F, 0x118F, 0x118F, 0x118F, 0x118F, 0x118F, 0x118F, 0x118F,
  0x118F, 0x118F, 0x118F, 0x118F, 0x118F, 0x118F, 0x118F, 0x118F, 0x11D1, 0x11D1, 0x11D1, 0x11D1,
  0x11D1, 0x11D1, 0x11D1, 0x11D1, 0x11D1, 0x11D1, 0x11D1, 0x11D1, 0x11D1, 0x11D1, 0x11D1, 0x11D1,
  0x11D1, 0x11D1, 0x11D1, 0x11D1, 0x11D1, 0x11D1, 0x11D1, 0x11D1, 0x11D1, 0x2825, 0xFF47, 0xFF47,
  0xFF47, 0x2825, 0x9087, 0x9087, 0x9087, 0x11D1, 0x11D1, 0x11D1, 0x11D1, 0x11D1, 0x11D1, 0x11D1,
  0x11D1, 0x11D1, 0x11D1, 0x2825, 0xFF47, 0xFF47, 0xFF47, 0xFF47, 0xFF47, 0xFF47, 0xFF47, 0xFF47,
  0xFF47, 0xFF47, 0xFF47, 0xFF47, 0xFF47, 0xFF47, 0xFF47, 0x2825, 0x9087, 0x2825, 0xFF47, 0xFF47,
  0xFF47, 0xFF47, 0xFF47, 0xFF47, 0xFF47, 0xFF47, 0xFF47, 0xFF47, 0xFF47, 0xFF47, 0x2825, 0x9087,
  0x9087, 0x9087, 0x9087, 0x2825, 0xFF47, 0xFF47, 0xFF47, 0xFF47, 0xFF47, 0xFF47, 0xFF47, 0xFF47,
  0xFF47, 0xFF47, 0xFF47, 0xFF47, 0x2825, 0x9087, 0x9087, 0x9087, 0x9087, 0x2825, 0xFF47, 0xFF47,
  0xFF47, 0xFF47, 0xFF47, 0xFF47, 0xFF47, 0xFF47, 0xFF47, 0xFF47, 0xFF47, 0xFF47, 0x2825, 0x9087,
  0x9087, 0x9087, 0x11D1, 0x2825, 0xFF47, 0xFF47, 0xFF47, 0xFF47, 0xFF47, 0xFF47, 0xFF47, 0xFF47,
  0xFF47, 0xFF47, 0xFF47, 0xFF47, 0x2825, 0x9087, 0x9087, 0x9087, 0x9087, 0x2825, 0xFF47, 0xFF47,
  0xFF47, 0xFF47, 0xFF47, 0xFF47, 0xFF47, 0xFF47, 0xFF47, 0xFF47, 0xFF47, 0xFF47, 0xFF47, 0xFF47,
  0xFF47, 0x2825, 0x9087, 0x9087, 0x9087, 0x11D1, 0x11D1, 0x11D1, 0x11D1, 0x11D1, 0x11D1, 0x11D1,
  0x11D1, 0x11D1, 0x11D1, 0x11D1, 0x11D1, 0x11D1, 0x11D1, 0x11D1, 0x11D1, 0x2825, 0xFF47, 0xFF47,
  0xFF47, 0x2825, 0x9087, 0x9087, 0x9087, 0x11D1, 0x11D1, 0x11D1, 0x11D1, 0x2825, 0xFF47, 0xFF47,
  0xFF47, 0x2825, 0x9087, 0x9087, 0x9087, 0x11D1, 0x11D1, 0x11D1, 0x11D1, 0x2825, 0xFF47, 0xFF47,
  0xFF47, 0x2825, 0x9087, 0x9087, 0x9087, 0x11D1, 0x11D1, 0x11D1, 0x11D1, 0x2825, 0xFF47, 0xFF47,
  0xFF47, 0x2825, 0x9087, 0x2825, 0xFF47, 0xFF47, 0xFF47, 0xFF47, 0xFF47, 0xFF47, 0xFF47, 0xFF47,
  0xFF47, 0x2825, 0x9087, 0x9087, 0x9087, 0x11D1, 0x11D1, 0x11D1, 0x11D1, 0x2825, 0xFF47, 0xFF47,
  0xFF47, 0x2825, 0x9087, 0x9087, 0x9087, 0x11D1, 0x11D1, 0x11D1, 0x11D1, 0x11D1, 0x11D1, 0x11D1,
  0x11D1, 0x11D1, 0x11D1, 0x2825, 0xFF47, 0xFF47, 0xFF47, 0x2825, 0x9087, 0x9087, 0x9087, 0x11D1,
  0x11D1, 0x11D1, 0x11D1, 0x2825, 0xFF47, 0xFF47, 0xFF47, 0xFF47, 0xFF47, 0xFF47, 0xFF47, 0xFF47,
  0xFF47, 0xFF47, 0xFF47, 0xFF47, 0xFF47, 0xFF47, 0xFF47, 0x2825, 0x9087, 0x2825, 0xFF47, 0xFF47,
  0xFF47, 0x2825, 0x9087, 0x9087, 0x9087, 0x11D1, 0x11D1, 0x11D1, 0x11D1, 0x11D1, 0x11D1, 0x11D1,
  0x11D1, 0x11D1, 0x11D1, 0x11D1, 0x11D1, 0x11D1, 0x11D1, 0x11D1, 0x11D1, 0x11D1, 0x11D1, 0x11D1,
  0x11D1, 0x11D1, 0x11D1, 0x11D1, 0x11D1, 0x11D1, 0x11D1, 0x11D1, 0x11D1, 0x11D1, 0x11D1, 0x11D1,
  0x11D1, 0x11D1, 0x11D1, 0x11D1, 0x118F, 0x118F, 0x118F, 0x118F, 0x118F, 0x118F, 0x118F, 0x118F,
  0x118F, 0x118F, 0x118F, 0x118F, 0x118F, 0x118F, 0x118F, 0x118F, 0x118F, 0x118F, 0x118F, 0x118F,
  0x118F, 0x118F, 0x118F, 0x118F, 0x118F, 0x2024, 0xDBC3, 0xDBC3, 0xDBC3, 0x2024, 0x8066, 0x8066,
  0x8066, 0x118F, 0x118F, 0x118F, 0x118F, 0x118F, 0x118F, 0x118F, 0x118F, 0x118F, 0x118F, 0x2024,
  0xDBC3, 0xDBC3, 0xDBC3, 0x2024, 0x2024, 0x2024, 0x2024, 0x2024, 0x2024, 0x2024, 0x2024, 0x2024,
  0xDBC3, 0xDBC3, 0xDBC3, 0x2024, 0x8066, 0x2024, 0xDBC3, 0xDBC3, 0xDBC3, 0x2024, 0x2024, 0x2024,
  0xDBC3, 0xDBC3, 0xDBC3, 0x2024, 0x2024, 0x2024, 0x2024, 0x8066, 0x8066, 0x8066, 0x8066, 0x2024,
  0xDBC3, 0xDBC3, 0xDBC3, 0x2024, 0x2024, 0x2024, 0xDBC3, 0xDBC3, 0xDBC3, 0x2024, 0x2024, 0x2024,
  0x2024, 0x8066, 0x8066, 0x8066, 0x8066, 0x2024, 0xDBC3, 0xDBC3, 0xDBC3, 0x2024, 0x2024, 0x2024,
  0x2024, 0x2024, 0x2024, 0x2024, 0x2024, 0x2024, 0x2024, 0x8066, 0x8066, 0x8066, 0x118F, 0x2024,
  0xDBC3, 0xDBC3, 0xDBC3, 0x2024, 0x2024, 0x2024, 0xDBC3, 0xDBC3, 0xDBC3, 0x2024, 0x2024, 0x2024,
  0x2024, 0x8066, 0x8066, 0x8066, 0x8066, 0x2024, 0xDBC3, 0xDBC3, 0xDBC3, 0x2024, 0x2024, 0x2024,
  0x2024, 0x2024, 0x2024, 0x2024, 0x2024, 0x2024, 0xDBC3, 0xDBC3, 0xDBC3, 0x2024, 0x8066, 0x8066,
  0x8066, 0x118F, 0x118F, 0x118F, 0x118F, 0x118F, 0x118F, 0x118F, 0x118F, 0x118F, 0x118F, 0x118F,
  0x118F, 0x118F, 0x118F, 0x118F, 0x118F, 0x2024, 0xDBC3, 0xDBC3, 0xDBC3, 0x2024, 0x8066, 0x8066,
  0x8066, 0x118F, 0x118F, 0x118F, 0x118F, 0x2024, 0xDBC3, 0xDBC3, 0xDBC3, 0x2024, 0x8066, 0x8066,
  0x8066, 0x118F, 0x118F, 0x118F, 0x118F, 0x2024, 0xDBC3, 0xDBC3, 0xDBC3, 0x2024, 0x8066, 0x8066,
  0x8066, 0x118F, 0x118F, 0x118F, 0x118F, 0x2024, 0xDBC3, 0xDBC3, 0xDBC3, 0x2024, 0x8066, 0x2024,
  0x2024, 0x2024, 0x2024, 0x2024, 0x2024, 0x2024, 0xDBC3, 0xDBC3, 0xDBC3, 0x2024, 0x8066, 0x8066,
  0x8066, 0x118F, 0x118F, 0x118F, 0x118F, 0x2024, 0xDBC3, 0xDBC3, 0xDBC3, 0x2024, 0x8066, 0x8066,
  0x8066, 0x118F, 0x118F, 0x118F, 0x118F, 0x118F, 0x118F, 0x118F, 0x118F, 0x118F, 0x118F, 0x2024,
  0xDBC3, 0xDBC3, 0xDBC3, 0x2024, 0x8066, 0x8066, 0x8066, 0x118F, 0x118F, 0x118F, 0x118F, 0x2024,
  0xDBC3, 0xDBC3, 0xDBC3, 0x2024, 0x2024, 0x2024, 0x2024, 0x2024, 0x2024, 0x2024, 0x2024, 0x2024,
  0xDBC3, 0xDBC3, 0xDBC3, 0x2024, 0x8066, 0x2024, 0xDBC3, 0xDBC3, 0xDBC3, 0x2024, 0x8066, 0x8066,
  0x8066, 0x118F, 0x118F, 0x118F, 0x118F, 0x118F, 0x118F, 0x118F, 0x118F, 0x118F, 0x118F, 0x118F,
  0x118F, 0x118F, 0x118F, 0x118F, 0x118F, 0x118F, 0x118F, 0x118F, 0x118F, 0x118F, 0x118F, 0x118F,
  0x118F, 0x118F, 0x118F, 0x118F, 0x118F, 0x118F, 0x118F, 0x118F, 0x118F, 0x118F, 0x118F, 0x118F,
  0x11D1, 0x11D1, 0x11D1, 0x11D1, 0x11D1, 0x11D1, 0x11D1, 0x11D1, 0x11D1, 0x11D1, 0x11D1, 0x11D1,
  0x11D1, 0x11D1, 0x11D1, 0x11D1, 0x11D1, 0x11D1, 0x11D1, 0x11D1, 0x11D1, 0x11D1, 0x11D1, 0x11D1,
  0x11D1, 0x2825, 0xFC63, 0xFC63, 0xFC63, 0x2825, 0x9087, 0x9087, 0x9087, 0x11D1, 0x11D1, 0x11D1,
  0x11D1, 0x11D1, 0x11D1, 0x11D1, 0x11D1, 0x11D1, 0x11D1, 0x2825, 0xFC63, 0xFC63, 0xFC63, 0x2825,
  0x9087, 0x9087, 0x9087, 0x9087, 0x9087, 0x9087, 0x9087, 0x2825, 0xFC63, 0xFC63, 0xFC63, 0x2825,
  0x9087, 0x2825, 0xFC63, 0xFC63, 0xFC63, 0x2825, 0x9087, 0x2825, 0xFC63, 0xFC63, 0xFC63, 0x2825,
  0x9087, 0x9087, 0x9087, 0x9087, 0x9087, 0x9087, 0x11D1, 0x2825, 0xFC63, 0xFC63, 0xFC63, 0x2825,
  0x9087, 0x2825, 0xFC63, 0xFC63, 0xFC63, 0x2825, 0x9087, 0x9087, 0x9087, 0x9087, 0x9087, 0x9087,
  0x11D1, 0x2825, 0xFC63, 0xFC63, 0xFC63, 0x2825, 0x9087, 0x9087, 0x9087, 0x9087, 0x9087, 0x9087,
  0x9087, 0x9087, 0x9087, 0x9087, 0x9087, 0x9087, 0x11D1, 0x2825, 0xFC63, 0xFC63, 0xFC63, 0x2825,
  0x9087, 0x2825, 0xFC63, 0xFC63, 0xFC63, 0x2825, 0x9087, 0x9087, 0x9087, 0x9087, 0x9087, 0x9087,
  0x11D1, 0x2825, 0xFC63, 0xFC63, 0xFC63, 0x2825, 0x9087, 0x9087, 0x9087, 0x9087, 0x9087, 0x9087,
  0x9087, 0x2825, 0xFC63, 0xFC63, 0xFC63, 0x2825, 0x9087, 0x9087, 0x9087, 0x11D1, 0x11D1, 0x11D1,
  0x11D1, 0x11D1, 0x11D1, 0x11D1, 0x11D1, 0x11D1, 0x11D1, 0x11D1, 0x11D1, 0x11D1, 0x11D1, 0x11D1,
  0x11D1, 0x2825, 0xFC63, 0xFC63, 0xFC63, 0x2825, 0x9087, 0x9087, 0x9087, 0x11D1, 0x11D1, 0x11D1,
  0x11D1, 0x2825, 0xFC63, 0xFC63, 0xFC63, 0x2825, 0x9087, 0x9087, 0x9087, 0x11D1, 0x11D1, 0x11D1,
  0x11D1, 0x2825, 0xFC63, 0xFC63, 0xFC63, 0x2825, 0x9087, 0x9087, 0x9087, 0x11D1, 0x11D1, 0x11D1,
  0x11D1, 0x2825, 0xFC63, 0xFC63, 0xFC63, 0x2825, 0x9087, 0x9087, 0x9087, 0x11D1, 0x9087, 0x9087,
  0x9087, 0x2825, 0xFC63, 0xFC63, 0xFC63, 0x2825, 0x9087, 0x9087, 0x9087, 0x11D1, 0x11D1, 0x11D1,
  0x11D1, 0x2825, 0xFC63, 0xFC63, 0xFC63, 0x2825, 0x9087, 0x9087, 0x9087, 0x11D1, 0x11D1, 0x11D1,
  0x11D1, 0x11D1, 0x11D1, 0x11D1, 0x11D1, 0x11D1, 0x11D1, 0x2825, 0xFC63, 0xFC63, 0xFC63, 0x2825,
  0x9087, 0x9087, 0x9087, 0x11D1, 0x11D1, 0x11D1, 0x11D1, 0x2825, 0xFC63, 0xFC63, 0xFC63, 0x2825,
  0x9087, 0x9087, 0x9087, 0x9087, 0x9087, 0x9087, 0x9087, 0x2825, 0xFC63, 0xFC63, 0xFC63, 0x2825,
  0x9087, 0x2825, 0xFC63, 0xFC63, 0xFC63, 0x2825, 0x9087, 0x9087, 0x9087, 0x11D1, 0x11D1, 0x11D1,
  0x11D1, 0x11D1, 0x11D1, 0x11D1, 0x11D1, 0x11D1, 0x11D1, 0x11D1, 0x11D1, 0x11D1, 0x11D1, 0x11D1,
  0x11D1, 0x11D1, 0x11D1, 0x11D1, 0x11D1, 0x11D1, 0x11D1, 0x11D1, 0x11D1, 0x11D1, 0x11D1, 0x11D1,
  0x11D1, 0x11D1, 0x11D1, 0x11D1, 0x11D1, 0x11D1, 0x11D1, 0x11D1, 0x118F, 0x118F, 0x118F, 0x118F,
  0x118F, 0x118F, 0x118F, 0x118F, 0x118F, 0x118F, 0x118F, 0x118F, 0x118F, 0x118F, 0x118F, 0x118F,
  0x118F, 0x118F, 0x118F, 0x118F, 0x118F, 0x118F, 0x118F, 0x118F, 0x118F, 0x2024, 0xDBC3, 0xDBC3,
  0xDBC3, 0x2024, 0x8066, 0x8066, 0x8066, 0x118F, 0x118F, 0x118F, 0x118F, 0x2024, 0x2024, 0x2024,
  0x2024, 0x2024, 0x118F, 0x2024, 0xDBC3, 0xDBC3, 0xDBC3, 0x2024, 0x8066, 0x8066, 0x8066, 0x8066,
  0x8066, 0x8066, 0x8066, 0x2024, 0xDBC3, 0xDBC3, 0xDBC3, 0x2024, 0x8066, 0x2024, 0xDBC3, 0xDBC3,
  0xDBC3, 0x2024, 0x8066, 0x2024, 0xDBC3, 0xDBC3, 0xDBC3, 0x2024, 0x2024, 0x2024, 0x2024, 0x8066,
  0x8066, 0x8066, 0x118F, 0x2024, 0xDBC3, 0xDBC3, 0xDBC3, 0x2024, 0x8066, 0x2024, 0xDBC3, 0xDBC3,
  0xDBC3, 0x2024, 0x2024, 0x2024, 0x2024, 0x8066, 0x8066, 0x8066, 0x118F, 0x2024, 0xDBC3, 0xDBC3,
  0xDBC3, 0x2024, 0x8066, 0x8066, 0x8066, 0x8066, 0x8066, 0x8066, 0x8066, 0x8066, 0x8066, 0x8066,
  0x8066, 0x8066, 0x118F, 0x2024, 0xDBC3, 0xDBC3, 0xDBC3, 0x2024, 0x8066, 0x2024, 0xDBC3, 0xDBC3,
  0xDBC3, 0x2024, 0x2024, 0x2024, 0x2024, 0x8066, 0x8066, 0x8066, 0x118F, 0x2024, 0xDBC3, 0xDBC3,
  0xDBC3, 0x2024, 0x8066, 0x8066, 0x8066, 0x8066, 0x8066, 0x8066, 0x8066, 0x2024, 0xDBC3, 0xDBC3,
  0xDBC3, 0x2024, 0x8066, 0x8066, 0x8066, 0x118F, 0x118F, 0x118F, 0x118F, 0x118F, 0x118F, 0x118F,
  0x118F, 0x118F, 0x118F, 0x118F, 0x118F, 0x118F, 0x118F, 0x118F, 0x118F, 0x2024, 0xDBC3, 0xDBC3,
  0xDBC3, 0x2024, 0x8066, 0x8066, 0x8066, 0x118F, 0x118F, 0x118F, 0x118F, 0x2024, 0xDBC3, 0xDBC3,
  0xDBC3, 0x2024, 0x8066, 0x8066, 0x8066, 0x118F, 0x118F, 0x118F, 0x118F, 0x2024, 0xDBC3, 0xDBC3,
  0xDBC3, 0x2024, 0x8066, 0x8066, 0x8066, 0x118F, 0x118F, 0x118F, 0x118F, 0x2024, 0xDBC3, 0xDBC3,
  0xDBC3, 0x2024, 0x8066, 0x8066, 0x8066, 0x118F, 0x8066, 0x8066, 0x8066, 0x2024, 0xDBC3, 0xDBC3,
  0xDBC3, 0x2024, 0x8066, 0x8066, 0x8066, 0x118F, 0x118F, 0x118F, 0x118F, 0x2024, 0xDBC3, 0xDBC3,
  0xDBC3, 0x2024, 0x8066, 0x8066, 0x8066, 0x118F, 0x118F, 0x118F, 0x118F, 0x118F, 0x118F, 0x118F,
  0x118F, 0x118F, 0x118F, 0x2024, 0xDBC3, 0xDBC3, 0xDBC3, 0x2024, 0x8066, 0x8066, 0x8066, 0x118F,
  0x118F, 0x118F, 0x118F, 0x2024, 0xDBC3, 0xDBC3, 0xDBC3, 0x2024, 0x8066, 0x8066, 0x8066, 0x8066,
  0x8066, 0x8066, 0x8066, 0x2024, 0xDBC3, 0xDBC3, 0xDBC3, 0x2024, 0x8066, 0x2024, 0xDBC3, 0xDBC3,
  0xDBC3, 0x2024, 0x8066, 0x8066, 0x8066, 0x118F, 0x118F, 0x118F, 0x118F, 0x118F, 0x118F, 0x118F,
  0x118F, 0x118F, 0x118F, 0x118F, 0x118F, 0x118F, 0x118F, 0x118F, 0x118F, 0x118F, 0x118F, 0x118F,
  0x118F, 0x118F, 0x118F, 0x118F, 0x118F, 0x118F, 0x118F, 0x118F, 0x118F, 0x118F, 0x118F, 0x118F,
  0x118F, 0x118F, 0x118F, 0x118F, 0x11D1, 0x11D1, 0x11D1, 0x11D1, 0x11D1, 0x11D1, 0x11D1, 0x11D1,
  0x11D1, 0x11D1, 0x11D1, 0x11D1, 0x11D1, 0x11D1, 0x11D1, 0x11D1, 0x11D1, 0x11D1, 0x11D1, 0x11D1,
  0x11D1, 0x11D1, 0x11D1, 0x11D1, 0x11D1, 0x2825, 0xFC63, 0xFC63, 0xFC63, 0x2825, 0x9087, 0x9087,
  0x9087, 0x11D1, 0x11D1, 0x11D1, 0x11D1, 0x2825, 0xFC63, 0xFC63, 0xFC63, 0x2825, 0x11D1, 0x2825,
  0xFC63, 0xFC63, 0xFC63, 0x2825, 0x9087, 0x9087, 0x9087, 0x9087, 0x9087, 0x9087, 0x9087, 0x2825,
  0xFC63, 0xFC63, 0xFC63, 0x2825, 0x9087, 0x2825, 0xFC63, 0xFC63, 0xFC63, 0x2825, 0x9087, 0x2825,
  0x2825, 0x2825, 0x2825, 0xFC63, 0xFC63, 0xFC63, 0x2825, 0x9087, 0x9087, 0x9087, 0x11D1, 0x2825,
  0xFC63, 0xFC63, 0xFC63, 0x2825, 0x9087, 0x2825, 0x2825, 0x2825, 0x2825, 0xFC63, 0xFC63, 0xFC63,
  0x2825, 0x9087, 0x9087, 0x9087, 0x11D1, 0x2825, 0xFC63, 0xFC63, 0xFC63, 0x2825, 0x9087, 0x9087,
  0x9087, 0x9087, 0x9087, 0x9087, 0x9087, 0x9087, 0x9087, 0x9087, 0x9087, 0x9087, 0x11D1, 0x2825,
  0xFC63, 0xFC63, 0xFC63, 0x2825, 0x9087, 0x2825, 0x2825, 0x2825, 0x2825, 0xFC63, 0xFC63, 0xFC63,
  0x2825, 0x9087, 0x9087, 0x9087, 0x11D1, 0x2825, 0xFC63, 0xFC63, 0xFC63, 0x2825, 0x9087, 0x9087,
  0x9087, 0x9087, 0x9087, 0x9087, 0x9087, 0x2825, 0xFC63, 0xFC63, 0xFC63, 0x2825, 0x9087, 0x9087,
  0x9087, 0x11D1, 0x11D1, 0x11D1, 0x11D1, 0x11D1, 0x11D1, 0x11D1, 0x11D1, 0x11D1, 0x11D1, 0x11D1,
  0x11D1, 0x11D1, 0x11D1, 0x11D1, 0x11D1, 0x2825, 0xFC63, 0xFC63, 0xFC63, 0x2825, 0x9087, 0x9087,
  0x9087, 0x11D1, 0x11D1, 0x11D1, 0x11D1, 0x2825, 0xFC63, 0xFC63, 0xFC63, 0x2825, 0x9087, 0x9087,
  0x9087, 0x11D1, 0x11D1, 0x11D1, 0x11D1, 0x2825, 0xFC63, 0xFC63, 0xFC63, 0x2825, 0x9087, 0x9087,
  0x9087, 0x11D1, 0x11D1, 0x11D1, 0x11D1, 0x2825, 0xFC63, 0xFC63, 0xFC63, 0x2825, 0x9087, 0x9087,
  0x9087, 0x11D1, 0x9087, 0x9087, 0x9087, 0x2825, 0xFC63, 0xFC63, 0xFC63, 0x2825, 0x9087, 0x9087,
  0x9087, 0x11D1, 0x11D1, 0x11D1, 0x11D1, 0x2825, 0xFC63, 0xFC63, 0xFC63, 0x2825, 0x9087, 0x9087,
  0x9087, 0x11D1, 0x11D1, 0x11D1, 0x11D1, 0x11D1, 0x11D1, 0x11D1, 0x11D1, 0x11D1, 0x11D1, 0x2825,
  0xFC63, 0xFC63, 0xFC63, 0x2825, 0x9087, 0x9087, 0x9087, 0x11D1, 0x11D1, 0x11D1, 0x11D1, 0x2825,
  0xFC63, 0xFC63, 0xFC63, 0x2825, 0x9087, 0x9087, 0x9087, 0x9087, 0x9087, 0x9087, 0x9087, 0x2825,
  0xFC63, 0xFC63, 0xFC63, 0x2825, 0x9087, 0x2825, 0xFC63, 0xFC63, 0xFC63, 0x2825, 0x9087, 0x9087,
  0x9087, 0x11D1, 0x11D1, 0x11D1, 0x11D1, 0x11D1, 0x11D1, 0x11D1, 0x11D1, 0x11D1, 0x11D1, 0x11D1,
  0x11D1, 0x11D1, 0x11D1, 0x11D1, 0x11D1, 0x11D1, 0x11D1, 0x11D1, 0x11D1, 0x11D1, 0x11D1, 0x11D1,
  0x11D1, 0x11D1, 0x11D1, 0x11D1, 0x11D1, 0x11D1, 0x11D1, 0x11D1, 0x11D1, 0x11D1, 0x11D1, 0x11D1,
  0x19D0, 0x19D0, 0x19D0, 0x19D0, 0x19D0, 0x19D0, 0x19D0, 0x19D0, 0x19D0, 0x19D0, 0x19D0, 0x19D0,
  0x19D0, 0x19D0, 0x19D0, 0x19D0, 0x19D0, 0x19D0, 0x19D0, 0x19D0, 0x19D0, 0x19D0, 0x19D0, 0x19D0,
  0x19D0, 0x2024, 0xDBC3, 0xDBC3, 0xDBC3, 0x2024, 0x8066, 0x8066, 0x8066, 0x19D0, 0x19D0, 0x19D0,
  0x19D0, 0x2024, 0xDBC3, 0xDBC3, 0xDBC3, 0x2024, 0x19D0, 0x2024, 0xDBC3, 0xDBC3, 0xDBC3, 0x2024,
  0x8066, 0x8066, 0x8066, 0x19D0, 0x19D0, 0x19D0, 0x19D0, 0x2024, 0xDBC3, 0xDBC3, 0xDBC3, 0x2024,
  0x8066, 0x2024, 0xDBC3, 0xDBC3, 0xDBC3, 0x2024, 0x8066, 0x8066, 0x8066, 0x19D0, 0x2024, 0xDBC3,
  0xDBC3, 0xDBC3, 0x2024, 0x19D0, 0x19D0, 0x19D0, 0x19D0, 0x2024, 0xDBC3, 0xDBC3, 0xDBC3, 0x2024,
  0x8066, 0x8066, 0x8066, 0x19D0, 0x2024, 0xDBC3, 0xDBC3, 0xDBC3, 0x2024, 0x19D0, 0x19D0, 0x19D0,
  0x19D0, 0x2024, 0xDBC3, 0xDBC3, 0xDBC3, 0x2024, 0x8066, 0x8066, 0x8066, 0x19D0, 0x19D0, 0x19D0,
  0x19D0, 0x19D0, 0x19D0, 0x19D0, 0x19D0, 0x19D0, 0x19D0, 0x2024, 0xDBC3, 0xDBC3, 0xDBC3, 0x2024,
  0x8066, 0x8066, 0x8066, 0x19D0, 0x2024, 0xDBC3, 0xDBC3, 0xDBC3, 0x2024, 0x19D0, 0x19D0, 0x19D0,
  0x19D0, 0x2024, 0xDBC3, 0xDBC3, 0xDBC3, 0x2024, 0x8066, 0x8066, 0x8066, 0x19D0, 0x19D0, 0x19D0,
  0x19D0, 0x2024, 0xDBC3, 0xDBC3, 0xDBC3, 0x2024, 0x8066, 0x8066, 0x8066, 0x19D0, 0x19D0, 0x19D0,
  0x19D0, 0x19D0, 0x19D0, 0x19D0, 0x19D0, 0x19D0, 0x19D0, 0x19D0, 0x19D0, 0x19D0, 0x19D0, 0x19D0,
  0x19D0, 0x2024, 0xDBC3, 0xDBC3, 0xDBC3, 0x2024, 0x8066, 0x8066, 0x8066, 0x19D0, 0x19D0, 0x19D0,
  0x19D0, 0x2024, 0xDBC3, 0xDBC3, 0xDBC3, 0x2024, 0x8066, 0x8066, 0x8066, 0x19D0, 0x19D0, 0x19D0,
  0x19D0, 0x2024, 0xDBC3, 0xDBC3, 0xDBC3, 0x2024, 0x8066, 0x8066, 0x8066, 0x19D0, 0x19D0, 0x19D0,
  0x19D0, 0x2024, 0xDBC3, 0xDBC3, 0xDBC3, 0x2024, 0x8066, 0x8066, 0x8066, 0x19D0, 0x19D0, 0x19D0,
  0x19D0, 0x2024, 0xDBC3, 0xDBC3, 0xDBC3, 0x2024, 0x8066, 0x8066, 0x8066, 0x19D0, 0x19D0, 0x19D0,
  0x19D0, 0x2024, 0xDBC3, 0xDBC3, 0xDBC3, 0x2024, 0x8066, 0x8066, 0x8066, 0x19D0, 0x19D0, 0x19D0,
  0x19D0, 0x19D0, 0x19D0, 0x19D0, 0x19D0, 0x19D0, 0x19D0, 0x2024, 0xDBC3, 0xDBC3, 0xDBC3, 0x2024,
  0x8066, 0x8066, 0x8066, 0x19D0, 0x19D0, 0x19D0, 0x19D0, 0x2024, 0xDBC3, 0xDBC3, 0xDBC3, 0x2024,
  0x8066, 0x8066, 0x8066, 0x19D0, 0x19D0, 0x19D0, 0x19D0, 0x2024, 0xDBC3, 0xDBC3, 0xDBC3, 0x2024,
  0x8066, 0x2024, 0xDBC3, 0xDBC3, 0xDBC3, 0x2024, 0x8066, 0x8066, 0x8066, 0x19D0, 0x19D0, 0x19D0,
  0x19D0, 0x19D0, 0x19D0, 0x19D0, 0x19D0, 0x19D0, 0x19D0, 0x19D0, 0x19D0, 0x19D0, 0x19D0, 0x19D0,
  0x19D0, 0x19D0, 0x19D0, 0x19D0, 0x19D0, 0x19D0, 0x19D0, 0x19D0, 0x19D0, 0x19D0, 0x19D0, 0x19D0,
  0x19D0, 0x19D0, 0x19D0, 0x19D0, 0x19D0, 0x19D0, 0x19D0, 0x19D0, 0x1A13, 0x1A13, 0x1A13, 0x1A13,
  0x1A13, 0x1A13, 0x1A13, 0x1A13, 0x1A13, 0x1A13, 0x1A13, 0x1A13, 0x1A13, 0x1A13, 0x1A13, 0x1A13,
  0x1A13, 0x1A13, 0x1A13, 0x1A13, 0x1A13, 0x1A13, 0x1A13, 0x1A13, 0x1A13, 0x2825, 0xFC63, 0xFC63,
  0xFC63, 0x2825, 0x2825, 0x2825, 0x2825, 0x2825, 0x2825, 0x2825, 0x2825, 0x2825, 0xFC63, 0xFC63,
  0xFC63, 0x2825, 0x9087, 0x2825, 0xFC63, 0xFC63, 0xFC63, 0x2825, 0x9087, 0x9087, 0x9087, 0x1A13,
  0x1A13, 0x1A13, 0x1A13, 0x2825, 0xFC63, 0xFC63, 0xFC63, 0x2825, 0x9087, 0x2825, 0xFC63, 0xFC63,
  0xFC63, 0x2825, 0x9087, 0x9087, 0x9087, 0x1A13, 0x2825, 0xFC63, 0xFC63, 0xFC63, 0x2825, 0x2825,
  0x2825, 0x2825, 0x1A13, 0x2825, 0xFC63, 0xFC63, 0xFC63, 0x2825, 0x9087, 0x9087, 0x9087, 0x1A13,
  0x2825, 0xFC63, 0xFC63, 0xFC63, 0x2825, 0x2825, 0x2825, 0x2825, 0x1A13, 0x2825, 0xFC63, 0xFC63,
  0xFC63, 0x2825, 0x2825, 0x2825, 0x2825, 0x2825, 0x2825, 0x2825, 0x2825, 0x2825, 0x2825, 0x2825,
  0x2825, 0x2825, 0x1A13, 0x2825, 0xFC63, 0xFC63, 0xFC63, 0x2825, 0x9087, 0x9087, 0x9087, 0x1A13,
  0x2825, 0xFC63, 0xFC63, 0xFC63, 0x2825, 0x2825, 0x2825, 0x2825, 0x1A13, 0x2825, 0xFC63, 0xFC63,
  0xFC63, 0x2825, 0x9087, 0x9087, 0x9087, 0x1A13, 0x1A13, 0x1A13, 0x1A13, 0x2825, 0xFC63, 0xFC63,
  0xFC63, 0x2825, 0x9087, 0x9087, 0x9087, 0x1A13, 0x1A13, 0x1A13, 0x1A13, 0x1A13, 0x1A13, 0x1A13,
  0x1A13, 0x1A13, 0x1A13, 0x1A13, 0x1A13, 0x1A13, 0x1A13, 0x1A13, 0x1A13, 0x2825, 0xFC63, 0xFC63,
  0xFC63, 0x2825, 0x2825, 0x2825, 0x2825, 0x2825, 0x2825, 0x2825, 0x2825, 0x2825, 0xFC63, 0xFC63,
  0xFC63, 0x2825, 0x9087, 0x9087, 0x9087, 0x1A13, 0x2825, 0x2825, 0x2825, 0x2825, 0xFC63, 0xFC63,
  0xFC63, 0x2825, 0x2825, 0x2825, 0x2825, 0x1A13, 0x1A13, 0x1A13, 0x1A13, 0x2825, 0xFC63, 0xFC63,
  0xFC63, 0x2825, 0x2825, 0x2825, 0x2825, 0x2825, 0x2825, 0x2825, 0x2825, 0x2825, 0xFC63, 0xFC63,
  0xFC63, 0x2825, 0x9087, 0x9087, 0x9087, 0x1A13, 0x2825, 0x2825, 0x2825, 0x2825, 0xFC63, 0xFC63,
  0xFC63, 0x2825, 0x2825, 0x2825, 0x2825, 0x1A13, 0x1A13, 0x1A13, 0x1A13, 0x1A13, 0x1A13, 0x1A13,
  0x1A13, 0x1A13, 0x1A13, 0x2825, 0xFC63, 0xFC63, 0xFC63, 0x2825, 0x9087, 0x9087, 0x9087, 0x1A13,
  0x1A13, 0x1A13, 0x1A13, 0x2825, 0xFC63, 0xFC63, 0xFC63, 0x2825, 0x9087, 0x9087, 0x9087, 0x1A13,
  0x1A13, 0x1A13, 0x1A13, 0x2825, 0xFC63, 0xFC63, 0xFC63, 0x2825, 0x9087, 0x2825, 0xFC63, 0xFC63,
  0xFC63, 0x2825, 0x2825, 0x2825, 0x2825, 0x2825, 0x2825, 0x2825, 0x2825, 0x2825, 0x2825, 0x2825,
  0x2825, 0x2825, 0x1A13, 0x1A13, 0x1A13, 0x1A13, 0x1A13, 0x1A13, 0x1A13, 0x1A13, 0x1A13, 0x1A13,
  0x1A13, 0x1A13, 0x1A13, 0x1A13, 0x1A13, 0x1A13, 0x1A13, 0x1A13, 0x1A13, 0x1A13, 0x1A13, 0x1A13,
  0x1A13, 0x1A13, 0x1A13, 0x1A13, 0x19D0, 0x19D0, 0x19D0, 0x19D0, 0x19D0, 0x19D0, 0x19D0, 0x19D0,
  0x19D0, 0x19D0, 0x19D0, 0x19D0, 0x19D0, 0x19D0, 0x19D0, 0x19D0, 0x19D0, 0x19D0, 0x19D0, 0x19D0,
  0x19D0, 0x19D0, 0x19D0, 0x19D0, 0x19D0, 0x2024, 0x2024, 0x2024, 0x2024, 0xDBC3, 0xDBC3, 0xDBC3,
  0xDBC3, 0xDBC3, 0xDBC3, 0xDBC3, 0xDBC3, 0xDBC3, 0x2024, 0x2024, 0x2024, 0x2024, 0x8066, 0x2024,
  0xDBC3, 0xDBC3, 0xDBC3, 0x2024, 0x8066, 0x8066, 0x8066, 0x19D0, 0x19D0, 0x19D0, 0x19D0, 0x2024,
  0xDBC3, 0xDBC3, 0xDBC3, 0x2024, 0x8066, 0x2024, 0xDBC3, 0xDBC3, 0xDBC3, 0x2024, 0x8066, 0x8066,
  0x8066, 0x19D0, 0x2024, 0x2024, 0x2024, 0x2024, 0xDBC3, 0xDBC3, 0xDBC3, 0x2024, 0x19D0, 0x2024,
  0xDBC3, 0xDBC3, 0xDBC3, 0x2024, 0x8066, 0x8066, 0x8066, 0x19D0, 0x2024, 0x2024, 0x2024, 0x2024,
  0xDBC3, 0xDBC3, 0xDBC3, 0x2024, 0x19D0, 0x2024, 0xDBC3, 0xDBC3, 0xDBC3, 0xDBC3, 0xDBC3, 0xDBC3,
  0xDBC3, 0xDBC3, 0xDBC3, 0xDBC3, 0xDBC3, 0xDBC3, 0xDBC3, 0xDBC3, 0xDBC3, 0x2024, 0x19D0, 0x2024,
  0xDBC3, 0xDBC3, 0xDBC3, 0x2024, 0x8066, 0x8066, 0x8066, 0x19D0, 0x2024, 0x2024, 0x2024, 0x2024,
  0xDBC3, 0xDBC3, 0xDBC3, 0x2024, 0x19D0, 0x2024, 0xDBC3, 0xDBC3, 0xDBC3, 0x2024, 0x8066, 0x8066,
  0x8066, 0x19D0, 0x19D0, 0x19D0, 0x19D0, 0x2024, 0xDBC3, 0xDBC3, 0xDBC3, 0x2024, 0x8066, 0x8066,
  0x8066, 0x19D0, 0x19D0, 0x19D0, 0x19D0, 0x19D0, 0x19D0, 0x19D0, 0x19D0, 0x19D0, 0x19D0, 0x19D0,
  0x19D0, 0x19D0, 0x19D0, 0x19D0, 0x19D0, 0x2024, 0xDBC3, 0xDBC3, 0xDBC3, 0xDBC3, 0xDBC3, 0xDBC3,
  0xDBC3, 0xDBC3, 0xDBC3, 0xDBC3, 0xDBC3, 0xDBC3, 0x2024, 0x2024, 0x2024, 0x2024, 0x8066, 0x8066,
  0x8066, 0x19D0, 0x2024, 0xDBC3, 0xDBC3, 0xDBC3, 0xDBC3, 0xDBC3, 0xDBC3, 0xDBC3, 0xDBC3, 0xDBC3,
  0x2024, 0x19D0, 0x19D0, 0x19D0, 0x19D0, 0x2024, 0x2024, 0x2024, 0x2024, 0xDBC3, 0xDBC3, 0xDBC3,
  0xDBC3, 0xDBC3, 0xDBC3, 0xDBC3, 0xDBC3, 0xDBC3, 0x2024, 0x2024, 0x2024, 0x2024, 0x8066, 0x8066,
  0x8066, 0x19D0, 0x2024, 0xDBC3, 0xDBC3, 0xDBC3, 0xDBC3, 0xDBC3, 0xDBC3, 0xDBC3, 0xDBC3, 0xDBC3,
  0x2024, 0x19D0, 0x19D0, 0x19D0, 0x19D0, 0x19D0, 0x19D0, 0x19D0, 0x19D0, 0x19D0, 0x19D0, 0x2024,
  0xDBC3, 0xDBC3, 0xDBC3, 0x2024, 0x8066, 0x8066, 0x8066, 0x19D0, 0x19D0, 0x19D0, 0x19D0, 0x2024,
  0xDBC3, 0xDBC3, 0xDBC3, 0x2024, 0x8066, 0x8066, 0x8066, 0x19D0, 0x19D0, 0x19D0, 0x19D0, 0x2024,
  0xDBC3, 0xDBC3, 0xDBC3, 0x2024, 0x8066, 0x2024, 0xDBC3, 0xDBC3, 0xDBC3, 0xDBC3, 0xDBC3, 0xDBC3,
  0xDBC3, 0xDBC3, 0xDBC3, 0xDBC3, 0xDBC3, 0xDBC3, 0xDBC3, 0xDBC3, 0xDBC3, 0x2024, 0x19D0, 0x19D0,
  0x19D0, 0x19D0, 0x19D0, 0x19D0, 0x19D0, 0x19D0, 0x19D0, 0x19D0, 0x19D0, 0x19D0, 0x19D0, 0x19D0,
  0x19D0, 0x19D0, 0x19D0, 0x19D0, 0x19D0, 0x19D0, 0x19D0, 0x19D0, 0x19D0, 0x19D0, 0x19D0, 0x19D0,
  0x1A13, 0x1A13, 0x1A13, 0x1A13, 0x1A13, 0x1A13, 0x1A13, 0x1A13, 0x1A13, 0x1A13, 0x1A13, 0x1A13,
  0x1A13, 0x1A13, 0x1A13, 0x1A13, 0x1A13, 0x1A13, 0x1A13, 0x1A13, 0x1A13, 0x1A13, 0x1A13, 0x1A13,
  0x1A13, 0x1A13, 0x1A13, 0x1A13, 0x2825, 0xFC63, 0xFC63, 0xFC63, 0xFC63, 0xFC63, 0xFC63, 0xFC63,
  0xFC63, 0xFC63, 0x2825, 0x1A13, 0x9087, 0x9087, 0x9087, 0x2825, 0xFC63, 0xFC63, 0xFC63, 0x2825,
  0x9087, 0x9087, 0x9087, 0x1A13, 0x1A13, 0x1A13, 0x1A13, 0x2825, 0xFC63, 0xFC63, 0xFC63, 0x2825,
  0x9087, 0x2825, 0xFC63, 0xFC63, 0xFC63, 0x2825, 0x9087, 0x9087, 0x9087, 0x1A13, 0x1A13, 0x1A13,
  0x1A13, 0x2825, 0xFC63, 0xFC63, 0xFC63, 0x2825, 0x1A13, 0x2825, 0xFC63, 0xFC63, 0xFC63, 0x2825,
  0x9087, 0x9087, 0x9087, 0x1A13, 0x1A13, 0x1A13, 0x1A13, 0x2825, 0xFC63, 0xFC63, 0xFC63, 0x2825,
  0x1A13, 0x2825, 0xFC63, 0xFC63, 0xFC63, 0xFC63, 0xFC63, 0xFC63, 0xFC63, 0xFC63, 0xFC63, 0xFC63,
  0xFC63, 0xFC63, 0xFC63, 0xFC63, 0xFC63, 0x2825, 0x1A13, 0x2825, 0xFC63, 0xFC63, 0xFC63, 0x2825,
  0x9087, 0x9087, 0x9087, 0x1A13, 0x1A13, 0x1A13, 0x1A13, 0x2825, 0xFC63, 0xFC63, 0xFC63, 0x2825,
  0x1A13, 0x2825, 0xFC63, 0xFC63, 0xFC63, 0x2825, 0x9087, 0x9087, 0x9087, 0x1A13, 0x1A13, 0x1A13,
  0x1A13, 0x2825, 0xFC63, 0xFC63, 0xFC63, 0x2825, 0x9087, 0x9087, 0x9087, 0x1A13, 0x1A13, 0x1A13,
  0x1A13, 0x1A13, 0x1A13, 0x1A13, 0x1A13, 0x1A13, 0x1A13, 0x1A13, 0x1A13, 0x1A13, 0x1A13, 0x1A13,
  0x1A13, 0x2825, 0xFC63, 0xFC63, 0xFC63, 0xFC63, 0xFC63, 0xFC63, 0xFC63, 0xFC63, 0xFC63, 0xFC63,
  0xFC63, 0xFC63, 0x2825, 0x1A13, 0x9087, 0x9087, 0x9087, 0x9087, 0x9087, 0x1A13, 0x2825, 0xFC63,
  0xFC63, 0xFC63, 0xFC63, 0xFC63, 0xFC63, 0xFC63, 0xFC63, 0xFC63, 0x2825, 0x1A13, 0x1A13, 0x1A13,
  0x1A13, 0x1A13, 0x1A13, 0x1A13, 0x2825, 0xFC63, 0xFC63, 0xFC63, 0xFC63, 0xFC63, 0xFC63, 0xFC63,
  0xFC63, 0xFC63, 0x2825, 0x1A13, 0x9087, 0x9087, 0x9087, 0x9087, 0x9087, 0x1A13, 0x2825, 0xFC63,
  0xFC63, 0xFC63, 0xFC63, 0xFC63, 0xFC63, 0xFC63, 0xFC63, 0xFC63, 0x2825, 0x1A13, 0x1A13, 0x1A13,
  0x1A13, 0x1A13, 0x1A13, 0x1A13, 0x1A13, 0x1A13, 0x1A13, 0x2825, 0xFC63, 0xFC63, 0xFC63, 0x2825,
  0x9087, 0x9087, 0x9087, 0x1A13, 0x1A13, 0x1A13, 0x1A13, 0x2825, 0xFC63, 0xFC63, 0xFC63, 0x2825,
  0x9087, 0x9087, 0x9087, 0x1A13, 0x1A13, 0x1A13, 0x1A13, 0x2825, 0xFC63, 0xFC63, 0xFC63, 0x2825,
  0x9087, 0x2825, 0xFC63, 0xFC63, 0xFC63, 0xFC63, 0xFC63, 0xFC63, 0xFC63, 0xFC63, 0xFC63, 0xFC63,
  0xFC63, 0xFC63, 0xFC63, 0xFC63, 0xFC63, 0x2825, 0x1A13, 0x1A13, 0x1A13, 0x1A13, 0x1A13, 0x1A13,
  0x1A13, 0x1A13, 0x1A13, 0x1A13, 0x1A13, 0x1A13, 0x1A13, 0x1A13, 0x1A13, 0x1A13, 0x1A13, 0x1A13,
  0x1A13, 0x1A13, 0x1A13, 0x1A13, 0x1A13, 0x1A13, 0x1A13, 0x1A13, 0x19D0, 0x19D0, 0x19D0, 0x19D0,
  0x19D0, 0x19D0, 0x19D0, 0x19D0, 0x19D0, 0x19D0, 0x19D0, 0x19D0, 0x19D0, 0x19D0, 0x19D0, 0x19D0,
  0x19D0, 0x19D0, 0x19D0, 0x19D0, 0x19D0, 0x19D0, 0x19D0, 0x19D0, 0x19D0, 0x19D0, 0x19D0, 0x19D0,
  0x2024, 0xDBC3, 0xDBC3, 0xDBC3, 0xDBC3, 0xDBC3, 0xDBC3, 0xDBC3, 0xDBC3, 0xDBC3, 0x2024, 0x8066,
  0x8066, 0x8066, 0x8066, 0x2024, 0xDBC3, 0xDBC3, 0xDBC3, 0x2024, 0x8066, 0x8066, 0x8066, 0x19D0,
  0x19D0, 0x19D0, 0x19D0, 0x2024, 0xDBC3, 0xDBC3, 0xDBC3, 0x2024, 0x8066, 0x2024, 0xDBC3, 0xDBC3,
  0xDBC3, 0x2024, 0x8066, 0x8066, 0x8066, 0x19D0, 0x19D0, 0x19D0, 0x19D0, 0x2024, 0xDBC3, 0xDBC3,
  0xDBC3, 0x2024, 0x8066, 0x2024, 0xDBC3, 0xDBC3, 0xDBC3, 0x2024, 0x8066, 0x8066, 0x8066, 0x19D0,
  0x19D0, 0x19D0, 0x19D0, 0x2024, 0xDBC3, 0xDBC3, 0xDBC3, 0x2024, 0x8066, 0x2024, 0xDBC3, 0xDBC3,
  0xDBC3, 0xDBC3, 0xDBC3, 0xDBC3, 0xDBC3, 0xDBC3, 0xDBC3, 0xDBC3, 0xDBC3, 0xDBC3, 0xDBC3, 0xDBC3,
  0xDBC3, 0x2024, 0x8066, 0x2024, 0xDBC3, 0xDBC3, 0xDBC3, 0x2024, 0x8066, 0x8066, 0x8066, 0x19D0,
  0x19D0, 0x19D0, 0x19D0, 0x2024, 0xDBC3, 0xDBC3, 0xDBC3, 0x2024, 0x8066, 0x2024, 0xDBC3, 0xDBC3,
  0xDBC3, 0x2024, 0x8066, 0x8066, 0x8066, 0x19D0, 0x19D0, 0x19D0, 0x19D0, 0x2024, 0xDBC3, 0xDBC3,
  0xDBC3, 0x2024, 0x8066, 0x8066, 0x8066, 0x19D0, 0x19D0, 0x19D0, 0x19D0, 0x19D0, 0x19D0, 0x19D0,
  0x19D0, 0x19D0, 0x19D0, 0x19D0, 0x19D0, 0x19D0, 0x19D0, 0x19D0, 0x19D0, 0x2024, 0xDBC3, 0xDBC3,
  0xDBC3, 0xDBC3, 0xDBC3, 0xDBC3, 0xDBC3, 0xDBC3, 0xDBC3, 0xDBC3, 0xDBC3, 0xDBC3, 0x2024, 0x8066,
  0x8066, 0x8066, 0x8066, 0x8066, 0x8066, 0x19D0, 0x2024, 0xDBC3, 0xDBC3, 0xDBC3, 0xDBC3, 0xDBC3,
  0xDBC3, 0xDBC3, 0xDBC3, 0xDBC3, 0x2024, 0x8066, 0x8066, 0x8066, 0x19D0, 0x19D0, 0x19D0, 0x19D0,
  0x2024, 0xDBC3, 0xDBC3, 0xDBC3, 0xDBC3, 0xDBC3, 0xDBC3, 0xDBC3, 0xDBC3, 0xDBC3, 0x2024, 0x8066,
  0x8066, 0x8066, 0x8066, 0x8066, 0x8066, 0x19D0, 0x2024, 0xDBC3, 0xDBC3, 0xDBC3, 0xDBC3, 0xDBC3,
  0xDBC3, 0xDBC3, 0xDBC3, 0xDBC3, 0x2024, 0x8066, 0x8066, 0x8066, 0x19D0, 0x19D0, 0x19D0, 0x19D0,
  0x19D0, 0x19D0, 0x19D0, 0x2024, 0xDBC3, 0xDBC3, 0xDBC3, 0x2024, 0x8066, 0x8066, 0x8066, 0x19D0,
  0x19D0, 0x19D0, 0x19D0, 0x2024, 0xDBC3, 0xDBC3, 0xDBC3, 0x2024, 0x8066, 0x8066, 0x8066, 0x19D0,
  0x19D0, 0x19D0, 0x19D0, 0x2024, 0xDBC3, 0xDBC3, 0xDBC3, 0x2024, 0x8066, 0x2024, 0xDBC3, 0xDBC3,
  0xDBC3, 0xDBC3, 0xDBC3, 0xDBC3, 0xDBC3, 0xDBC3, 0xDBC3, 0xDBC3, 0xDBC3, 0xDBC3, 0xDBC3, 0xDBC3,
  0xDBC3, 0x2024, 0x8066, 0x8066, 0x8066, 0x19D0, 0x19D0, 0x19D0, 0x19D0, 0x19D0, 0x19D0, 0x19D0,
  0x19D0, 0x19D0, 0x19D0, 0x19D0, 0x19D0, 0x19D0, 0x19D0, 0x19D0, 0x19D0, 0x19D0, 0x19D0, 0x19D0,
  0x19D0, 0x19D0, 0x19D0, 0x19D0, 0x1A13, 0x1A13, 0x1A13, 0x1A13, 0x1A13, 0x1A13, 0x1A13, 0x1A13,
  0x1A13, 0x1A13, 0x1A13, 0x1A13, 0x1A13, 0x1A13, 0x1A13, 0x1A13, 0x1A13, 0x1A13, 0x1A13, 0x1A13,
  0x1A13, 0x1A13, 0x1A13, 0x1A13, 0x1A13, 0x1A13, 0x1A13, 0x1A13, 0x2825, 0x2825, 0x2825, 0x2825,
  0x2825, 0x2825, 0x2825, 0x2825, 0x2825, 0x2825, 0x2825, 0x9087, 0x9087, 0x9087, 0x9087, 0x2825,
  0x2825, 0x2825, 0x2825, 0x2825, 0x9087, 0x9087, 0x9087, 0x1A13, 0x1A13, 0x1A13, 0x1A13, 0x2825,
  0x2825, 0x2825, 0x2825, 0x2825, 0x9087, 0x2825, 0x2825, 0x2825, 0x2825, 0x2825, 0x9087, 0x9087,
  0x9087, 0x1A13, 0x1A13, 0x1A13, 0x1A13, 0x2825, 0x2825, 0x2825, 0x2825, 0x2825, 0x9087, 0x2825,
  0x2825, 0x2825, 0x2825, 0x2825, 0x9087, 0x9087, 0x9087, 0x1A13, 0x1A13, 0x1A13, 0x1A13, 0x2825,
  0x2825, 0x2825, 0x2825, 0x2825, 0x9087, 0x2825, 0x2825, 0x2825, 0x2825, 0x2825, 0x2825, 0x2825,
  0x2825, 0x2825, 0x2825, 0x2825, 0x2825, 0x2825, 0x2825, 0x2825, 0x2825, 0x2825, 0x9087, 0x2825,
  0x2825, 0x2825, 0x2825, 0x2825, 0x9087, 0x9087, 0x9087, 0x1A13, 0x1A13, 0x1A13, 0x1A13, 0x2825,
  0x2825, 0x2825, 0x2825, 0x2825, 0x9087, 0x2825, 0x2825, 0x2825, 0x2825, 0x2825, 0x9087, 0x9087,
  0x9087, 0x1A13, 0x1A13, 0x1A13, 0x1A13, 0x2825, 0x2825, 0x2825, 0x2825, 0x2825, 0x9087, 0x9087,
  0x9087, 0x1A13, 0x1A13, 0x1A13, 0x1A13, 0x1A13, 0x1A13, 0x1A13, 0x1A13, 0x1A13, 0x1A13, 0x1A13,
  0x1A13, 0x1A13, 0x1A13, 0x1A13, 0x1A13, 0x2825, 0x2825, 0x2825, 0x2825, 0x2825, 0x2825, 0x2825,
  0x2825, 0x2825, 0x2825, 0x2825, 0x2825, 0x2825, 0x2825, 0x9087, 0x9087, 0x9087, 0x9087, 0x9087,
  0x9087, 0x1A13, 0x2825, 0x2825, 0x2825, 0x2825, 0x2825, 0x2825, 0x2825, 0x2825, 0x2825, 0x2825,
  0x2825, 0x9087, 0x9087, 0x9087, 0x1A13, 0x1A13, 0x1A13, 0x1A13, 0x2825, 0x2825, 0x2825, 0x2825,
  0x2825, 0x2825, 0x2825, 0x2825, 0x2825, 0x2825, 0x2825, 0x9087, 0x9087, 0x9087, 0x9087, 0x9087,
  0x9087, 0x1A13, 0x2825, 0x2825, 0x2825, 0x2825, 0x2825, 0x2825, 0x2825, 0x2825, 0x2825, 0x2825,
  0x2825, 0x9087, 0x9087, 0x9087, 0x1A13, 0x1A13, 0x1A13, 0x1A13, 0x1A13, 0x1A13, 0x1A13, 0x2825,
  0x2825, 0x2825, 0x2825, 0x2825, 0x9087, 0x9087, 0x9087, 0x1A13, 0x1A13, 0x1A13, 0x1A13, 0x2825,
  0x2825, 0x2825, 0x2825, 0x2825, 0x9087, 0x9087, 0x9087, 0x1A13, 0x1A13, 0x1A13, 0x1A13, 0x2825,
  0x2825, 0x2825, 0x2825, 0x2825, 0x9087, 0x2825, 0x2825, 0x2825, 0x2825, 0x2825, 0x2825, 0x2825,
  0x2825, 0x2825, 0x2825, 0x2825, 0x2825, 0x2825, 0x2825, 0x2825, 0x2825, 0x2825, 0x9087, 0x9087,
  0x9087, 0x1A13, 0x1A13, 0x1A13, 0x1A13, 0x1A13, 0x1A13, 0x1A13, 0x1A13, 0x1A13, 0x1A13, 0x1A13,
  0x1A13, 0x1A13, 0x1A13, 0x1A13, 0x1A13, 0x1A13, 0x1A13, 0x1A13, 0x1A13, 0x1A13, 0x1A13, 0x1A13,
  0x19D0, 0x19D0, 0x19D0, 0x19D0, 0x19D0, 0x19D0, 0x19D0, 0x19D0, 0x19D0, 0x19D0, 0x19D0, 0x19D0,
  0x19D0, 0x19D0, 0x19D0, 0x19D0, 0x19D0, 0x19D0, 0x19D0, 0x19D0, 0x19D0, 0x19D0, 0x19D0, 0x19D0,
  0x19D0, 0x19D0, 0x19D0, 0x19D0, 0x19D0, 0x19D0, 0x19D0, 0x8066, 0x8066, 0x8066, 0x8066, 0x8066,
  0x8066, 0x8066, 0x8066, 0x8066, 0x8066, 0x8066, 0x19D0, 0x19D0, 0x19D0, 0x19D0, 0x8066, 0x8066,
  0x8066, 0x8066, 0x8066, 0x19D0, 0x19D0, 0x19D0, 0x19D0, 0x19D0, 0x19D0, 0x19D0, 0x8066, 0x8066,
  0x8066, 0x8066, 0x8066, 0x19D0, 0x8066, 0x8066, 0x8066, 0x8066, 0x8066, 0x19D0, 0x19D0, 0x19D0,
  0x19D0, 0x19D0, 0x19D0, 0x19D0, 0x8066, 0x8066, 0x8066, 0x8066, 0x8066, 0x19D0, 0x8066, 0x8066,
  0x8066, 0x8066, 0x8066, 0x19D0, 0x19D0, 0x19D0, 0x19D0, 0x19D0, 0x19D0, 0x19D0, 0x8066, 0x8066,
  0x8066, 0x8066, 0x8066, 0x19D0, 0x8066, 0x8066, 0x8066, 0x8066, 0x8066, 0x8066, 0x8066, 0x8066,
  0x8066, 0x8066, 0x8066, 0x8066, 0x8066, 0x8066, 0x8066, 0x8066, 0x8066, 0x19D0, 0x8066, 0x8066,
  0x8066, 0x8066, 0x8066, 0x19D0, 0x19D0, 0x19D0, 0x19D0, 0x19D0, 0x19D0, 0x19D0, 0x8066, 0x8066,
  0x8066, 0x8066, 0x8066, 0x19D0, 0x8066, 0x8066, 0x8066, 0x8066, 0x8066, 0x19D0, 0x19D0, 0x19D0,
  0x19D0, 0x19D0, 0x19D0, 0x19D0, 0x8066, 0x8066, 0x8066, 0x8066, 0x8066, 0x19D0, 0x19D0, 0x19D0,
  0x19D0, 0x19D0, 0x19D0, 0x19D0, 0x19D0, 0x19D0, 0x19D0, 0x19D0, 0x19D0, 0x19D0, 0x19D0, 0x19D0,
  0x19D0, 0x19D0, 0x19D0, 0x19D0, 0x8066, 0x8066, 0x8066, 0x8066, 0x8066, 0x8066, 0x8066, 0x8066,
  0x8066, 0x8066, 0x8066, 0x8066, 0x8066, 0x8066, 0x19D0, 0x19D0, 0x19D0, 0x19D0, 0x19D0, 0x19D0,
  0x19D0, 0x8066, 0x8066, 0x8066, 0x8066, 0x8066, 0x8066, 0x8066, 0x8066, 0x8066, 0x8066, 0x8066,
  0x19D0, 0x19D0, 0x19D0, 0x19D0, 0x19D0, 0x19D0, 0x19D0, 0x8066, 0x8066, 0x8066, 0x8066, 0x8066,
  0x8066, 0x8066, 0x8066, 0x8066, 0x8066, 0x8066, 0x19D0, 0x19D0, 0x19D0, 0x19D0, 0x19D0, 0x19D0,
  0x19D0, 0x8066, 0x8066, 0x8066, 0x8066, 0x8066, 0x8066, 0x8066, 0x8066, 0x8066, 0x8066, 0x8066,
  0x19D0, 0x19D0, 0x19D0, 0x19D0, 0x19D0, 0x19D0, 0x19D0, 0x19D0, 0x19D0, 0x19D0, 0x8066, 0x8066,
  0x8066, 0x8066, 0x8066, 0x19D0, 0x19D0, 0x19D0, 0x19D0, 0x19D0, 0x19D0, 0x19D0, 0x8066, 0x8066,
  0x8066, 0x8066, 0x8066, 0x19D0, 0x19D0, 0x19D0, 0x19D0, 0x19D0, 0x19D0, 0x19D0, 0x8066, 0x8066,
  0x8066, 0x8066, 0x8066, 0x19D0, 0x8066, 0x8066, 0x8066, 0x8066, 0x8066, 0x8066, 0x8066, 0x8066,
  0x8066, 0x8066, 0x8066, 0x8066, 0x8066, 0x8066, 0x8066, 0x8066, 0x8066, 0x19D0, 0x19D0, 0x19D0,
  0x19D0, 0x19D0, 0x19D0, 0x19D0, 0x19D0, 0x19D0, 0x19D0, 0x19D0, 0x19D0, 0x19D0, 0x19D0, 0x19D0,
  0x19D0, 0x19D0, 0x19D0, 0x19D0, 0x19D0, 0x19D0, 0x19D0, 0x19D0, 0x2274, 0x2274, 0x2274, 0x2274,
  0x2274, 0x2274, 0x2274, 0x2274, 0x2274, 0x2274, 0x2274, 0x2274, 0x2274, 0x2274, 0x2274, 0x2274,
  0x2274, 0x2274, 0x2274, 0x2274, 0x2274, 0x2274, 0x2274, 0x2274, 0x2274, 0x2274, 0x2274, 0x2274,
  0x2274, 0x2274, 0x2274, 0x9087, 0x9087, 0x9087, 0x9087, 0x9087, 0x9087, 0x9087, 0x9087, 0x9087,
  0x9087, 0x9087, 0x2274, 0x2274, 0x2274, 0x2274, 0x9087, 0x9087, 0x9087, 0x9087, 0x9087, 0x2274,
  0x2274, 0x2274, 0x2274, 0x2274, 0x2274, 0x2274, 0x9087, 0x9087, 0x9087, 0x9087, 0x9087, 0x2274,
  0x9087, 0x9087, 0x9087, 0x9087, 0x9087, 0x2274, 0x2274, 0x2274, 0x2274, 0x2274, 0x2274, 0x2274,
  0x9087, 0x9087, 0x9087, 0x9087, 0x9087, 0x2274, 0x9087, 0x9087, 0x9087, 0x9087, 0x9087, 0x2274,
  0x2274, 0x2274, 0x2274, 0x2274, 0x2274, 0x2274, 0x9087, 0x9087, 0x9087, 0x9087, 0x9087, 0x2274,
  0x9087, 0x9087, 0x9087, 0x9087, 0x9087, 0x9087, 0x9087, 0x9087, 0x9087, 0x9087, 0x9087, 0x9087,
  0x9087, 0x9087, 0x9087, 0x9087, 0x9087, 0x2274, 0x9087, 0x9087, 0x9087, 0x9087, 0x9087, 0x2274,
  0x2274, 0x2274, 0x2274, 0x2274, 0x2274, 0x2274, 0x9087, 0x9087, 0x9087, 0x9087, 0x9087, 0x2274,
  0x9087, 0x9087, 0x9087, 0x9087, 0x9087, 0x2274, 0x2274, 0x2274, 0x2274, 0x2274, 0x2274, 0x2274,
  0x9087, 0x9087, 0x9087, 0x9087, 0x9087, 0x2274, 0x2274, 0x2274, 0x2274, 0x2274, 0x2274, 0x2274,
  0x2274, 0x2274, 0x2274, 0x2274, 0x2274, 0x2274, 0x2274, 0x2274, 0x2274, 0x2274, 0x2274, 0x2274,
  0x9087, 0x9087, 0x9087, 0x9087, 0x9087, 0x9087, 0x9087, 0x9087, 0x9087, 0x9087, 0x9087, 0x9087,
  0x9087, 0x9087, 0x2274, 0x2274, 0x2274, 0x2274, 0x2274, 0x2274, 0x2274, 0x9087, 0x9087, 0x9087,
  0x9087, 0x9087, 0x9087, 0x9087, 0x9087, 0x9087, 0x9087, 0x9087, 0x2274, 0x2274, 0x2274, 0x2274,
  0x2274, 0x2274, 0x2274, 0x9087, 0x9087, 0x9087, 0x9087, 0x9087, 0x9087, 0x9087, 0x9087, 0x9087,
  0x9087, 0x9087, 0x2274, 0x2274, 0x2274, 0x2274, 0x2274, 0x2274, 0x2274, 0x9087, 0x9087, 0x9087,
  0x9087, 0x9087, 0x9087, 0x9087, 0x9087, 0x9087, 0x9087, 0x9087, 0x2274, 0x2274, 0x2274, 0x2274,
  0x2274, 0x2274, 0x2274, 0x2274, 0x2274, 0x2274, 0x9087, 0x9087, 0x9087, 0x9087, 0x9087, 0x2274,
  0x2274, 0x2274, 0x2274, 0x2274, 0x2274, 0x2274, 0x9087, 0x9087, 0x9087, 0x9087, 0x9087, 0x2274,
  0x2274, 0x2274, 0x2274, 0x2274, 0x2274, 0x2274, 0x9087, 0x9087, 0x9087, 0x9087, 0x9087, 0x2274,
  0x9087, 0x9087, 0x9087, 0x9087, 0x9087, 0x9087, 0x9087, 0x9087, 0x9087, 0x9087, 0x9087, 0x9087,
  0x9087, 0x9087, 0x9087, 0x9087, 0x9087, 0x2274, 0x2274, 0x2274, 0x2274, 0x2274, 0x2274, 0x2274,
  0x2274, 0x2274, 0x2274, 0x2274, 0x2274, 0x2274, 0x2274, 0x2274, 0x2274, 0x2274, 0x2274, 0x2274,
  0x2274, 0x2274, 0x2274, 0x2274, 0x1A32, 0x1A32, 0x1A32, 0x1A32, 0x1A32, 0x1A32, 0x1A32, 0x1A32,
  0x1A32, 0x1A32, 0x1A32, 0x1A32, 0x1A32, 0x1A32, 0x1A32, 0x1A32, 0x1A32, 0x1A32, 0x1A32, 0x1A32,
  0x1A32, 0x1A32, 0x1A32, 0x1A32, 0x1A32, 0x1A32, 0x1A32, 0x1A32, 0x1A32, 0x1A32, 0x1A32, 0x8066,
  0x8066, 0x8066, 0x8066, 0x8066, 0x8066, 0x8066, 0x8066, 0x8066, 0x8066, 0x8066, 0x1A32, 0x1A32,
  0x1A32, 0x1A32, 0x8066, 0x8066, 0x8066, 0x8066, 0x8066, 0x1A32, 0x1A32, 0x1A32, 0x1A32, 0x1A32,
  0x1A32, 0x1A32, 0x8066, 0x8066, 0x8066, 0x8066, 0x8066, 0x1A32, 0x8066, 0x8066, 0x8066, 0x8066,
  0x8066, 0x1A32, 0x1A32, 0x1A32, 0x1A32, 0x1A32, 0x1A32, 0x1A32, 0x8066, 0x8066, 0x8066, 0x8066,
  0x8066, 0x1A32, 0x8066, 0x8066, 0x8066, 0x8066, 0x8066, 0x1A32, 0x1A32, 0x1A32, 0x1A32, 0x1A32,
  0x1A32, 0x1A32, 0x8066, 0x8066, 0x8066, 0x8066, 0x8066, 0x1A32, 0x8066, 0x8066, 0x8066, 0x8066,
  0x8066, 0x8066, 0x8066, 0x8066, 0x8066, 0x8066, 0x8066, 0x8066, 0x8066, 0x8066, 0x8066, 0x8066,
  0x8066, 0x1A32, 0x8066, 0x8066, 0x8066, 0x8066, 0x8066, 0x1A32, 0x1A32, 0x1A32, 0x1A32, 0x1A32,
  0x1A32, 0x1A32, 0x8066, 0x8066, 0x8066, 0x8066, 0x8066, 0x1A32, 0x8066, 0x8066, 0x8066, 0x8066,
  0x8066, 0x1A32, 0x1A32, 0x1A32, 0x1A32, 0x1A32, 0x1A32, 0x1A32, 0x8066, 0x8066, 0x8066, 0x8066,
  0x8066, 0x1A32, 0x1A32, 0x1A32, 0x1A32, 0x1A32, 0x1A32, 0x1A32, 0x1A32, 0x1A32, 0x1A32, 0x1A32,
  0x1A32, 0x1A32, 0x1A32, 0x1A32, 0x1A32, 0x1A32, 0x1A32, 0x1A32, 0x8066, 0x8066, 0x8066, 0x8066,
  0x8066, 0x8066, 0x8066, 0x8066, 0x8066, 0x8066, 0x8066, 0x8066, 0x8066, 0x8066, 0x1A32, 0x1A32,
  0x1A32, 0x1A32, 0x1A32, 0x1A32, 0x1A32, 0x8066, 0x8066, 0x8066, 0x8066, 0x8066, 0x8066, 0x8066,
  0x8066, 0x8066, 0x8066, 0x8066, 0x1A32, 0x1A32, 0x1A32, 0x1A32, 0x1A32, 0x1A32, 0x1A32, 0x8066,
  0x8066, 0x8066, 0x8066, 0x8066, 0x8066, 0x8066, 0x8066, 0x8066, 0x8066, 0x8066, 0x1A32, 0x1A32,
  0x1A32, 0x1A32, 0x1A32, 0x1A32, 0x1A32, 0x8066, 0x8066, 0x8066, 0x8066, 0x8066, 0x8066, 0x8066,
  0x8066, 0x8066, 0x8066, 0x8066, 0x1A32, 0x1A32, 0x1A32, 0x1A32, 0x1A32, 0x1A32, 0x1A32, 0x1A32,
  0x1A32, 0x1A32, 0x8066, 0x8066, 0x8066, 0x8066, 0x8066, 0x1A32, 0x1A32, 0x1A32, 0x1A32, 0x1A32,
  0x1A32, 0x1A32, 0x8066, 0x8066, 0x8066, 0x8066, 0x8066, 0x1A32, 0x1A32, 0x1A32, 0x1A32, 0x1A32,
  0x1A32, 0x1A32, 0x8066, 0x8066, 0x8066, 0x8066, 0x8066, 0x1A32, 0x8066, 0x8066, 0x8066, 0x8066,
  0x8066, 0x8066, 0x8066, 0x8066, 0x8066, 0x8066, 0x8066, 0x8066, 0x8066, 0x8066, 0x8066, 0x8066,
  0x8066, 0x1A32, 0x1A32, 0x1A32, 0x1A32, 0x1A32, 0x1A32, 0x1A32, 0x1A32, 0x1A32, 0x1A32, 0x1A32,
  0x1A32, 0x1A32, 0x1A32, 0x1A32, 0x1A32, 0x1A32, 0x1A32, 0x1A32, 0x1A32, 0x1A32, 0x1A32, 0x1A32,
  0x2274, 0x2274, 0x2274, 0x2274, 0x2274, 0x2274, 0x2274, 0x2274, 0x2274, 0x2274, 0x2274, 0x2274,
  0x2274, 0x2274, 0x2274, 0x2274, 0x2274, 0x2274, 0x2274, 0x2274, 0x2274, 0x2274, 0x2274, 0x2274,
  0x2274, 0x2274, 0x2274, 0x2274, 0x2274, 0x2274, 0x2274, 0x2274, 0x2274, 0x2274, 0x2274, 0x2274,
  0x2274, 0x2274, 0x2274, 0x2274, 0x2274, 0x2274, 0x2274, 0x2274, 0x2274, 0x2274, 0x2274, 0x2274,
  0x2274, 0x2274, 0x2274, 0x2274, 0x2274, 0x2274, 0x2274, 0x2274, 0x2274, 0x2274, 0x2274, 0x2274,
  0x2274, 0x2274, 0x2274, 0x2274, 0x2274, 0x2274, 0x2274, 0x2274, 0x2274, 0x2274, 0x2274, 0x2274,
  0x2274, 0x2274, 0x2274, 0x2274, 0x2274, 0x2274, 0x2274, 0x2274, 0x2274, 0x2274, 0x2274, 0x2274,
  0x2274, 0x2274, 0x2274, 0x2274, 0x2274, 0x2274, 0x2274, 0x2274, 0x2274, 0x2274, 0x2274, 0x2274,
  0x2274, 0x2274, 0x2274, 0x2274, 0x2274, 0x2274, 0x2274, 0x2274, 0x2274, 0x2274, 0x2274, 0x2274,
  0x2274, 0x2274, 0x2274, 0x2274, 0x2274, 0x2274, 0x2274, 0x2274, 0x2274, 0x2274, 0x2274, 0x2274,
  0x2274, 0x2274, 0x2274, 0x2274, 0x2274, 0x2274, 0x2274, 0x2274, 0x2274, 0x2274, 0x2274, 0x2274,
  0x2274, 0x2274, 0x2274, 0x2274, 0x2274, 0x2274, 0x2274, 0x2274, 0x2274, 0x2274, 0x2274, 0x2274,
  0x2274, 0x2274, 0x2274, 0x2274, 0x2274, 0x2274, 0x2274, 0x2274, 0x2274, 0x2274, 0x2274, 0x2274,
  0x2274, 0x2274, 0x2274, 0x2274, 0x2274, 0x2274, 0x2274, 0x2274, 0x2274, 0x2274, 0x2274, 0x2274,
  0x2274, 0x2274, 0x2274, 0x2274, 0x2274, 0x2274, 0x2274, 0x2274, 0x2274, 0x2274, 0x2274, 0x2274,
  0x2274, 0x2274, 0x2274, 0x2274, 0x2274, 0x2274, 0x2274, 0x2274, 0x2274, 0x2274, 0x2274, 0x2274,
  0x2274, 0x2274, 0x2274, 0x2274, 0x2274, 0x2274, 0x2274, 0x2274, 0x2274, 0x2274, 0x2274, 0x2274,
  0x2274, 0x2274, 0x2274, 0x2274, 0x2274, 0x2274, 0x2274, 0x2274, 0x2274, 0x2274, 0x2274, 0x2274,
  0x2274, 0x2274, 0x2274, 0x2274, 0x2274, 0x2274, 0x2274, 0x2274, 0x2274, 0x2274, 0x2274, 0x2274,
  0x2274, 0x2274, 0x2274, 0x2274, 0x2274, 0x2274, 0x2274, 0x2274, 0x2274, 0x2274, 0x2274, 0x2274,
  0x2274, 0x2274, 0x2274, 0x2274, 0x2274, 0x2274, 0x2274, 0x2274, 0x2274, 0x2274, 0x2274, 0x2274,
  0x2274, 0x2274, 0x2274, 0x2274, 0x2274, 0x2274, 0x2274, 0x2274, 0x2274, 0x2274, 0x2274, 0x2274,
  0x2274, 0x2274, 0x2274, 0x2274, 0x2274, 0x2274, 0x2274, 0x2274, 0x2274, 0x2274, 0x2274, 0x2274,
  0x2274, 0x2274, 0x2274, 0x2274, 0x2274, 0x2274, 0x2274, 0x2274, 0x2274, 0x2274, 0x2274, 0x2274,
  0x2274, 0x2274, 0x2274, 0x2274, 0x2274, 0x2274, 0x2274, 0x2274, 0x2274, 0x2274, 0x2274, 0x2274,
  0x2274, 0x2274, 0x2274, 0x2274, 0x2274, 0x2274, 0x2274, 0x2274, 0x2274, 0x2274, 0x2274, 0x2274,
  0x2274, 0x2274, 0x2274, 0x2274, 0x2274, 0x2274, 0x2274, 0x2274, 0x1A32, 0x1A32, 0x1A32, 0x1A32,
  0x1A32, 0x1A32, 0x1A32, 0x1A32, 0x1A32, 0x1A32, 0x1A32, 0x1A32, 0x1A32, 0x1A32, 0x1A32, 0x1A32,
  0x1A32, 0x1A32, 0x1A32, 0x1A32, 0x1A32, 0x1A32, 0x1A32, 0x1A32, 0x1A32, 0x1A32, 0x1A32, 0x1A32,
  0x1A32, 0x1A32, 0x1A32, 0x1A32, 0x1A32, 0x1A32, 0x1A32, 0x1A32, 0x1A32, 0x1A32, 0x1A32, 0x1A32,
  0x1A32, 0x1A32, 0x1A32, 0x1A32, 0x1A32, 0x1A32, 0x1A32, 0x1A32, 0x1A32, 0x1A32, 0x1A32, 0x1A32,
  0x1A32, 0x1A32, 0x1A32, 0x1A32, 0x1A32, 0x1A32, 0x1A32, 0x1A32, 0x1A32, 0x1A32, 0x1A32, 0x1A32,
  0x1A32, 0x1A32, 0x1A32, 0x1A32, 0x1A32, 0x1A32, 0x1A32, 0x1A32, 0x1A32, 0x1A32, 0x1A32, 0x1A32,
  0x1A32, 0x1A32, 0x1A32, 0x1A32, 0x1A32, 0x1A32, 0x1A32, 0x1A32, 0x1A32, 0x1A32, 0x1A32, 0x1A32,
  0x1A32, 0x1A32, 0x1A32, 0x1A32, 0x1A32, 0x1A32, 0x1A32, 0x1A32, 0x1A32, 0x1A32, 0x1A32, 0x1A32,
  0x1A32, 0x1A32, 0x1A32, 0x1A32, 0x1A32, 0x1A32, 0x1A32, 0x1A32, 0x1A32, 0x1A32, 0x1A32, 0x1A32,
  0x1A32, 0x1A32, 0x1A32, 0x1A32, 0x1A32, 0x1A32, 0x1A32, 0x1A32, 0x1A32, 0x1A32, 0x1A32, 0x1A32,
  0x1A32, 0x1A32, 0x1A32, 0x1A32, 0x1A32, 0x1A32, 0x1A32, 0x1A32, 0x1A32, 0x1A32, 0x1A32, 0x1A32,
  0x1A32, 0x1A32, 0x1A32, 0x1A32, 0x1A32, 0x1A32, 0x1A32, 0x1A32, 0x1A32, 0x1A32, 0x1A32, 0x1A32,
  0x1A32, 0x1A32, 0x1A32, 0x1A32, 0x1A32, 0x1A32, 0x1A32, 0x1A32, 0x1A32, 0x1A32, 0x1A32, 0x1A32,
  0x1A32, 0x1A32, 0x1A32, 0x1A32, 0x1A32, 0x1A32, 0x1A32, 0x1A32, 0x1A32, 0x1A32, 0x1A32, 0x1A32,
  0x1A32, 0x1A32, 0x1A32, 0x1A32, 0x1A32, 0x1A32, 0x1A32, 0x1A32, 0x1A32, 0x1A32, 0x1A32, 0x1A32,
  0x1A32, 0x1A32, 0x1A32, 0x1A32, 0x1A32, 0x1A32, 0x1A32, 0x1A32, 0x1A32, 0x1A32, 0x1A32, 0x1A32,
  0x1A32, 0x1A32, 0x1A32, 0x1A32, 0x1A32, 0x1A32, 0x1A32, 0x1A32, 0x1A32, 0x1A32, 0x1A32, 0x1A32,
  0x1A32, 0x1A32, 0x1A32, 0x1A32, 0x1A32, 0x1A32, 0x1A32, 0x1A32, 0x1A32, 0x1A32, 0x1A32, 0x1A32,
  0x1A32, 0x1A32, 0x1A32, 0x1A32, 0x1A32, 0x1A32, 0x1A32, 0x1A32, 0x1A32, 0x1A32, 0x1A32, 0x1A32,
  0x1A32, 0x1A32, 0x1A32, 0x1A32, 0x1A32, 0x1A32, 0x1A32, 0x1A32, 0x1A32, 0x1A32, 0x1A32, 0x1A32,
  0x1A32, 0x1A32, 0x1A32, 0x1A32, 0x1A32, 0x1A32, 0x1A32, 0x1A32, 0x1A32, 0x1A32, 0x1A32, 0x1A32,
  0x1A32, 0x1A32, 0x1A32, 0x1A32, 0x1A32, 0x1A32, 0x1A32, 0x1A32, 0x1A32, 0x1A32, 0x1A32, 0x1A32,
  0x1A32, 0x1A32, 0x1A32, 0x1A32, 0x1A32, 0x1A32, 0x1A32, 0x1A32, 0x1A32, 0x1A32, 0x1A32, 0x1A32,
  0x1A32, 0x1A32, 0x1A32, 0x1A32, 0x1A32, 0x1A32, 0x1A32, 0x1A32, 0x1A32, 0x1A32, 0x1A32, 0x1A32,
  0x1A32, 0x1A32, 0x1A32, 0x1A32, 0x1A32, 0x1A32, 0x1A32, 0x1A32, 0x1A32, 0x1A32, 0x1A32, 0x1A32,
  0x1A32, 0x1A32, 0x1A32, 0x1A32, 0x1A32, 0x1A32, 0x1A32, 0x1A32, 0x1A32, 0x1A32, 0x1A32, 0x1A32,
  0x1A32, 0x1A32, 0x1A32, 0x1A32, 0x2274, 0x2274, 0x2274, 0x2274, 0x2274, 0x2274, 0x2274, 0x2274,
  0x2274, 0x2274, 0x2274, 0x2274, 0x2274, 0x2274, 0x2274, 0x2274, 0x2274, 0x2274, 0x2274, 0x2274,
  0x2274, 0x2274, 0x2274, 0x2274, 0x2274, 0x2274, 0x2274, 0x2274, 0x2274, 0x2274, 0x2274, 0x2274,
  0x2274, 0x2274, 0x2274, 0x2274, 0x2274, 0x2274, 0x2274, 0x2274, 0x2274, 0x2274, 0x2274, 0x2274,
  0x2274, 0x2274, 0x2274, 0x2274, 0x2274, 0x2274, 0x2274, 0x2274, 0x2274, 0x2274, 0x2274, 0x2274,
  0x2274, 0x2274, 0x2274, 0x2274, 0x2274, 0x2274, 0x2274, 0x2274, 0x2274, 0x2274, 0x2274, 0x2274,
  0x2274, 0x2274, 0x2274, 0x2274, 0x2274, 0x0847, 0x0847, 0x0847, 0x0847, 0x0847, 0x0847, 0x0847,
  0x0847, 0x0847, 0x0847, 0x0847, 0x0847, 0x0847, 0x0847, 0x2274, 0x2274, 0x2274, 0x2274, 0x0847,
  0x0847, 0x0847, 0x0847, 0x0847, 0x0847, 0x0847, 0x0847, 0x0847, 0x0847, 0x0847, 0x2274, 0x2274,
  0x2274, 0x2274, 0x0847, 0x0847, 0x0847, 0x0847, 0x0847, 0x0847, 0x0847, 0x0847, 0x0847, 0x0847,
  0x0847, 0x0847, 0x0847, 0x0847, 0x0847, 0x0847, 0x0847, 0x2274, 0x0847, 0x0847, 0x0847, 0x0847,
  0x0847, 0x0847, 0x0847, 0x0847, 0x0847, 0x0847, 0x0847, 0x0847, 0x0847, 0x0847, 0x0847, 0x0847,
  0x0847, 0x2274, 0x0847, 0x0847, 0x0847, 0x0847, 0x0847, 0x0847, 0x0847, 0x0847, 0x0847, 0x0847,
  0x0847, 0x0847, 0x0847, 0x0847, 0x0847, 0x0847, 0x0847, 0x2274, 0x0847, 0x0847, 0x0847, 0x0847,
  0x0847, 0x2274, 0x2274, 0x2274, 0x2274, 0x2274, 0x2274, 0x2274, 0x0847, 0x0847, 0x0847, 0x0847,
  0x0847, 0x2274, 0x2274, 0x2274, 0x2274, 0x2274, 0x2274, 0x2274, 0x2274, 0x2274, 0x2274, 0x2274,
  0x2274, 0x2274, 0x2274, 0x2274, 0x2274, 0x2274, 0x2274, 0x2274, 0x2274, 0x2274, 0x2274, 0x0847,
  0x0847, 0x0847, 0x0847, 0x0847, 0x0847, 0x0847, 0x0847, 0x0847, 0x0847, 0x0847, 0x2274, 0x2274,
  0x2274, 0x2274, 0x2274, 0x2274, 0x2274, 0x0847, 0x0847, 0x0847, 0x0847, 0x0847, 0x0847, 0x0847,
  0x0847, 0x0847, 0x0847, 0x0847, 0x2274, 0x2274, 0x2274, 0x2274, 0x0847, 0x0847, 0x0847, 0x0847,
  0x0847, 0x0847, 0x0847, 0x0847, 0x0847, 0x0847, 0x0847, 0x0847, 0x0847, 0x0847, 0x2274, 0x2274,
  0x2274, 0x2274, 0x2274, 0x2274, 0x2274, 0x2274, 0x2274, 0x2274, 0x2274, 0x2274, 0x2274, 0x2274,
  0x2274, 0x2274, 0x2274, 0x2274, 0x2274, 0x2274, 0x2274, 0x2274, 0x2274, 0x2274, 0x2274, 0x2274,
  0x2274, 0x2274, 0x2274, 0x2274, 0x2274, 0x2274, 0x2274, 0x2274, 0x2274, 0x2274, 0x2274, 0x2274,
  0x2274, 0x2274, 0x2274, 0x2274, 0x2274, 0x2274, 0x2274, 0x2274, 0x2274, 0x2274, 0x2274, 0x2274,
  0x2274, 0x2274, 0x2274, 0x2274, 0x2274, 0x2274, 0x2274, 0x2274, 0x2274, 0x2274, 0x2274, 0x2274,
  0x2274, 0x2274, 0x2274, 0x2274, 0x2274, 0x2274, 0x2274, 0x2274, 0x2274, 0x2274, 0x2274, 0x2274,
  0x1A32, 0x1A32, 0x1A32, 0x1A32, 0x1A32, 0x1A32, 0x1A32, 0x1A32, 0x1A32, 0x1A32, 0x1A32, 0x1A32,
  0x1A32, 0x1A32, 0x1A32, 0x1A32, 0x1A32, 0x1A32, 0x1A32, 0x1A32, 0x1A32, 0x1A32, 0x1A32, 0x1A32,
  0x1A32, 0x1A32, 0x1A32, 0x1A32, 0x1A32, 0x1A32, 0x1A32, 0x1A32, 0x1A32, 0x1A32, 0x1A32, 0x1A32,
  0x1A32, 0x1A32, 0x1A32, 0x1A32, 0x1A32, 0x1A32, 0x1A32, 0x1A32, 0x1A32, 0x1A32, 0x1A32, 0x1A32,
  0x1A32, 0x1A32, 0x1A32, 0x1A32, 0x1A32, 0x1A32, 0x1A32, 0x1A32, 0x1A32, 0x1A32, 0x1A32, 0x1A32,
  0x1A32, 0x1A32, 0x1A32, 0x1A32, 0x1A32, 0x1A32, 0x1A32, 0x1A32, 0x1A32, 0x1A32, 0x1A32, 0x1A32,
  0x1A32, 0x0846, 0xC6FB, 0xC6FB, 0xC6FB, 0xC6FB, 0xC6FB, 0xC6FB, 0xC6FB, 0xC6FB, 0xC6FB, 0xC6FB,
  0xC6FB, 0xC6FB, 0x0846, 0x1A32, 0x1A32, 0x1A32, 0x1A32, 0x0846, 0xC6FB, 0xC6FB, 0xC6FB, 0xC6FB,
  0xC6FB, 0xC6FB, 0xC6FB, 0xC6FB, 0xC6FB, 0x0846, 0x1A32, 0x1A32, 0x1A32, 0x1A32, 0x0846, 0xC6FB,
  0xC6FB, 0xC6FB, 0xC6FB, 0xC6FB, 0xC6FB, 0xC6FB, 0xC6FB, 0xC6FB, 0xC6FB, 0xC6FB, 0xC6FB, 0xC6FB,
  0xC6FB, 0xC6FB, 0x0846, 0x1A32, 0x0846, 0xC6FB, 0xC6FB, 0xC6FB, 0xC6FB, 0xC6FB, 0xC6FB, 0xC6FB,
  0xC6FB, 0xC6FB, 0xC6FB, 0xC6FB, 0xC6FB, 0xC6FB, 0xC6FB, 0xC6FB, 0x0846, 0x1A32, 0x0846, 0xC6FB,
  0xC6FB, 0xC6FB, 0xC6FB, 0xC6FB, 0xC6FB, 0xC6FB, 0xC6FB, 0xC6FB, 0xC6FB, 0xC6FB, 0xC6FB, 0xC6FB,
  0xC6FB, 0xC6FB, 0x0846, 0x1A32, 0x0846, 0xC6FB, 0xC6FB, 0xC6FB, 0x0846, 0x1A32, 0x1A32, 0x1A32,
  0x1A32, 0x1A32, 0x1A32, 0x1A32, 0x0846, 0xC6FB, 0xC6FB, 0xC6FB, 0x0846, 0x1A32, 0x1A32, 0x1A32,
  0x1A32, 0x1A32, 0x1A32, 0x1A32, 0x1A32, 0x1A32, 0x1A32, 0x1A32, 0x1A32, 0x1A32, 0x1A32, 0x1A32,
  0x1A32, 0x1A32, 0x1A32, 0x1A32, 0x1A32, 0x1A32, 0x1A32, 0x0846, 0xC6FB, 0xC6FB, 0xC6FB, 0xC6FB,
  0xC6FB, 0xC6FB, 0xC6FB, 0xC6FB, 0xC6FB, 0x0846, 0x1A32, 0x1A32, 0x1A32, 0x1A32, 0x1A32, 0x1A32,
  0x1A32, 0x0846, 0xC6FB, 0xC6FB, 0xC6FB, 0xC6FB, 0xC6FB, 0xC6FB, 0xC6FB, 0xC6FB, 0xC6FB, 0x0846,
  0x1A32, 0x1A32, 0x1A32, 0x1A32, 0x0846, 0xC6FB, 0xC6FB, 0xC6FB, 0xC6FB, 0xC6FB, 0xC6FB, 0xC6FB,
  0xC6FB, 0xC6FB, 0xC6FB, 0xC6FB, 0xC6FB, 0x0846, 0x1A32, 0x1A32, 0x1A32, 0x1A32, 0x1A32, 0x1A32,
  0x1A32, 0x1A32, 0x1A32, 0x1A32, 0x1A32, 0x1A32, 0x1A32, 0x1A32, 0x1A32, 0x1A32, 0x1A32, 0x1A32,
  0x1A32, 0x1A32, 0x1A32, 0x1A32, 0x1A32, 0x1A32, 0x1A32, 0x1A32, 0x1A32, 0x1A32, 0x1A32, 0x1A32,
  0x1A32, 0x1A32, 0x1A32, 0x1A32, 0x1A32, 0x1A32, 0x1A32, 0x1A32, 0x1A32, 0x1A32, 0x1A32, 0x1A32,
  0x1A32, 0x1A32, 0x1A32, 0x1A32, 0x1A32, 0x1A32, 0x1A32, 0x1A32, 0x1A32, 0x1A32, 0x1A32, 0x1A32,
  0x1A32, 0x1A32, 0x1A32, 0x1A32, 0x1A32, 0x1A32, 0x1A32, 0x1A32, 0x1A32, 0x1A32, 0x1A32, 0x1A32,
  0x1A32, 0x1A32, 0x1A32, 0x1A32, 0x1A32, 0x1A32, 0x1A32, 0x1A32, 0x2274, 0x2274, 0x2274, 0x2274,
  0x2274, 0x2274, 0x2274, 0x2274, 0x2274, 0x2274, 0x2274, 0x2274, 0x2274, 0x2274, 0x2274, 0x2274,
  0x2274, 0x2274, 0x2274, 0x2274, 0x2274, 0x2274, 0x2274, 0x2274, 0x2274, 0x2274, 0x2274, 0x2274,
  0x2274, 0x2274, 0x2274, 0x2274, 0x2274, 0x2274, 0x2274, 0x2274, 0x2274, 0x2274, 0x2274, 0x2274,
  0x2274, 0x2274, 0x2274, 0x2274, 0x2274, 0x2274, 0x2274, 0x2274, 0x2274, 0x2274, 0x2274, 0x2274,
  0x2274, 0x2274, 0x2274, 0x2274, 0x2274, 0x2274, 0x2274, 0x2274, 0x2274, 0x2274, 0x2274, 0x2274,
  0x2274, 0x2274, 0x2274, 0x2274, 0x2274, 0x2274, 0x2274, 0x2274, 0x2274, 0x0847, 0xE7FF, 0xE7FF,
  0xE7FF, 0xE7FF, 0xE7FF, 0xE7FF, 0xE7FF, 0xE7FF, 0xE7FF, 0xE7FF, 0xE7FF, 0xE7FF, 0x0847, 0x2274,
  0x2274, 0x2274, 0x2274, 0x0847, 0xE7FF, 0xE7FF, 0xE7FF, 0xE7FF, 0xE7FF, 0xE7FF, 0xE7FF, 0xE7FF,
  0xE7FF, 0x0847, 0x2274, 0x2274, 0x2274, 0x2274, 0x0847, 0xE7FF, 0xE7FF, 0xE7FF, 0xE7FF, 0xE7FF,
  0xE7FF, 0xE7FF, 0xE7FF, 0xE7FF, 0xE7FF, 0xE7FF, 0xE7FF, 0xE7FF, 0xE7FF, 0xE7FF, 0x0847, 0x2274,
  0x0847, 0xE7FF, 0xE7FF, 0xE7FF, 0xE7FF, 0xE7FF, 0xE7FF, 0xE7FF, 0xE7FF, 0xE7FF, 0xE7FF, 0xE7FF,
  0xE7FF, 0xE7FF, 0xE7FF, 0xE7FF, 0x0847, 0x2274, 0x0847, 0xE7FF, 0xE7FF, 0xE7FF, 0xE7FF, 0xE7FF,
  0xE7FF, 0xE7FF, 0xE7FF, 0xE7FF, 0xE7FF, 0xE7FF, 0xE7FF, 0xE7FF, 0xE7FF, 0xE7FF, 0x0847, 0x2274,
  0x0847, 0xE7FF, 0xE7FF, 0xE7FF, 0x0847, 0x2274, 0x2274, 0x2274, 0x2274, 0x2274, 0x2274, 0x2274,
  0x0847, 0xE7FF, 0xE7FF, 0xE7FF, 0x0847, 0x2274, 0x2274, 0x2274, 0x2274, 0x2274, 0x2274, 0x2274,
  0x2274, 0x2274, 0x2274, 0x2274, 0x2274, 0x2274, 0x2274, 0x2274, 0x2274, 0x2274, 0x2274, 0x2274,
  0x2274, 0x2274, 0x2274, 0x0847, 0xE7FF, 0xE7FF, 0xE7FF, 0xE7FF, 0xE7FF, 0xE7FF, 0xE7FF, 0xE7FF,
  0xE7FF, 0x0847, 0x2274, 0x2274, 0x2274, 0x2274, 0x2274, 0x2274, 0x2274, 0x0847, 0xE7FF, 0xE7FF,
  0xE7FF, 0xE7FF, 0xE7FF, 0xE7FF, 0xE7FF, 0xE7FF, 0xE7FF, 0x0847, 0x2274, 0x2274, 0x2274, 0x2274,
  0x0847, 0xE7FF, 0xE7FF, 0xE7FF, 0xE7FF, 0xE7FF, 0xE7FF, 0xE7FF, 0xE7FF, 0xE7FF, 0xE7FF, 0xE7FF,
  0xE7FF, 0x0847, 0x2274, 0x2274, 0x2274, 0x2274, 0x2274, 0x2274, 0x2274, 0x2274, 0x2274, 0x2274,
  0x2274, 0x2274, 0x2274, 0x2274, 0x2274, 0x2274, 0x2274, 0x2274, 0x2274, 0x2274, 0x2274, 0x2274,
  0x2274, 0x2274, 0x2274, 0x2274, 0x2274, 0x2274, 0x2274, 0x2274, 0x2274, 0x2274, 0x2274, 0x2274,
  0x2274, 0x2274, 0x2274, 0x2274, 0x2274, 0x2274, 0x2274, 0x2274, 0x2274, 0x2274, 0x2274, 0x2274,
  0x2274, 0x2274, 0x2274, 0x2274, 0x2274, 0x2274, 0x2274, 0x2274, 0x2274, 0x2274, 0x2274, 0x2274,
  0x2274, 0x2274, 0x2274, 0x2274, 0x2274, 0x2274, 0x2274, 0x2274, 0x2274, 0x2274, 0x2274, 0x2274,
  0x2274, 0x2274, 0x2274, 0x2274, 0x1A32, 0x1A32, 0x1A32, 0x1A32, 0x1A32, 0x1A32, 0x1A32, 0x1A32,
  0x1A32, 0x1A32, 0x1A32, 0x1A32, 0x1A32, 0x1A32, 0x1A32, 0x1A32, 0x1A32, 0x1A32, 0x1A32, 0x1A32,
  0x1A32, 0x1A32, 0x1A32, 0x1A32, 0x1A32, 0x1A32, 0x1A32, 0x1A32, 0x1A32, 0x1A32, 0x1A32, 0x1A32,
  0x1A32, 0x1A32, 0x1A32, 0x1A32, 0x1A32, 0x1A32, 0x1A32, 0x1A32, 0x1A32, 0x1A32, 0x1A32, 0x1A32,
  0x1A32, 0x1A32, 0x1A32, 0x1A32, 0x1A32, 0x1A32, 0x1A32, 0x1A32, 0x1A32, 0x1A32, 0x1A32, 0x1A32,
  0x1A32, 0x1A32, 0x1A32, 0x1A32, 0x1A32, 0x1A32, 0x1A32, 0x1A32, 0x1A32, 0x1A32, 0x1A32, 0x1A32,
  0x1A32, 0x1A32, 0x0846, 0x0846, 0x0846, 0x0846, 0xC6FB, 0xC6FB, 0xC6FB, 0xC6FB, 0xC6FB, 0xC6FB,
  0xC6FB, 0xC6FB, 0xC6FB, 0xC6FB, 0xC6FB, 0xC6FB, 0x0846, 0x110F, 0x0846, 0x0846, 0x0846, 0x0846,
  0xC6FB, 0xC6FB, 0xC6FB, 0xC6FB, 0xC6FB, 0xC6FB, 0xC6FB, 0xC6FB, 0xC6FB, 0x0846, 0x0846, 0x0846,
  0x0846, 0x1A32, 0x0846, 0xC6FB, 0xC6FB, 0xC6FB, 0xC6FB, 0xC6FB, 0xC6FB, 0xC6FB, 0xC6FB, 0xC6FB,
  0xC6FB, 0xC6FB, 0xC6FB, 0xC6FB, 0xC6FB, 0xC6FB, 0x0846, 0x110F, 0x0846, 0xC6FB, 0xC6FB, 0xC6FB,
  0xC6FB, 0xC6FB, 0xC6FB, 0xC6FB, 0xC6FB, 0xC6FB, 0xC6FB, 0xC6FB, 0xC6FB, 0xC6FB, 0xC6FB, 0xC6FB,
  0x0846, 0x110F, 0x0846, 0xC6FB, 0xC6FB, 0xC6FB, 0xC6FB, 0xC6FB, 0xC6FB, 0xC6FB, 0xC6FB, 0xC6FB,
  0xC6FB, 0xC6FB, 0xC6FB, 0xC6FB, 0xC6FB, 0xC6FB, 0x0846, 0x110F, 0x0846, 0xC6FB, 0xC6FB, 0xC6FB,
  0x0846, 0x110F, 0x110F, 0x110F, 0x1A32, 0x1A32, 0x1A32, 0x1A32, 0x0846, 0xC6FB, 0xC6FB, 0xC6FB,
  0x0846, 0x110F, 0x110F, 0x110F, 0x1A32, 0x1A32, 0x1A32, 0x1A32, 0x1A32, 0x1A32, 0x1A32, 0x1A32,
  0x1A32, 0x1A32, 0x1A32, 0x1A32, 0x1A32, 0x1A32, 0x1A32, 0x1A32, 0x0846, 0x0846, 0x0846, 0x0846,
  0xC6FB, 0xC6FB, 0xC6FB, 0xC6FB, 0xC6FB, 0xC6FB, 0xC6FB, 0xC6FB, 0xC6FB, 0x0846, 0x0846, 0x0846,
  0x0846, 0x1A32, 0x0846, 0x0846, 0x0846, 0x0846, 0xC6FB, 0xC6FB, 0xC6FB, 0xC6FB, 0xC6FB, 0xC6FB,
  0xC6FB, 0xC6FB, 0xC6FB, 0x0846, 0x0846, 0x0846, 0x0846, 0x1A32, 0x0846, 0xC6FB, 0xC6FB, 0xC6FB,
  0xC6FB, 0xC6FB, 0xC6FB, 0xC6FB, 0xC6FB, 0xC6FB, 0xC6FB, 0xC6FB, 0xC6FB, 0x0846, 0x0846, 0x0846,
  0x0846, 0x1A32, 0x1A32, 0x1A32, 0x1A32, 0x1A32, 0x1A32, 0x1A32, 0x1A32, 0x1A32, 0x1A32, 0x1A32,
  0x1A32, 0x1A32, 0x1A32, 0x1A32, 0x1A32, 0x1A32, 0x1A32, 0x1A32, 0x1A32, 0x1A32, 0x1A32, 0x1A32,
  0x1A32, 0x1A32, 0x1A32, 0x1A32, 0x1A32, 0x1A32, 0x1A32, 0x1A32, 0x1A32, 0x1A32, 0x1A32, 0x1A32,
  0x1A32, 0x1A32, 0x1A32, 0x1A32, 0x1A32, 0x1A32, 0x1A32, 0x1A32, 0x1A32, 0x1A32, 0x1A32, 0x1A32,
  0x1A32, 0x1A32, 0x1A32, 0x1A32, 0x1A32, 0x1A32, 0x1A32, 0x1A32, 0x1A32, 0x1A32, 0x1A32, 0x1A32,
  0x1A32, 0x1A32, 0x1A32, 0x1A32, 0x1A32, 0x1A32, 0x1A32, 0x1A32, 0x1A32, 0x1A32, 0x1A32, 0x1A32,
  0x22D6, 0x22D6, 0x22D6, 0x22D6, 0x22D6, 0x22D6, 0x22D6, 0x22D6, 0x22D6, 0x22D6, 0x22D6, 0x22D6,
  0x22D6, 0x22D6, 0x22D6, 0x22D6, 0x22D6, 0x22D6, 0x22D6, 0x22D6, 0x22D6, 0x22D6, 0x22D6, 0x22D6,
  0x22D6, 0x22D6, 0x22D6, 0x22D6, 0x22D6, 0x22D6, 0x22D6, 0x22D6, 0x22D6, 0x22D6, 0x22D6, 0x22D6,
  0x22D6, 0x22D6, 0x22D6, 0x22D6, 0x22D6, 0x22D6, 0x22D6, 0x22D6, 0x22D6, 0x22D6, 0x22D6, 0x22D6,
  0x22D6, 0x22D6, 0x22D6, 0x22D6, 0x22D6, 0x22D6, 0x22D6, 0x22D6, 0x22D6, 0x22D6, 0x22D6, 0x22D6,
  0x22D6, 0x22D6, 0x22D6, 0x22D6, 0x22D6, 0x22D6, 0x22D6, 0x22D6, 0x22D6, 0x22D6, 0x0847, 0x571F,
  0x571F, 0x571F, 0x0847, 0x0847, 0x0847, 0x0847, 0x0847, 0x0847, 0x0847, 0x0847, 0x0847, 0x0847,
  0x0847, 0x0847, 0x0847, 0x1151, 0x0847, 0x571F, 0x571F, 0x571F, 0x0847, 0x0847, 0x0847, 0x0847,
  0x0847, 0x0847, 0x0847, 0x0847, 0x0847, 0x571F, 0x571F, 0x571F, 0x0847, 0x22D6, 0x0847, 0x571F,
  0x571F, 0x571F, 0x0847, 0x0847, 0x0847, 0x0847, 0x0847, 0x0847, 0x0847, 0x0847, 0x0847, 0x0847,
  0x0847, 0x0847, 0x0847, 0x1151, 0x0847, 0x571F, 0x571F, 0x571F, 0x0847, 0x0847, 0x0847, 0x0847,
  0x0847, 0x0847, 0x0847, 0x0847, 0x0847, 0x0847, 0x0847, 0x0847, 0x0847, 0x1151, 0x0847, 0x0847,
  0x0847, 0x0847, 0x0847, 0x0847, 0x0847, 0x571F, 0x571F, 0x571F, 0x0847, 0x0847, 0x0847, 0x0847,
  0x0847, 0x0847, 0x0847, 0x1151, 0x0847, 0x571F, 0x571F, 0x571F, 0x0847, 0x1151, 0x1151, 0x1151,
  0x22D6, 0x22D6, 0x22D6, 0x22D6, 0x0847, 0x571F, 0x571F, 0x571F, 0x0847, 0x1151, 0x1151, 0x1151,
  0x22D6, 0x22D6, 0x22D6, 0x22D6, 0x22D6, 0x22D6, 0x22D6, 0x22D6, 0x22D6, 0x22D6, 0x22D6, 0x22D6,
  0x22D6, 0x22D6, 0x22D6, 0x22D6, 0x0847, 0x571F, 0x571F, 0x571F, 0x0847, 0x0847, 0x0847, 0x0847,
  0x0847, 0x0847, 0x0847, 0x0847, 0x0847, 0x571F, 0x571F, 0x571F, 0x0847, 0x22D6, 0x0847, 0x571F,
  0x571F, 0x571F, 0x0847, 0x0847, 0x0847, 0x0847, 0x0847, 0x0847, 0x0847, 0x0847, 0x0847, 0x571F,
  0x571F, 0x571F, 0x0847, 0x22D6, 0x0847, 0x571F, 0x571F, 0x571F, 0x0847, 0x0847, 0x0847, 0x0847,
  0x0847, 0x0847, 0x0847, 0x0847, 0x0847, 0x571F, 0x571F, 0x571F, 0x0847, 0x22D6, 0x22D6, 0x22D6,
  0x22D6, 0x22D6, 0x22D6, 0x22D6, 0x22D6, 0x22D6, 0x22D6, 0x22D6, 0x22D6, 0x22D6, 0x22D6, 0x22D6,
  0x22D6, 0x22D6, 0x22D6, 0x22D6, 0x22D6, 0x22D6, 0x22D6, 0x22D6, 0x22D6, 0x22D6, 0x22D6, 0x22D6,
  0x22D6, 0x22D6, 0x22D6, 0x22D6, 0x22D6, 0x22D6, 0x22D6, 0x22D6, 0x22D6, 0x22D6, 0x22D6, 0x22D6,
  0x22D6, 0x22D6, 0x22D6, 0x22D6, 0x22D6, 0x22D6, 0x22D6, 0x22D6, 0x22D6, 0x22D6, 0x22D6, 0x22D6,
  0x22D6, 0x22D6, 0x22D6, 0x22D6, 0x22D6, 0x22D6, 0x22D6, 0x22D6, 0x22D6, 0x22D6, 0x22D6, 0x22D6,
  0x22D6, 0x22D6, 0x22D6, 0x22D6, 0x22D6, 0x22D6, 0x22D6, 0x22D6, 0x2273, 0x2273, 0x2273, 0x2273,
  0x2273, 0x2273, 0x2273, 0x2273, 0x2273, 0x2273, 0x2273, 0x2273, 0x2273, 0x2273, 0x2273, 0x2273,
  0x2273, 0x2273, 0x2273, 0x2273, 0x2273, 0x2273, 0x2273, 0x2273, 0x2273, 0x2273, 0x2273, 0x2273,
  0x2273, 0x2273, 0x2273, 0x2273, 0x2273, 0x2273, 0x2273, 0x2273, 0x2273, 0x2273, 0x2273, 0x2273,
  0x2273, 0x2273, 0x2273, 0x2273, 0x2273, 0x2273, 0x2273, 0x2273, 0x2273, 0x2273, 0x2273, 0x2273,
  0x2273, 0x2273, 0x2273, 0x2273, 0x2273, 0x2273, 0x2273, 0x2273, 0x2273, 0x2273, 0x2273, 0x2273,
  0x2273, 0x2273, 0x2273, 0x2273, 0x2273, 0x2273, 0x0846, 0x463B, 0x463B, 0x463B, 0x0846, 0x2273,
  0x110F, 0x110F, 0x110F, 0x110F, 0x110F, 0x110F, 0x110F, 0x110F, 0x110F, 0x110F, 0x110F, 0x110F,
  0x0846, 0x463B, 0x463B, 0x463B, 0x0846, 0x2273, 0x110F, 0x110F, 0x110F, 0x110F, 0x110F, 0x110F,
  0x0846, 0x463B, 0x463B, 0x463B, 0x0846, 0x2273, 0x0846, 0x463B, 0x463B, 0x463B, 0x0846, 0x110F,
  0x110F, 0x110F, 0x110F, 0x110F, 0x110F, 0x110F, 0x110F, 0x110F, 0x110F, 0x110F, 0x110F, 0x110F,
  0x0846, 0x463B, 0x463B, 0x463B, 0x0846, 0x110F, 0x110F, 0x110F, 0x110F, 0x110F, 0x110F, 0x110F,
  0x110F, 0x110F, 0x110F, 0x110F, 0x110F, 0x110F, 0x110F, 0x110F, 0x2273, 0x110F, 0x110F, 0x110F,
  0x0846, 0x463B, 0x463B, 0x463B, 0x0846, 0x110F, 0x110F, 0x110F, 0x110F, 0x110F, 0x110F, 0x110F,
  0x0846, 0x463B, 0x463B, 0x463B, 0x0846, 0x110F, 0x110F, 0x110F, 0x2273, 0x2273, 0x2273, 0x2273,
  0x0846, 0x463B, 0x463B, 0x463B, 0x0846, 0x110F, 0x110F, 0x110F, 0x2273, 0x2273, 0x2273, 0x2273,
  0x2273, 0x2273, 0x2273, 0x2273, 0x2273, 0x2273, 0x2273, 0x2273, 0x2273, 0x2273, 0x2273, 0x2273,
  0x0846, 0x463B, 0x463B, 0x463B, 0x0846, 0x2273, 0x110F, 0x110F, 0x110F, 0x110F, 0x110F, 0x110F,
  0x0846, 0x463B, 0x463B, 0x463B, 0x0846, 0x2273, 0x0846, 0x463B, 0x463B, 0x463B, 0x0846, 0x2273,
  0x110F, 0x110F, 0x110F, 0x110F, 0x110F, 0x110F, 0x0846, 0x463B, 0x463B, 0x463B, 0x0846, 0x2273,
  0x0846, 0x463B, 0x463B, 0x463B, 0x0846, 0x110F, 0x110F, 0x110F, 0x110F, 0x110F, 0x110F, 0x110F,
  0x0846, 0x463B, 0x463B, 0x463B, 0x0846, 0x2273, 0x2273, 0x2273, 0x2273, 0x2273, 0x2273, 0x2273,
  0x2273, 0x2273, 0x2273, 0x2273, 0x2273, 0x2273, 0x2273, 0x2273, 0x2273, 0x2273, 0x2273, 0x2273,
  0x2273, 0x2273, 0x2273, 0x2273, 0x2273, 0x2273, 0x2273, 0x2273, 0x2273, 0x2273, 0x2273, 0x2273,
  0x2273, 0x2273, 0x2273, 0x2273, 0x2273, 0x2273, 0x2273, 0x2273, 0x2273, 0x2273, 0x2273, 0x2273,
  0x2273, 0x2273, 0x2273, 0x2273, 0x2273, 0x2273, 0x2273, 0x2273, 0x2273, 0x2273, 0x2273, 0x2273,
  0x2273, 0x2273, 0x2273, 0x2273, 0x2273, 0x2273, 0x2273, 0x2273, 0x2273, 0x2273, 0x2273, 0x2273,
  0x2273, 0x2273, 0x2273, 0x2273, 0x22D6, 0x22D6, 0x22D6, 0x22D6, 0x22D6, 0x22D6, 0x22D6, 0x22D6,
  0x22D6, 0x22D6, 0x22D6, 0x22D6, 0x22D6, 0x22D6, 0x22D6, 0x22D6, 0x22D6, 0x22D6, 0x22D6, 0x22D6,
  0x22D6, 0x22D6, 0x22D6, 0x22D6, 0x22D6, 0x22D6, 0x22D6, 0x22D6, 0x22D6, 0x22D6, 0x22D6, 0x22D6,
  0x22D6, 0x22D6, 0x22D6, 0x22D6, 0x22D6, 0x22D6, 0x22D6, 0x22D6, 0x22D6, 0x22D6, 0x22D6, 0x22D6,
  0x22D6, 0x22D6, 0x22D6, 0x22D6, 0x22D6, 0x22D6, 0x22D6, 0x22D6, 0x22D6, 0x22D6, 0x22D6, 0x22D6,
  0x22D6, 0x22D6, 0x22D6, 0x22D6, 0x22D6, 0x22D6, 0x22D6, 0x22D6, 0x22D6, 0x22D6, 0x22D6, 0x22D6,
  0x22D6, 0x22D6, 0x0847, 0x571F, 0x571F, 0x571F, 0x0847, 0x1151, 0x1151, 0x1151, 0x1151, 0x1151,
  0x1151, 0x1151, 0x1151, 0x1151, 0x1151, 0x1151, 0x1151, 0x1151, 0x0847, 0x571F, 0x571F, 0x571F,
  0x0847, 0x1151, 0x1151, 0x1151, 0x1151, 0x1151, 0x1151, 0x1151, 0x0847, 0x571F, 0x571F, 0x571F,
  0x0847, 0x1151, 0x0847, 0x571F, 0x571F, 0x571F, 0x0847, 0x1151, 0x1151, 0x1151, 0x1151, 0x1151,
  0x1151, 0x1151, 0x1151, 0x1151, 0x1151, 0x1151, 0x1151, 0x1151, 0x0847, 0x571F, 0x571F, 0x571F,
  0x0847, 0x1151, 0x1151, 0x1151, 0x1151, 0x1151, 0x1151, 0x1151, 0x1151, 0x1151, 0x1151, 0x1151,
  0x1151, 0x1151, 0x1151, 0x1151, 0x22D6, 0x1151, 0x1151, 0x1151, 0x0847, 0x571F, 0x571F, 0x571F,
  0x0847, 0x1151, 0x1151, 0x1151, 0x1151, 0x1151, 0x1151, 0x1151, 0x0847, 0x571F, 0x571F, 0x571F,
  0x0847, 0x0847, 0x0847, 0x0847, 0x22D6, 0x0847, 0x0847, 0x0847, 0x0847, 0x571F, 0x571F, 0x571F,
  0x0847, 0x1151, 0x1151, 0x1151, 0x22D6, 0x22D6, 0x22D6, 0x22D6, 0x22D6, 0x22D6, 0x22D6, 0x22D6,
  0x22D6, 0x22D6, 0x22D6, 0x22D6, 0x22D6, 0x22D6, 0x22D6, 0x22D6, 0x0847, 0x571F, 0x571F, 0x571F,
  0x0847, 0x1151, 0x1151, 0x1151, 0x1151, 0x1151, 0x1151, 0x1151, 0x0847, 0x571F, 0x571F, 0x571F,
  0x0847, 0x1151, 0x0847, 0x571F, 0x571F, 0x571F, 0x0847, 0x1151, 0x1151, 0x1151, 0x1151, 0x1151,
  0x1151, 0x1151, 0x0847, 0x571F, 0x571F, 0x571F, 0x0847, 0x1151, 0x0847, 0x571F, 0x571F, 0x571F,
  0x0847, 0x1151, 0x1151, 0x1151, 0x1151, 0x1151, 0x1151, 0x1151, 0x0847, 0x571F, 0x571F, 0x571F,
  0x0847, 0x1151, 0x1151, 0x1151, 0x22D6, 0x22D6, 0x22D6, 0x22D6, 0x22D6, 0x22D6, 0x22D6, 0x22D6,
  0x22D6, 0x22D6, 0x22D6, 0x22D6, 0x22D6, 0x22D6, 0x22D6, 0x22D6, 0x22D6, 0x22D6, 0x22D6, 0x22D6,
  0x22D6, 0x22D6, 0x22D6, 0x22D6, 0x22D6, 0x22D6, 0x22D6, 0x22D6, 0x22D6, 0x22D6, 0x22D6, 0x22D6,
  0x22D6, 0x22D6, 0x22D6, 0x22D6, 0x22D6, 0x22D6, 0x22D6, 0x22D6, 0x22D6, 0x22D6, 0x22D6, 0x22D6,
  0x22D6, 0x22D6, 0x22D6, 0x22D6, 0x22D6, 0x22D6, 0x22D6, 0x22D6, 0x22D6, 0x22D6, 0x22D6, 0x22D6,
  0x22D6, 0x22D6, 0x22D6, 0x22D6, 0x22D6, 0x22D6, 0x22D6, 0x22D6, 0x22D6, 0x22D6, 0x22D6, 0x22D6,
  0x2273, 0x2273, 0x2273, 0x2273, 0x2273, 0x2273, 0x2273, 0x2273, 0x2273, 0x2273, 0x2273, 0x2273,
  0x2273, 0x2273, 0x2273, 0x2273, 0x2273, 0x2273, 0x2273, 0x2273, 0x2273, 0x2273, 0x2273, 0x2273,
  0x2273, 0x2273, 0x2273, 0x2273, 0x2273, 0x2273, 0x2273, 0x2273, 0x2273, 0x2273, 0x2273, 0x2273,
  0x2273, 0x2273, 0x2273, 0x2273, 0x2273, 0x2273, 0x2273, 0x2273, 0x2273, 0x2273, 0x2273, 0x2273,
  0x2273, 0x2273, 0x2273, 0x2273, 0x2273, 0x2273, 0x2273, 0x2273, 0x2273, 0x2273, 0x2273, 0x2273,
  0x2273, 0x2273, 0x2273, 0x2273, 0x2273, 0x2273, 0x2273, 0x2273, 0x2273, 0x2273, 0x0846, 0x463B,
  0x463B, 0x463B, 0x0846, 0x110F, 0x110F, 0x110F, 0x110F, 0x110F, 0x110F, 0x110F, 0x110F, 0x110F,
  0x110F, 0x110F, 0x110F, 0x110F, 0x0846, 0x463B, 0x463B, 0x463B, 0x0846, 0x110F, 0x110F, 0x110F,
  0x110F, 0x110F, 0x110F, 0x110F, 0x0846, 0x463B, 0x463B, 0x463B, 0x0846, 0x110F, 0x0846, 0x463B,
  0x463B, 0x463B, 0x0846, 0x110F, 0x110F, 0x110F, 0x110F, 0x110F, 0x110F, 0x110F, 0x110F, 0x110F,
  0x110F, 0x110F, 0x110F, 0x110F, 0x0846, 0x463B, 0x463B, 0x463B, 0x0846, 0x110F, 0x110F, 0x110F,
  0x110F, 0x110F, 0x110F, 0x110F, 0x110F, 0x110F, 0x110F, 0x110F, 0x110F, 0x110F, 0x110F, 0x110F,
  0x2273, 0x110F, 0x110F, 0x110F, 0x0846, 0x463B, 0x463B, 0x463B, 0x0846, 0x110F, 0x110F, 0x110F,
  0x110F, 0x110F, 0x110F, 0x110F, 0x0846, 0x0846, 0x0846, 0x0846, 0x463B, 0x463B, 0x463B, 0x0846,
  0x2273, 0x0846, 0x463B, 0x463B, 0x463B, 0x0846, 0x0846, 0x0846, 0x0846, 0x110F, 0x110F, 0x110F,
  0x2273, 0x2273, 0x2273, 0x2273, 0x2273, 0x2273, 0x2273, 0x2273, 0x2273, 0x2273, 0x2273, 0x2273,
  0x2273, 0x2273, 0x2273, 0x2273, 0x0846, 0x463B, 0x463B, 0x463B, 0x0846, 0x110F, 0x110F, 0x110F,
  0x110F, 0x110F, 0x110F, 0x110F, 0x0846, 0x0846, 0x0846, 0x0846, 0x0846, 0x110F, 0x0846, 0x463B,
  0x463B, 0x463B, 0x0846, 0x110F, 0x110F, 0x110F, 0x110F, 0x110F, 0x110F, 0x110F, 0x0846, 0x463B,
  0x463B, 0x463B, 0x0846, 0x110F, 0x0846, 0x463B, 0x463B, 0x463B, 0x0846, 0x110F, 0x110F, 0x110F,
  0x110F, 0x110F, 0x110F, 0x110F, 0x0846, 0x463B, 0x463B, 0x463B, 0x0846, 0x110F, 0x110F, 0x110F,
  0x2273, 0x2273, 0x2273, 0x2273, 0x2273, 0x2273, 0x2273, 0x2273, 0x2273, 0x2273, 0x2273, 0x2273,
  0x2273, 0x2273, 0x2273, 0x2273, 0x2273, 0x2273, 0x2273, 0x2273, 0x2273, 0x2273, 0x2273, 0x2273,
  0x2273, 0x2273, 0x2273, 0x2273, 0x2273, 0x2273, 0x2273, 0x2273, 0x2273, 0x2273, 0x2273, 0x2273,
  0x2273, 0x2273, 0x2273, 0x2273, 0x2273, 0x2273, 0x2273, 0x2273, 0x2273, 0x2273, 0x2273, 0x2273,
  0x2273, 0x2273, 0x2273, 0x2273, 0x2273, 0x2273, 0x2273, 0x2273, 0x2273, 0x2273, 0x2273, 0x2273,
  0x2273, 0x2273, 0x2273, 0x2273, 0x2273, 0x2273, 0x2273, 0x2273, 0x22D6, 0x22D6, 0x22D6, 0x22D6,
  0x22D6, 0x22D6, 0x22D6, 0x22D6, 0x22D6, 0x22D6, 0x22D6, 0x22D6, 0x22D6, 0x22D6, 0x22D6, 0x22D6,
  0x22D6, 0x22D6, 0x22D6, 0x22D6, 0x22D6, 0x22D6, 0x22D6, 0x22D6, 0x22D6, 0x22D6, 0x22D6, 0x22D6,
  0x22D6, 0x22D6, 0x22D6, 0x22D6, 0x22D6, 0x22D6, 0x22D6, 0x22D6, 0x22D6, 0x22D6, 0x22D6, 0x22D6,
  0x22D6, 0x22D6, 0x22D6, 0x22D6, 0x22D6, 0x22D6, 0x22D6, 0x22D6, 0x22D6, 0x22D6, 0x22D6, 0x22D6,
  0x22D6, 0x22D6, 0x22D6, 0x22D6, 0x22D6, 0x22D6, 0x22D6, 0x22D6, 0x22D6, 0x22D6, 0x22D6, 0x22D6,
  0x22D6, 0x22D6, 0x22D6, 0x22D6, 0x22D6, 0x22D6, 0x0847, 0x571F, 0x571F, 0x571F, 0x0847, 0x1151,
  0x1151, 0x1151, 0x22D6, 0x22D6, 0x22D6, 0x22D6, 0x22D6, 0x22D6, 0x22D6, 0x22D6, 0x22D6, 0x22D6,
  0x0847, 0x571F, 0x571F, 0x571F, 0x0847, 0x1151, 0x1151, 0x1151, 0x22D6, 0x22D6, 0x22D6, 0x22D6,
  0x0847, 0x571F, 0x571F, 0x571F, 0x0847, 0x1151, 0x0847, 0x571F, 0x571F, 0x571F, 0x0847, 0x1151,
  0x1151, 0x1151, 0x22D6, 0x22D6, 0x22D6, 0x22D6, 0x22D6, 0x22D6, 0x22D6, 0x22D6, 0x22D6, 0x22D6,
  0x0847, 0x571F, 0x571F, 0x571F, 0x0847, 0x1151, 0x1151, 0x1151, 0x22D6, 0x22D6, 0x22D6, 0x22D6,
  0x22D6, 0x22D6, 0x22D6, 0x22D6, 0x22D6, 0x22D6, 0x22D6, 0x22D6, 0x22D6, 0x22D6, 0x22D6, 0x22D6,
  0x0847, 0x571F, 0x571F, 0x571F, 0x0847, 0x1151, 0x1151, 0x1151, 0x22D6, 0x22D6, 0x22D6, 0x22D6,
  0x22D6, 0x22D6, 0x22D6, 0x0847, 0x571F, 0x571F, 0x571F, 0x0847, 0x22D6, 0x0847, 0x571F, 0x571F,
  0x571F, 0x0847, 0x22D6, 0x1151, 0x1151, 0x1151, 0x1151, 0x1151, 0x22D6, 0x22D6, 0x22D6, 0x22D6,
  0x22D6, 0x22D6, 0x22D6, 0x22D6, 0x22D6, 0x22D6, 0x22D6, 0x22D6, 0x22D6, 0x22D6, 0x22D6, 0x22D6,
  0x0847, 0x571F, 0x571F, 0x571F, 0x0847, 0x1151, 0x1151, 0x1151, 0x22D6, 0x22D6, 0x22D6, 0x22D6,
  0x22D6, 0x22D6, 0x22D6, 0x1151, 0x1151, 0x1151, 0x0847, 0x571F, 0x571F, 0x571F, 0x0847, 0x1151,
  0x1151, 0x1151, 0x22D6, 0x22D6, 0x22D6, 0x22D6, 0x0847, 0x571F, 0x571F, 0x571F, 0x0847, 0x1151,
  0x0847, 0x571F, 0x571F, 0x571F, 0x0847, 0x1151, 0x1151, 0x1151, 0x22D6, 0x22D6, 0x22D6, 0x22D6,
  0x0847, 0x571F, 0x571F, 0x571F, 0x0847, 0x1151, 0x1151, 0x1151, 0x22D6, 0x22D6, 0x22D6, 0x22D6,
  0x22D6, 0x22D6, 0x22D6, 0x22D6, 0x22D6, 0x22D6, 0x22D6, 0x22D6, 0x22D6, 0x22D6, 0x22D6, 0x22D6,
  0x22D6, 0x22D6, 0x22D6, 0x22D6, 0x22D6, 0x22D6, 0x22D6, 0x22D6, 0x22D6, 0x22D6, 0x22D6, 0x22D6,
  0x22D6, 0x22D6, 0x22D6, 0x22D6, 0x22D6, 0x22D6, 0x22D6, 0x22D6, 0x22D6, 0x22D6, 0x22D6, 0x22D6,
  0x22D6, 0x22D6, 0x22D6, 0x22D6, 0x22D6, 0x22D6, 0x22D6, 0x22D6, 0x22D6, 0x22D6, 0x22D6, 0x22D6,
  0x22D6, 0x22D6, 0x22D6, 0x22D6, 0x22D6, 0x22D6, 0x22D6, 0x22D6, 0x22D6, 0x22D6, 0x22D6, 0x22D6,
  0x22D6, 0x22D6, 0x22D6, 0x22D6, 0x2273, 0x2273, 0x2273, 0x2273, 0x2273, 0x2273, 0x2273, 0x2273,
  0x2273, 0x2273, 0x2273, 0x2273, 0x2273, 0x2273, 0x2273, 0x2273, 0x2273, 0x2273, 0x2273, 0x2273,
  0x2273, 0x2273, 0x2273, 0x2273, 0x2273, 0x2273, 0x2273, 0x2273, 0x2273, 0x2273, 0x2273, 0x2273,
  0x2273, 0x2273, 0x2273, 0x2273, 0x2273, 0x2273, 0x2273, 0x2273, 0x2273, 0x2273, 0x2273, 0x2273,
  0x2273, 0x2273, 0x2273, 0x2273, 0x2273, 0x2273, 0x2273, 0x2273, 0x2273, 0x2273, 0x2273, 0x2273,
  0x2273, 0x2273, 0x2273, 0x2273, 0x2273, 0x2273, 0x2273, 0x2273, 0x2273, 0x2273, 0x2273, 0x2273,
  0x2273, 0x2273, 0x0846, 0x463B, 0x463B, 0x463B, 0x0846, 0x0846, 0x0846, 0x0846, 0x0846, 0x0846,
  0x0846, 0x0846, 0x0846, 0x0846, 0x2273, 0x2273, 0x2273, 0x2273, 0x0846, 0x463B, 0x463B, 0x463B,
  0x0846, 0x0846, 0x0846, 0x0846, 0x0846, 0x0846, 0x0846, 0x0846, 0x0846, 0x463B, 0x463B, 0x463B,
  0x0846, 0x110F, 0x0846, 0x463B, 0x463B, 0x463B, 0x0846, 0x0846, 0x0846, 0x0846, 0x0846, 0x0846,
  0x0846, 0x0846, 0x0846, 0x0846, 0x2273, 0x2273, 0x2273, 0x2273, 0x0846, 0x463B, 0x463B, 0x463B,
  0x0846, 0x0846, 0x0846, 0x0846, 0x0846, 0x0846, 0x0846, 0x0846, 0x0846, 0x0846, 0x2273, 0x2273,
  0x2273, 0x2273, 0x2273, 0x2273, 0x2273, 0x2273, 0x2273, 0x2273, 0x0846, 0x463B, 0x463B, 0x463B,
  0x0846, 0x110F, 0x110F, 0x110F, 0x2273, 0x2273, 0x2273, 0x2273, 0x2273, 0x2273, 0x2273, 0x0846,
  0x463B, 0x463B, 0x463B, 0x0846, 0x0846, 0x0846, 0x463B, 0x463B, 0x463B, 0x0846, 0x110F, 0x110F,
  0x110F, 0x110F, 0x110F, 0x110F, 0x2273, 0x2273, 0x2273, 0x2273, 0x2273, 0x2273, 0x2273, 0x2273,
  0x2273, 0x2273, 0x2273, 0x2273, 0x2273, 0x2273, 0x2273, 0x2273, 0x0846, 0x463B, 0x463B, 0x463B,
  0x0846, 0x110F, 0x110F, 0x110F, 0x2273, 0x2273, 0x2273, 0x2273, 0x2273, 0x2273, 0x2273, 0x110F,
  0x110F, 0x110F, 0x0846, 0x463B, 0x463B, 0x463B, 0x0846, 0x0846, 0x0846, 0x0846, 0x0846, 0x0846,
  0x0846, 0x0846, 0x0846, 0x463B, 0x463B, 0x463B, 0x0846, 0x110F, 0x0846, 0x463B, 0x463B, 0x463B,
  0x0846, 0x0846, 0x0846, 0x0846, 0x0846, 0x0846, 0x0846, 0x0846, 0x0846, 0x463B, 0x463B, 0x463B,
  0x0846, 0x110F, 0x110F, 0x110F, 0x2273, 0x2273, 0x2273, 0x2273, 0x2273, 0x2273, 0x2273, 0x2273,
  0x2273, 0x2273, 0x2273, 0x2273, 0x2273, 0x2273, 0x2273, 0x2273, 0x2273, 0x2273, 0x2273, 0x2273,
  0x2273, 0x2273, 0x2273, 0x2273, 0x2273, 0x2273, 0x2273, 0x2273, 0x2273, 0x2273, 0x2273, 0x2273,
  0x2273, 0x2273, 0x2273, 0x2273, 0x2273, 0x2273, 0x2273, 0x2273, 0x2273, 0x2273, 0x2273, 0x2273,
  0x2273, 0x2273, 0x2273, 0x2273, 0x2273, 0x2273, 0x2273, 0x2273, 0x2273, 0x2273, 0x2273, 0x2273,
  0x2273, 0x2273, 0x2273, 0x2273, 0x2273, 0x2273, 0x2273, 0x2273, 0x2273, 0x2273, 0x2273, 0x2273,
  0x22D6, 0x22D6, 0x22D6, 0x22D6, 0x22D6, 0x22D6, 0x22D6, 0x22D6, 0x22D6, 0x22D6, 0x22D6, 0x22D6,
  0x22D6, 0x22D6, 0x22D6, 0x22D6, 0x22D6, 0x22D6, 0x22D6, 0x22D6, 0x22D6, 0x22D6, 0x22D6, 0x22D6,
  0x22D6, 0x22D6, 0x22D6, 0x22D6, 0x22D6, 0x22D6, 0x22D6, 0x22D6, 0x22D6, 0x22D6, 0x22D6, 0x22D6,
  0x22D6, 0x22D6, 0x22D6, 0x22D6, 0x22D6, 0x22D6, 0x22D6, 0x22D6, 0x22D6, 0x22D6, 0x22D6, 0x22D6,
  0x22D6, 0x22D6, 0x22D6, 0x22D6, 0x22D6, 0x22D6, 0x22D6, 0x22D6, 0x22D6, 0x22D6, 0x22D6, 0x22D6,
  0x22D6, 0x22D6, 0x22D6, 0x22D6, 0x22D6, 0x22D6, 0x22D6, 0x22D6, 0x22D6, 0x22D6, 0x0847, 0x0847,
  0x0847, 0x0847, 0x571F, 0x571F, 0x571F, 0x571F, 0x571F, 0x571F, 0x571F, 0x571F, 0x571F, 0x0847,
  0x22D6, 0x22D6, 0x22D6, 0x22D6, 0x0847, 0x571F, 0x571F, 0x571F, 0x571F, 0x571F, 0x571F, 0x571F,
  0x571F, 0x571F, 0x571F, 0x571F, 0x571F, 0x571F, 0x571F, 0x571F, 0x0847, 0x1151, 0x0847, 0x571F,
  0x571F, 0x571F, 0x571F, 0x571F, 0x571F, 0x571F, 0x571F, 0x571F, 0x571F, 0x571F, 0x571F, 0x0847,
  0x22D6, 0x22D6, 0x22D6, 0x22D6, 0x0847, 0x571F, 0x571F, 0x571F, 0x571F, 0x571F, 0x571F, 0x571F,
  0x571F, 0x571F, 0x571F, 0x571F, 0x571F, 0x0847, 0x22D6, 0x22D6, 0x22D6, 0x22D6, 0x22D6, 0x22D6,
  0x22D6, 0x22D6, 0x22D6, 0x22D6, 0x0847, 0x571F, 0x571F, 0x571F, 0x0847, 0x1151, 0x1151, 0x1151,
  0x22D6, 0x22D6, 0x22D6, 0x22D6, 0x22D6, 0x22D6, 0x22D6, 0x0847, 0x0847, 0x0847, 0x0847, 0x571F,
  0x571F, 0x571F, 0x0847, 0x0847, 0x0847, 0x0847, 0x1151, 0x1151, 0x1151, 0x1151, 0x1151, 0x1151,
  0x22D6, 0x22D6, 0x22D6, 0x22D6, 0x22D6, 0x22D6, 0x22D6, 0x22D6, 0x22D6, 0x22D6, 0x22D6, 0x22D6,
  0x22D6, 0x22D6, 0x22D6, 0x22D6, 0x0847, 0x571F, 0x571F, 0x571F, 0x0847, 0x1151, 0x1151, 0x1151,
  0x22D6, 0x22D6, 0x22D6, 0x22D6, 0x22D6, 0x22D6, 0x22D6, 0x1151, 0x1151, 0x1151, 0x0847, 0x571F,
  0x571F, 0x571F, 0x571F, 0x571F, 0x571F, 0x571F, 0x571F, 0x571F, 0x571F, 0x571F, 0x571F, 0x571F,
  0x571F, 0x571F, 0x0847, 0x1151, 0x0847, 0x571F, 0x571F, 0x571F, 0x571F, 0x571F, 0x571F, 0x571F,
  0x571F, 0x571F, 0x571F, 0x571F, 0x571F, 0x0847, 0x0847, 0x0847, 0x0847, 0x1151, 0x1151, 0x1151,
  0x22D6, 0x22D6, 0x22D6, 0x22D6, 0x22D6, 0x22D6, 0x22D6, 0x22D6, 0x22D6, 0x22D6, 0x22D6, 0x22D6,
  0x22D6, 0x22D6, 0x22D6, 0x22D6, 0x22D6, 0x22D6, 0x22D6, 0x22D6, 0x22D6, 0x22D6, 0x22D6, 0x22D6,
  0x22D6, 0x22D6, 0x22D6, 0x22D6, 0x22D6, 0x22D6, 0x22D6, 0x22D6, 0x22D6, 0x22D6, 0x22D6, 0x22D6,
  0x22D6, 0x22D6, 0x22D6, 0x22D6, 0x22D6, 0x22D6, 0x22D6, 0x22D6, 0x22D6, 0x22D6, 0x22D6, 0x22D6,
  0x22D6, 0x22D6, 0x22D6, 0x22D6, 0x22D6, 0x22D6, 0x22D6, 0x22D6, 0x22D6, 0x22D6, 0x22D6, 0x22D6,
  0x22D6, 0x22D6, 0x22D6, 0x22D6, 0x22D6, 0x22D6, 0x22D6, 0x22D6, 0x2273, 0x2273, 0x2273, 0x2273,
  0x2273, 0x2273, 0x2273, 0x2273, 0x2273, 0x2273, 0x2273, 0x2273, 0x2273, 0x2273, 0x2273, 0x2273,
  0x2273, 0x2273, 0x2273, 0x2273, 0x2273, 0x2273, 0x2273, 0x2273, 0x2273, 0x2273, 0x2273, 0x2273,
  0x2273, 0x2273, 0x2273, 0x2273, 0x2273, 0x2273, 0x2273, 0x2273, 0x2273, 0x2273, 0x2273, 0x2273,
  0x2273, 0x2273, 0x2273, 0x2273, 0x2273, 0x2273, 0x2273, 0x2273, 0x2273, 0x2273, 0x2273, 0x2273,
  0x2273, 0x2273, 0x2273, 0x2273, 0x2273, 0x2273, 0x2273, 0x2273, 0x2273, 0x2273, 0x2273, 0x2273,
  0x2273, 0x2273, 0x2273, 0x2273, 0x2273, 0x2273, 0x2273, 0x2273, 0x2273, 0x0846, 0x463B, 0x463B,
  0x463B, 0x463B, 0x463B, 0x463B, 0x463B, 0x463B, 0x463B, 0x0846, 0x2273, 0x2273, 0x2273, 0x2273,
  0x0846, 0x463B, 0x463B, 0x463B, 0x463B, 0x463B, 0x463B, 0x463B, 0x463B, 0x463B, 0x463B, 0x463B,
  0x463B, 0x463B, 0x463B, 0x463B, 0x0846, 0x110F, 0x0846, 0x463B, 0x463B, 0x463B, 0x463B, 0x463B,
  0x463B, 0x463B, 0x463B, 0x463B, 0x463B, 0x463B, 0x463B, 0x0846, 0x2273, 0x2273, 0x2273, 0x2273,
  0x0846, 0x463B, 0x463B, 0x463B, 0x463B, 0x463B, 0x463B, 0x463B, 0x463B, 0x463B, 0x463B, 0x463B,
  0x463B, 0x0846, 0x2273, 0x2273, 0x2273, 0x2273, 0x2273, 0x2273, 0x2273, 0x2273, 0x2273, 0x2273,
  0x0846, 0x463B, 0x463B, 0x463B, 0x0846, 0x110F, 0x110F, 0x110F, 0x2273, 0x2273, 0x2273, 0x2273,
  0x2273, 0x2273, 0x2273, 0x2273, 0x2273, 0x2273, 0x0846, 0x463B, 0x463B, 0x463B, 0x0846, 0x2273,
  0x110F, 0x110F, 0x110F, 0x110F, 0x110F, 0x2273, 0x2273, 0x2273, 0x2273, 0x2273, 0x2273, 0x2273,
  0x2273, 0x2273, 0x2273, 0x2273, 0x2273, 0x2273, 0x2273, 0x2273, 0x2273, 0x2273, 0x2273, 0x2273,
  0x0846, 0x463B, 0x463B, 0x463B, 0x0846, 0x110F, 0x110F, 0x110F, 0x2273, 0x2273, 0x2273, 0x2273,
  0x2273, 0x2273, 0x2273, 0x2273, 0x2273, 0x2273, 0x0846, 0x463B, 0x463B, 0x463B, 0x463B, 0x463B,
  0x463B, 0x463B, 0x463B, 0x463B, 0x463B, 0x463B, 0x463B, 0x463B, 0x463B, 0x463B, 0x0846, 0x110F,
  0x0846, 0x463B, 0x463B, 0x463B, 0x463B, 0x463B, 0x463B, 0x463B, 0x463B, 0x463B, 0x463B, 0x463B,
  0x463B, 0x0846, 0x2273, 0x110F, 0x110F, 0x110F, 0x110F, 0x110F, 0x2273, 0x2273, 0x2273, 0x2273,
  0x2273, 0x2273, 0x2273, 0x2273, 0x2273, 0x2273, 0x2273, 0x2273, 0x2273, 0x2273, 0x2273, 0x2273,
  0x2273, 0x2273, 0x2273, 0x2273, 0x2273, 0x2273, 0x2273, 0x2273, 0x2273, 0x2273, 0x2273, 0x2273,
  0x2273, 0x2273, 0x2273, 0x2273, 0x2273, 0x2273, 0x2273, 0x2273, 0x2273, 0x2273, 0x2273, 0x2273,
  0x2273, 0x2273, 0x2273, 0x2273, 0x2273, 0x2273, 0x2273, 0x2273, 0x2273, 0x2273, 0x2273, 0x2273,
  0x2273, 0x2273, 0x2273, 0x2273, 0x2273, 0x2273, 0x2273, 0x2273, 0x2273, 0x2273, 0x2273, 0x2273,
  0x2273, 0x2273, 0x2273, 0x2273, 0x2B38, 0x2B38, 0x2B38, 0x2B38, 0x2B38, 0x2B38, 0x2B38, 0x2B38,
  0x2B38, 0x2B38, 0x2B38, 0x2B38, 0x2B38, 0x2B38, 0x2B38, 0x2B38, 0x2B38, 0x2B38, 0x2B38, 0x2B38,
  0x2B38, 0x2B38, 0x2B38, 0x2B38, 0x2B38, 0x2B38, 0x2B38, 0x2B38, 0x2B38, 0x2B38, 0x2B38, 0x2B38,
  0x2B38, 0x2B38, 0x2B38, 0x2B38, 0x2B38, 0x2B38, 0x2B38, 0x2B38, 0x2B38, 0x2B38, 0x2B38, 0x2B38,
  0x2B38, 0x2B38, 0x2B38, 0x2B38, 0x2B38, 0x2B38, 0x2B38, 0x2B38, 0x2B38, 0x2B38, 0x2B38, 0x2B38,
  0x2B38, 0x2B38, 0x2B38, 0x2B38, 0x2B38, 0x2B38, 0x2B38, 0x2B38, 0x2B38, 0x2B38, 0x2B38, 0x2B38,
  0x2B38, 0x2B38, 0x2B38, 0x2B38, 0x2B38, 0x0847, 0x571F, 0x571F, 0x571F, 0x571F, 0x571F, 0x571F,
  0x571F, 0x571F, 0x571F, 0x0847, 0x0847, 0x0847, 0x0847, 0x2B38, 0x0847, 0x571F, 0x571F, 0x571F,
  0x571F, 0x571F, 0x571F, 0x571F, 0x571F, 0x571F, 0x571F, 0x571F, 0x571F, 0x571F, 0x571F, 0x571F,
  0x0847, 0x1151, 0x0847, 0x571F, 0x571F, 0x571F, 0x571F, 0x571F, 0x571F, 0x571F, 0x571F, 0x571F,
  0x571F, 0x571F, 0x571F, 0x0847, 0x1151, 0x1151, 0x1151, 0x2B38, 0x0847, 0x571F, 0x571F, 0x571F,
  0x571F, 0x571F, 0x571F, 0x571F, 0x571F, 0x571F, 0x571F, 0x571F, 0x571F, 0x0847, 0x1151, 0x1151,
  0x1151, 0x2B38, 0x2B38, 0x2B38, 0x2B38, 0x2B38, 0x2B38, 0x2B38, 0x0847, 0x571F, 0x571F, 0x571F,
  0x0847, 0x1151, 0x1151, 0x1151, 0x2B38, 0x2B38, 0x2B38, 0x2B38, 0x2B38, 0x2B38, 0x2B38, 0x2B38,
  0x2B38, 0x2B38, 0x0847, 0x571F, 0x571F, 0x571F, 0x0847, 0x1151, 0x1151, 0x1151, 0x1151, 0x1151,
  0x1151, 0x2B38, 0x2B38, 0x2B38, 0x2B38, 0x2B38, 0x2B38, 0x2B38, 0x2B38, 0x2B38, 0x2B38, 0x2B38,
  0x2B38, 0x2B38, 0x2B38, 0x2B38, 0x2B38, 0x2B38, 0x2B38, 0x2B38, 0x0847, 0x571F, 0x571F, 0x571F,
  0x0847, 0x1151, 0x1151, 0x1151, 0x2B38, 0x2B38, 0x2B38, 0x2B38, 0x2B38, 0x2B38, 0x2B38, 0x2B38,
  0x2B38, 0x2B38, 0x0847, 0x571F, 0x571F, 0x571F, 0x571F, 0x571F, 0x571F, 0x571F, 0x571F, 0x571F,
  0x571F, 0x571F, 0x571F, 0x571F, 0x571F, 0x571F, 0x0847, 0x1151, 0x0847, 0x571F, 0x571F, 0x571F,
  0x571F, 0x571F, 0x571F, 0x571F, 0x571F, 0x571F, 0x571F, 0x571F, 0x571F, 0x0847, 0x1151, 0x1151,
  0x1151, 0x1151, 0x1151, 0x1151, 0x2B38, 0x2B38, 0x2B38, 0x2B38, 0x2B38, 0x2B38, 0x2B38, 0x2B38,
  0x2B38, 0x2B38, 0x2B38, 0x2B38, 0x2B38, 0x2B38, 0x2B38, 0x2B38, 0x2B38, 0x2B38, 0x2B38, 0x2B38,
  0x2B38, 0x2B38, 0x2B38, 0x2B38, 0x2B38, 0x2B38, 0x2B38, 0x2B38, 0x2B38, 0x2B38, 0x2B38, 0x2B38,
  0x2B38, 0x2B38, 0x2B38, 0x2B38, 0x2B38, 0x2B38, 0x2B38, 0x2B38, 0x2B38, 0x2B38, 0x2B38, 0x2B38,
  0x2B38, 0x2B38, 0x2B38, 0x2B38, 0x2B38, 0x2B38, 0x2B38, 0x2B38, 0x2B38, 0x2B38, 0x2B38, 0x2B38,
  0x2B38, 0x2B38, 0x2B38, 0x2B38, 0x2B38, 0x2B38, 0x2B38, 0x2B38, 0x2B38, 0x2B38, 0x2B38, 0x2B38,
  0x22D5, 0x22D5, 0x22D5, 0x22D5, 0x22D5, 0x22D5, 0x22D5, 0x22D5, 0x22D5, 0x22D5, 0x22D5, 0x22D5,
  0x22D5, 0x22D5, 0x22D5, 0x22D5, 0x22D5, 0x22D5, 0x22D5, 0x22D5, 0x22D5, 0x22D5, 0x22D5, 0x22D5,
  0x22D5, 0x22D5, 0x22D5, 0x22D5, 0x22D5, 0x22D5, 0x22D5, 0x22D5, 0x22D5, 0x22D5, 0x22D5, 0x22D5,
  0x22D5, 0x22D5, 0x22D5, 0x22D5, 0x22D5, 0x22D5, 0x22D5, 0x22D5, 0x22D5, 0x22D5, 0x22D5, 0x22D5,
  0x22D5, 0x22D5, 0x22D5, 0x22D5, 0x22D5, 0x22D5, 0x22D5, 0x22D5, 0x22D5, 0x22D5, 0x22D5, 0x22D5,
  0x22D5, 0x22D5, 0x22D5, 0x22D5, 0x22D5, 0x22D5, 0x22D5, 0x22D5, 0x22D5, 0x22D5, 0x22D5, 0x22D5,
  0x22D5, 0x0846, 0x0846, 0x0846, 0x0846, 0x0846, 0x0846, 0x0846, 0x0846, 0x0846, 0x0846, 0x1359,
  0x1359, 0x1359, 0x0846, 0x22D5, 0x0846, 0x1359, 0x1359, 0x1359, 0x0846, 0x0846, 0x0846, 0x0846,
  0x0846, 0x0846, 0x0846, 0x0846, 0x0846, 0x1359, 0x1359, 0x1359, 0x0846, 0x110F, 0x0846, 0x1359,
  0x1359, 0x1359, 0x0846, 0x0846, 0x0846, 0x0846, 0x0846, 0x0846, 0x0846, 0x0846, 0x0846, 0x0846,
  0x110F, 0x110F, 0x110F, 0x22D5, 0x0846, 0x1359, 0x1359, 0x1359, 0x0846, 0x0846, 0x0846, 0x0846,
  0x0846, 0x0846, 0x0846, 0x0846, 0x0846, 0x0846, 0x110F, 0x110F, 0x110F, 0x22D5, 0x22D5, 0x22D5,
  0x22D5, 0x22D5, 0x22D5, 0x22D5, 0x0846, 0x1359, 0x1359, 0x1359, 0x0846, 0x110F, 0x110F, 0x110F,
  0x22D5, 0x22D5, 0x22D5, 0x22D5, 0x22D5, 0x22D5, 0x22D5, 0x22D5, 0x22D5, 0x22D5, 0x0846, 0x1359,
  0x1359, 0x1359, 0x0846, 0x110F, 0x110F, 0x110F, 0x110F, 0x110F, 0x110F, 0x22D5, 0x22D5, 0x22D5,
  0x22D5, 0x22D5, 0x22D5, 0x22D5, 0x22D5, 0x22D5, 0x22D5, 0x22D5, 0x22D5, 0x22D5, 0x22D5, 0x22D5,
  0x22D5, 0x22D5, 0x22D5, 0x22D5, 0x0846, 0x1359, 0x1359, 0x1359, 0x0846, 0x110F, 0x110F, 0x110F,
  0x22D5, 0x22D5, 0x22D5, 0x22D5, 0x22D5, 0x22D5, 0x22D5, 0x22D5, 0x22D5, 0x22D5, 0x0846, 0x1359,
  0x1359, 0x1359, 0x0846, 0x0846, 0x0846, 0x0846, 0x0846, 0x0846, 0x0846, 0x0846, 0x0846, 0x1359,
  0x1359, 0x1359, 0x0846, 0x110F, 0x0846, 0x1359, 0x1359, 0x1359, 0x0846, 0x0846, 0x0846, 0x1359,
  0x1359, 0x1359, 0x0846, 0x0846, 0x0846, 0x0846, 0x110F, 0x110F, 0x110F, 0x110F, 0x110F, 0x110F,
  0x22D5, 0x22D5, 0x22D5, 0x22D5, 0x22D5, 0x22D5, 0x22D5, 0x22D5, 0x22D5, 0x22D5, 0x22D5, 0x22D5,
  0x22D5, 0x22D5, 0x22D5, 0x22D5, 0x22D5, 0x22D5, 0x22D5, 0x22D5, 0x22D5, 0x22D5, 0x22D5, 0x22D5,
  0x22D5, 0x22D5, 0x22D5, 0x22D5, 0x22D5, 0x22D5, 0x22D5, 0x22D5, 0x22D5, 0x22D5, 0x22D5, 0x22D5,
  0x22D5, 0x22D5, 0x22D5, 0x22D5, 0x22D5, 0x22D5, 0x22D5, 0x22D5, 0x22D5, 0x22D5, 0x22D5, 0x22D5,
  0x22D5, 0x22D5, 0x22D5, 0x22D5, 0x22D5, 0x22D5, 0x22D5, 0x22D5, 0x22D5, 0x22D5, 0x22D5, 0x22D5,
  0x22D5, 0x22D5, 0x22D5, 0x22D5, 0x22D5, 0x22D5, 0x22D5, 0x22D5, 0x2B38, 0x2B38, 0x2B38, 0x2B38,
  0x2B38, 0x2B38, 0x2B38, 0x2B38, 0x2B38, 0x2B38, 0x2B38, 0x2B38, 0x2B38, 0x2B38, 0x2B38, 0x2B38,
  0x2B38, 0x2B38, 0x2B38, 0x2B38, 0x2B38, 0x2B38, 0x2B38, 0x2B38, 0x2B38, 0x2B38, 0x2B38, 0x2B38,
  0x2B38, 0x2B38, 0x2B38, 0x2B38, 0x2B38, 0x2B38, 0x2B38, 0x2B38, 0x2B38, 0x2B38, 0x2B38, 0x2B38,
  0x2B38, 0x2B38, 0x2B38, 0x2B38, 0x2B38, 0x2B38, 0x2B38, 0x2B38, 0x2B38, 0x2B38, 0x2B38, 0x2B38,
  0x2B38, 0x2B38, 0x2B38, 0x2B38, 0x2B38, 0x2B38, 0x2B38, 0x2B38, 0x2B38, 0x2B38, 0x2B38, 0x2B38,
  0x2B38, 0x2B38, 0x2B38, 0x2B38, 0x2B38, 0x2B38, 0x2B38, 0x2B38, 0x2B38, 0x2B38, 0x2B38, 0x2B38,
  0x1151, 0x1151, 0x1151, 0x1151, 0x1151, 0x1151, 0x0847, 0x1BDD, 0x1BDD, 0x1BDD, 0x0847, 0x2B38,
  0x0847, 0x1BDD, 0x1BDD, 0x1BDD, 0x0847, 0x1151, 0x1151, 0x1151, 0x1151, 0x1151, 0x1151, 0x1151,
  0x0847, 0x1BDD, 0x1BDD, 0x1BDD, 0x0847, 0x1151, 0x0847, 0x1BDD, 0x1BDD, 0x1BDD, 0x0847, 0x1151,
  0x1151, 0x1151, 0x1151, 0x1151, 0x1151, 0x1151, 0x1151, 0x1151, 0x1151, 0x1151, 0x1151, 0x2B38,
  0x0847, 0x1BDD, 0x1BDD, 0x1BDD, 0x0847, 0x1151, 0x1151, 0x1151, 0x1151, 0x1151, 0x1151, 0x1151,
  0x1151, 0x1151, 0x1151, 0x1151, 0x1151, 0x2B38, 0x2B38, 0x2B38, 0x2B38, 0x2B38, 0x2B38, 0x2B38,
  0x0847, 0x1BDD, 0x1BDD, 0x1BDD, 0x0847, 0x1151, 0x1151, 0x1151, 0x2B38, 0x2B38, 0x2B38, 0x2B38,
  0x2B38, 0x2B38, 0x2B38, 0x2B38, 0x2B38, 0x2B38, 0x0847, 0x1BDD, 0x1BDD, 0x1BDD, 0x0847, 0x1151,
  0x1151, 0x1151, 0x2B38, 0x2B38, 0x2B38, 0x2B38, 0x2B38, 0x2B38, 0x2B38, 0x2B38, 0x2B38, 0x2B38,
  0x2B38, 0x2B38, 0x2B38, 0x2B38, 0x2B38, 0x2B38, 0x2B38, 0x2B38, 0x2B38, 0x2B38, 0x2B38, 0x2B38,
  0x0847, 0x1BDD, 0x1BDD, 0x1BDD, 0x0847, 0x1151, 0x1151, 0x1151, 0x2B38, 0x2B38, 0x2B38, 0x2B38,
  0x2B38, 0x2B38, 0x2B38, 0x2B38, 0x2B38, 0x2B38, 0x0847, 0x1BDD, 0x1BDD, 0x1BDD, 0x0847, 0x1151,
  0x1151, 0x1151, 0x1151, 0x1151, 0x1151, 0x1151, 0x0847, 0x1BDD, 0x1BDD, 0x1BDD, 0x0847, 0x1151,
  0x0847, 0x1BDD, 0x1BDD, 0x1BDD, 0x0847, 0x1151, 0x0847, 0x1BDD, 0x1BDD, 0x1BDD, 0x0847, 0x1151,
  0x1151, 0x1151, 0x1151, 0x1151, 0x1151, 0x2B38, 0x2B38, 0x2B38, 0x2B38, 0x2B38, 0x2B38, 0x2B38,
  0x2B38, 0x2B38, 0x2B38, 0x2B38, 0x2B38, 0x2B38, 0x2B38, 0x2B38, 0x2B38, 0x2B38, 0x2B38, 0x2B38,
  0x2B38, 0x2B38, 0x2B38, 0x2B38, 0x2B38, 0x2B38, 0x2B38, 0x2B38, 0x2B38, 0x2B38, 0x2B38, 0x2B38,
  0x2B38, 0x2B38, 0x2B38, 0x2B38, 0x2B38, 0x2B38, 0x2B38, 0x2B38, 0x2B38, 0x2B38, 0x2B38, 0x2B38,
  0x2B38, 0x2B38, 0x2B38, 0x2B38, 0x2B38, 0x2B38, 0x2B38, 0x2B38, 0x2B38, 0x2B38, 0x2B38, 0x2B38,
  0x2B38, 0x2B38, 0x2B38, 0x2B38, 0x2B38, 0x2B38, 0x2B38, 0x2B38, 0x2B38, 0x2B38, 0x2B38, 0x2B38,
  0x2B38, 0x2B38, 0x2B38, 0x2B38, 0x22D5, 0x22D5, 0x22D5, 0x22D5, 0x22D5, 0x22D5, 0x22D5, 0x22D5,
  0x22D5, 0x22D5, 0x22D5, 0x22D5, 0x22D5, 0x22D5, 0x22D5, 0x22D5, 0x22D5, 0x22D5, 0x22D5, 0x22D5,
  0x22D5, 0x22D5, 0x22D5, 0x22D5, 0x22D5, 0x22D5, 0x22D5, 0x22D5, 0x22D5, 0x22D5, 0x22D5, 0x22D5,
  0x22D5, 0x22D5, 0x22D5, 0x22D5, 0x22D5, 0x22D5, 0x22D5, 0x22D5, 0x22D5, 0x22D5, 0x22D5, 0x22D5,
  0x22D5, 0x22D5, 0x22D5, 0x22D5, 0x22D5, 0x22D5, 0x22D5, 0x22D5, 0x22D5, 0x22D5, 0x22D5, 0x22D5,
  0x22D5, 0x22D5, 0x22D5, 0x22D5, 0x22D5, 0x22D5, 0x22D5, 0x22D5, 0x22D5, 0x22D5, 0x22D5, 0x22D5,
  0x22D5, 0x22D5, 0x22D5, 0x22D5, 0x22D5, 0x22D5, 0x22D5, 0x22D5, 0x110F, 0x110F, 0x110F, 0x110F,
  0x110F, 0x110F, 0x0846, 0x1359, 0x1359, 0x1359, 0x0846, 0x110F, 0x0846, 0x1359, 0x1359, 0x1359,
  0x0846, 0x110F, 0x110F, 0x110F, 0x110F, 0x110F, 0x110F, 0x110F, 0x0846, 0x1359, 0x1359, 0x1359,
  0x0846, 0x110F, 0x0846, 0x1359, 0x1359, 0x1359, 0x0846, 0x110F, 0x110F, 0x110F, 0x110F, 0x110F,
  0x110F, 0x110F, 0x110F, 0x110F, 0x110F, 0x110F, 0x110F, 0x22D5, 0x0846, 0x1359, 0x1359, 0x1359,
  0x0846, 0x110F, 0x110F, 0x110F, 0x110F, 0x110F, 0x110F, 0x110F, 0x110F, 0x110F, 0x110F, 0x110F,
  0x110F, 0x22D5, 0x22D5, 0x22D5, 0x22D5, 0x22D5, 0x22D5, 0x22D5, 0x0846, 0x1359, 0x1359, 0x1359,
  0x0846, 0x110F, 0x110F, 0x110F, 0x22D5, 0x22D5, 0x22D5, 0x22D5, 0x22D5, 0x22D5, 0x22D5, 0x22D5,
  0x22D5, 0x22D5, 0x0846, 0x1359, 0x1359, 0x1359, 0x0846, 0x110F, 0x110F, 0x110F, 0x22D5, 0x22D5,
  0x22D5, 0x22D5, 0x22D5, 0x22D5, 0x22D5, 0x22D5, 0x22D5, 0x22D5, 0x22D5, 0x22D5, 0x22D5, 0x22D5,
  0x22D5, 0x22D5, 0x22D5, 0x22D5, 0x22D5, 0x22D5, 0x22D5, 0x22D5, 0x0846, 0x1359, 0x1359, 0x1359,
  0x0846, 0x110F, 0x110F, 0x110F, 0x22D5, 0x22D5, 0x22D5, 0x22D5, 0x0846, 0x0846, 0x0846, 0x0846,
  0x0846, 0x22D5, 0x0846, 0x1359, 0x1359, 0x1359, 0x0846, 0x110F, 0x110F, 0x110F, 0x110F, 0x110F,
  0x110F, 0x110F, 0x0846, 0x1359, 0x1359, 0x1359, 0x0846, 0x110F, 0x0846, 0x1359, 0x1359, 0x1359,
  0x0846, 0x110F, 0x0846, 0x1359, 0x1359, 0x1359, 0x0846, 0x0846, 0x0846, 0x0846, 0x110F, 0x110F,
  0x110F, 0x22D5, 0x22D5, 0x22D5, 0x22D5, 0x22D5, 0x22D5, 0x22D5, 0x22D5, 0x22D5, 0x22D5, 0x22D5,
  0x22D5, 0x22D5, 0x22D5, 0x22D5, 0x22D5, 0x22D5, 0x22D5, 0x22D5, 0x22D5, 0x22D5, 0x22D5, 0x22D5,
  0x22D5, 0x22D5, 0x22D5, 0x22D5, 0x22D5, 0x22D5, 0x22D5, 0x22D5, 0x22D5, 0x22D5, 0x22D5, 0x22D5,
  0x22D5, 0x22D5, 0x22D5, 0x22D5, 0x22D5, 0x22D5, 0x22D5, 0x22D5, 0x22D5, 0x22D5, 0x22D5, 0x22D5,
  0x22D5, 0x22D5, 0x22D5, 0x22D5, 0x22D5, 0x22D5, 0x22D5, 0x22D5, 0x22D5, 0x22D5, 0x22D5, 0x22D5,
  0x22D5, 0x22D5, 0x22D5, 0x22D5, 0x22D5, 0x22D5, 0x22D5, 0x22D5, 0x22D5, 0x22D5, 0x22D5, 0x22D5,
  0x2B38, 0x2B38, 0x2B38, 0x2B38, 0x2B38, 0x2B38, 0x2B38, 0x2B38, 0x2B38, 0x2B38, 0x2B38, 0x2B38,
  0x2B38, 0x2B38, 0x2B38, 0x2B38, 0x2B38, 0x2B38, 0x2B38, 0x2B38, 0x2B38, 0x2B38, 0x2B38, 0x2B38,
  0x2B38, 0x2B38, 0x2B38, 0x2B38, 0x2B38, 0x2B38, 0x2B38, 0x2B38, 0x2B38, 0x2B38, 0x2B38, 0x2B38,
  0x2B38, 0x2B38, 0x2B38, 0x2B38, 0x2B38, 0x2B38, 0x2B38, 0x2B38, 0x2B38, 0x2B38, 0x2B38, 0x2B38,
  0x2B38, 0x2B38, 0x2B38, 0x2B38, 0x2B38, 0x2B38, 0x2B38, 0x2B38, 0x2B38, 0x2B38, 0x2B38, 0x2B38,
  0x2B38, 0x2B38, 0x2B38, 0x2B38, 0x2B38, 0x2B38, 0x2B38, 0x2B38, 0x2B38, 0x2B38, 0x2B38, 0x2B38,
  0x2B38, 0x2B38, 0x2B38, 0x2B38, 0x1151, 0x1151, 0x1151, 0x1151, 0x1151, 0x1151, 0x0847, 0x1BDD,
  0x1BDD, 0x1BDD, 0x0847, 0x1151, 0x0847, 0x1BDD, 0x1BDD, 0x1BDD, 0x0847, 0x1151, 0x1151, 0x1151,
  0x1151, 0x1151, 0x1151, 0x1151, 0x0847, 0x1BDD, 0x1BDD, 0x1BDD, 0x0847, 0x1151, 0x0847, 0x1BDD,
  0x1BDD, 0x1BDD, 0x0847, 0x1151, 0x1151, 0x1151, 0x1151, 0x1151, 0x1151, 0x1151, 0x1151, 0x1151,
  0x1151, 0x1151, 0x1151, 0x2B38, 0x0847, 0x1BDD, 0x1BDD, 0x1BDD, 0x0847, 0x1151, 0x1151, 0x1151,
  0x1151, 0x1151, 0x1151, 0x1151, 0x1151, 0x1151, 0x1151, 0x1151, 0x1151, 0x2B38, 0x2B38, 0x2B38,
  0x2B38, 0x2B38, 0x2B38, 0x2B38, 0x0847, 0x1BDD, 0x1BDD, 0x1BDD, 0x0847, 0x1151, 0x1151, 0x1151,
  0x2B38, 0x2B38, 0x2B38, 0x2B38, 0x2B38, 0x2B38, 0x2B38, 0x2B38, 0x2B38, 0x2B38, 0x0847, 0x1BDD,
  0x1BDD, 0x1BDD, 0x0847, 0x1151, 0x1151, 0x1151, 0x2B38, 0x2B38, 0x2B38, 0x2B38, 0x2B38, 0x2B38,
  0x2B38, 0x2B38, 0x2B38, 0x2B38, 0x2B38, 0x2B38, 0x2B38, 0x2B38, 0x2B38, 0x2B38, 0x2B38, 0x2B38,
  0x2B38, 0x2B38, 0x2B38, 0x2B38, 0x0847, 0x1BDD, 0x1BDD, 0x1BDD, 0x0847, 0x1151, 0x1151, 0x1151,
  0x2B38, 0x2B38, 0x2B38, 0x2B38, 0x0847, 0x1BDD, 0x1BDD, 0x1BDD, 0x0847, 0x2B38, 0x0847, 0x1BDD,
  0x1BDD, 0x1BDD, 0x0847, 0x1151, 0x1151, 0x1151, 0x1151, 0x1151, 0x1151, 0x1151, 0x0847, 0x1BDD,
  0x1BDD, 0x1BDD, 0x0847, 0x1151, 0x0847, 0x1BDD, 0x1BDD, 0x1BDD, 0x0847, 0x1151, 0x0847, 0x0847,
  0x0847, 0x0847, 0x1BDD, 0x1BDD, 0x1BDD, 0x0847, 0x1151, 0x1151, 0x1151, 0x2B38, 0x2B38, 0x2B38,
  0x2B38, 0x2B38, 0x2B38, 0x2B38, 0x2B38, 0x2B38, 0x2B38, 0x2B38, 0x2B38, 0x2B38, 0x2B38, 0x2B38,
  0x2B38, 0x2B38, 0x2B38, 0x2B38, 0x2B38, 0x2B38, 0x2B38, 0x2B38, 0x2B38, 0x2B38, 0x2B38, 0x2B38,
  0x2B38, 0x2B38, 0x2B38, 0x2B38, 0x2B38, 0x2B38, 0x2B38, 0x2B38, 0x2B38, 0x2B38, 0x2B38, 0x2B38,
  0x2B38, 0x2B38, 0x2B38, 0x2B38, 0x2B38, 0x2B38, 0x2B38, 0x2B38, 0x2B38, 0x2B38, 0x2B38, 0x2B38,
  0x2B38, 0x2B38, 0x2B38, 0x2B38, 0x2B38, 0x2B38, 0x2B38, 0x2B38, 0x2B38, 0x2B38, 0x2B38, 0x2B38,
  0x2B38, 0x2B38, 0x2B38, 0x2B38, 0x2B38, 0x2B38, 0x2B38, 0x2B38, 0x22D5, 0x22D5, 0x22D5, 0x22D5,
  0x22D5, 0x22D5, 0x22D5, 0x22D5, 0x22D5, 0x22D5, 0x22D5, 0x22D5, 0x22D5, 0x22D5, 0x22D5, 0x22D5,
  0x22D5, 0x22D5, 0x22D5, 0x22D5, 0x22D5, 0x22D5, 0x22D5, 0x22D5, 0x22D5, 0x22D5, 0x22D5, 0x22D5,
  0x22D5, 0x22D5, 0x22D5, 0x22D5, 0x22D5, 0x22D5, 0x22D5, 0x22D5, 0x22D5, 0x22D5, 0x22D5, 0x22D5,
  0x22D5, 0x22D5, 0x22D5, 0x22D5, 0x22D5, 0x22D5, 0x22D5, 0x22D5, 0x22D5, 0x22D5, 0x22D5, 0x22D5,
  0x22D5, 0x22D5, 0x22D5, 0x22D5, 0x22D5, 0x22D5, 0x22D5, 0x22D5, 0x22D5, 0x22D5, 0x22D5, 0x22D5,
  0x22D5, 0x22D5, 0x22D5, 0x22D5, 0x22D5, 0x22D5, 0x22D5, 0x22D5, 0x22D5, 0x22D5, 0x22D5, 0x22D5,
  0x22D5, 0x22D5, 0x22D5, 0x22D5, 0x22D5, 0x22D5, 0x0846, 0x1359, 0x1359, 0x1359, 0x0846, 0x110F,
  0x0846, 0x1359, 0x1359, 0x1359, 0x0846, 0x110F, 0x110F, 0x110F, 0x22D5, 0x22D5, 0x22D5, 0x22D5,
  0x0846, 0x1359, 0x1359, 0x1359, 0x0846, 0x110F, 0x0846, 0x1359, 0x1359, 0x1359, 0x0846, 0x110F,
  0x110F, 0x110F, 0x22D5, 0x22D5, 0x22D5, 0x22D5, 0x22D5, 0x22D5, 0x22D5, 0x22D5, 0x22D5, 0x22D5,
  0x0846, 0x1359, 0x1359, 0x1359, 0x0846, 0x110F, 0x110F, 0x110F, 0x22D5, 0x22D5, 0x22D5, 0x22D5,
  0x22D5, 0x22D5, 0x22D5, 0x22D5, 0x22D5, 0x22D5, 0x22D5, 0x22D5, 0x22D5, 0x22D5, 0x22D5, 0x22D5,
  0x0846, 0x1359, 0x1359, 0x1359, 0x0846, 0x110F, 0x110F, 0x110F, 0x22D5, 0x22D5, 0x22D5, 0x22D5,
  0x22D5, 0x22D5, 0x22D5, 0x22D5, 0x22D5, 0x22D5, 0x0846, 0x1359, 0x1359, 0x1359, 0x0846, 0x110F,
  0x110F, 0x110F, 0x22D5, 0x22D5, 0x22D5, 0x22D5, 0x22D5, 0x22D5, 0x22D5, 0x22D5, 0x22D5, 0x22D5,
  0x22D5, 0x22D5, 0x22D5, 0x22D5, 0x22D5, 0x22D5, 0x22D5, 0x22D5, 0x22D5, 0x22D5, 0x22D5, 0x22D5,
  0x0846, 0x1359, 0x1359, 0x1359, 0x0846, 0x110F, 0x110F, 0x110F, 0x22D5, 0x22D5, 0x22D5, 0x22D5,
  0x0846, 0x1359, 0x1359, 0x1359, 0x0846, 0x22D5, 0x0846, 0x1359, 0x1359, 0x1359, 0x0846, 0x110F,
  0x110F, 0x110F, 0x22D5, 0x22D5, 0x22D5, 0x22D5, 0x0846, 0x1359, 0x1359, 0x1359, 0x0846, 0x110F,
  0x0846, 0x1359, 0x1359, 0x1359, 0x0846, 0x110F, 0x110F, 0x110F, 0x22D5, 0x0846, 0x1359, 0x1359,
  0x1359, 0x0846, 0x22D5, 0x22D5, 0x22D5, 0x22D5, 0x22D5, 0x22D5, 0x22D5, 0x22D5, 0x22D5, 0x22D5,
  0x22D5, 0x22D5, 0x22D5, 0x22D5, 0x22D5, 0x22D5, 0x22D5, 0x22D5, 0x22D5, 0x22D5, 0x22D5, 0x22D5,
  0x22D5, 0x22D5, 0x22D5, 0x22D5, 0x22D5, 0x22D5, 0x22D5, 0x22D5, 0x22D5, 0x22D5, 0x22D5, 0x22D5,
  0x22D5, 0x22D5, 0x22D5, 0x22D5, 0x22D5, 0x22D5, 0x22D5, 0x22D5, 0x22D5, 0x22D5, 0x22D5, 0x22D5,
  0x22D5, 0x22D5, 0x22D5, 0x22D5, 0x22D5, 0x22D5, 0x22D5, 0x22D5, 0x22D5, 0x22D5, 0x22D5, 0x22D5,
  0x22D5, 0x22D5, 0x22D5, 0x22D5, 0x22D5, 0x22D5, 0x22D5, 0x22D5, 0x22D5, 0x22D5, 0x22D5, 0x22D5,
  0x22D5, 0x22D5, 0x22D5, 0x22D5, 0x2B38, 0x2B38, 0x2B38, 0x2B38, 0x2B38, 0x2B38, 0x2B38, 0x2B38,
  0x2B38, 0x2B38, 0x2B38, 0x2B38, 0x2B38, 0x2B38, 0x2B38, 0x2B38, 0x2B38, 0x2B38, 0x2B38, 0x2B38,
  0x2B38, 0x2B38, 0x2B38, 0x2B38, 0x2B38, 0x2B38, 0x2B38, 0x2B38, 0x2B38, 0x2B38, 0x2B38, 0x2B38,
  0x2B38, 0x2B38, 0x2B38, 0x2B38, 0x2B38, 0x2B38, 0x2B38, 0x2B38, 0x2B38, 0x2B38, 0x2B38, 0x2B38,
  0x2B38, 0x2B38, 0x2B38, 0x2B38, 0x2B38, 0x2B38, 0x2B38, 0x2B38, 0x2B38, 0x2B38, 0x2B38, 0x2B38,
  0x2B38, 0x2B38, 0x2B38, 0x2B38, 0x2B38, 0x2B38, 0x2B38, 0x2B38, 0x2B38, 0x2B38, 0x2B38, 0x2B38,
  0x2B38, 0x2B38, 0x0847, 0x0847, 0x0847, 0x0847, 0x0847, 0x0847, 0x0847, 0x0847, 0x0847, 0x0847,
  0x0847, 0x0847, 0x0847, 0x1BDD, 0x1BDD, 0x1BDD, 0x0847, 0x1151, 0x0847, 0x1BDD, 0x1BDD, 0x1BDD,
  0x0847, 0x1151, 0x1151, 0x1151, 0x2B38, 0x2B38, 0x2B38, 0x2B38, 0x0847, 0x1BDD, 0x1BDD, 0x1BDD,
  0x0847, 0x1151, 0x0847, 0x1BDD, 0x1BDD, 0x1BDD, 0x0847, 0x1151, 0x1151, 0x1151, 0x2B38, 0x2B38,
  0x2B38, 0x2B38, 0x2B38, 0x2B38, 0x2B38, 0x2B38, 0x2B38, 0x2B38, 0x0847, 0x1BDD, 0x1BDD, 0x1BDD,
  0x0847, 0x0847, 0x0847, 0x0847, 0x0847, 0x0847, 0x0847, 0x0847, 0x0847, 0x0847, 0x0847, 0x0847,
  0x0847, 0x2B38, 0x2B38, 0x2B38, 0x2B38, 0x2B38, 0x2B38, 0x2B38, 0x0847, 0x1BDD, 0x1BDD, 0x1BDD,
  0x0847, 0x1151, 0x1151, 0x1151, 0x2B38, 0x2B38, 0x2B38, 0x2B38, 0x2B38, 0x2B38, 0x2B38, 0x2B38,
  0x2B38, 0x2B38, 0x0847, 0x1BDD, 0x1BDD, 0x1BDD, 0x0847, 0x1151, 0x1151, 0x1151, 0x2B38, 0x2B38,
  0x2B38, 0x2B38, 0x2B38, 0x2B38, 0x2B38, 0x2B38, 0x2B38, 0x2B38, 0x2B38, 0x2B38, 0x2B38, 0x2B38,
  0x2B38, 0x2B38, 0x2B38, 0x2B38, 0x2B38, 0x2B38, 0x2B38, 0x2B38, 0x0847, 0x1BDD, 0x1BDD, 0x1BDD,
  0x0847, 0x0847, 0x0847, 0x0847, 0x0847, 0x0847, 0x0847, 0x0847, 0x0847, 0x1BDD, 0x1BDD, 0x1BDD,
  0x0847, 0x1151, 0x0847, 0x1BDD, 0x1BDD, 0x1BDD, 0x0847, 0x1151, 0x1151, 0x1151, 0x2B38, 0x2B38,
  0x2B38, 0x2B38, 0x0847, 0x1BDD, 0x1BDD, 0x1BDD, 0x0847, 0x1151, 0x0847, 0x1BDD, 0x1BDD, 0x1BDD,
  0x0847, 0x1151, 0x1151, 0x1151, 0x2B38, 0x0847, 0x1BDD, 0x1BDD, 0x1BDD, 0x0847, 0x0847, 0x0847,
  0x0847, 0x2B38, 0x2B38, 0x2B38, 0x2B38, 0x2B38, 0x2B38, 0x2B38, 0x2B38, 0x2B38, 0x2B38, 0x2B38,
  0x2B38, 0x2B38, 0x2B38, 0x2B38, 0x2B38, 0x2B38, 0x2B38, 0x2B38, 0x2B38, 0x2B38, 0x2B38, 0x2B38,
  0x2B38, 0x2B38, 0x2B38, 0x2B38, 0x2B38, 0x2B38, 0x2B38, 0x2B38, 0x2B38, 0x2B38, 0x2B38, 0x2B38,
  0x2B38, 0x2B38, 0x2B38, 0x2B38, 0x2B38, 0x2B38, 0x2B38, 0x2B38, 0x2B38, 0x2B38, 0x2B38, 0x2B38,
  0x2B38, 0x2B38, 0x2B38, 0x2B38, 0x2B38, 0x2B38, 0x2B38, 0x2B38, 0x2B38, 0x2B38, 0x2B38, 0x2B38,
  0x2B38, 0x2B38, 0x2B38, 0x2B38, 0x2B38, 0x2B38, 0x2B38, 0x2B38, 0x2B38, 0x2B38, 0x2B38, 0x2B38,
  0x2B16, 0x2B16, 0x2B16, 0x2B16, 0x2B16, 0x2B16, 0x2B16, 0x2B16, 0x2B16, 0x2B16, 0x2B16, 0x2B16,
  0x2B16, 0x2B16, 0x2B16, 0x2B16, 0x2B16, 0x2B16, 0x2B16, 0x2B16, 0x2B16, 0x2B16, 0x2B16, 0x2B16,
  0x2B16, 0x2B16, 0x2B16, 0x2B16, 0x2B16, 0x2B16, 0x2B16, 0x2B16, 0x2B16, 0x2B16, 0x2B16, 0x2B16,
  0x2B16, 0x2B16, 0x2B16, 0x2B16, 0x2B16, 0x2B16, 0x2B16, 0x2B16, 0x2B16, 0x2B16, 0x2B16, 0x2B16,
  0x2B16, 0x2B16, 0x2B16, 0x2B16, 0x2B16, 0x2B16, 0x2B16, 0x2B16, 0x2B16, 0x2B16, 0x2B16, 0x2B16,
  0x2B16, 0x2B16, 0x2B16, 0x2B16, 0x2B16, 0x2B16, 0x2B16, 0x2B16, 0x2B16, 0x2B16, 0x0846, 0x1359,
  0x1359, 0x1359, 0x1359, 0x1359, 0x1359, 0x1359, 0x1359, 0x1359, 0x1359, 0x1359, 0x1359, 0x0846,
  0x0846, 0x0846, 0x0846, 0x110F, 0x0846, 0x1359, 0x1359, 0x1359, 0x0846, 0x110F, 0x110F, 0x110F,
  0x2B16, 0x2B16, 0x2B16, 0x2B16, 0x0846, 0x1359, 0x1359, 0x1359, 0x0846, 0x110F, 0x0846, 0x1359,
  0x1359, 0x1359, 0x0846, 0x110F, 0x110F, 0x110F, 0x2B16, 0x2B16, 0x2B16, 0x2B16, 0x2B16, 0x2B16,
  0x2B16, 0x2B16, 0x2B16, 0x2B16, 0x0846, 0x1359, 0x1359, 0x1359, 0x1359, 0x1359, 0x1359, 0x1359,
  0x1359, 0x1359, 0x1359, 0x1359, 0x1359, 0x1359, 0x1359, 0x1359, 0x0846, 0x2B16, 0x2B16, 0x2B16,
  0x2B16, 0x2B16, 0x2B16, 0x2B16, 0x0846, 0x1359, 0x1359, 0x1359, 0x0846, 0x110F, 0x110F, 0x110F,
  0x2B16, 0x2B16, 0x2B16, 0x2B16, 0x2B16, 0x2B16, 0x2B16, 0x2B16, 0x2B16, 0x2B16, 0x0846, 0x1359,
  0x1359, 0x1359, 0x0846, 0x110F, 0x110F, 0x110F, 0x2B16, 0x2B16, 0x2B16, 0x2B16, 0x2B16, 0x2B16,
  0x2B16, 0x2B16, 0x2B16, 0x2B16, 0x2B16, 0x2B16, 0x2B16, 0x2B16, 0x2B16, 0x2B16, 0x2B16, 0x2B16,
  0x2B16, 0x2B16, 0x2B16, 0x2B16, 0x0846, 0x0846, 0x0846, 0x0846, 0x1359, 0x1359, 0x1359, 0x1359,
  0x1359, 0x1359, 0x1359, 0x1359, 0x1359, 0x0846, 0x0846, 0x0846, 0x0846, 0x110F, 0x0846, 0x1359,
  0x1359, 0x1359, 0x0846, 0x110F, 0x110F, 0x110F, 0x2B16, 0x2B16, 0x2B16, 0x2B16, 0x0846, 0x1359,
  0x1359, 0x1359, 0x0846, 0x110F, 0x0846, 0x1359, 0x1359, 0x1359, 0x0846, 0x110F, 0x110F, 0x110F,
  0x2B16, 0x0846, 0x0846, 0x0846, 0x0846, 0x1359, 0x1359, 0x1359, 0x0846, 0x2B16, 0x2B16, 0x2B16,
  0x2B16, 0x2B16, 0x2B16, 0x2B16, 0x2B16, 0x2B16, 0x2B16, 0x2B16, 0x2B16, 0x2B16, 0x2B16, 0x2B16,
  0x2B16, 0x2B16, 0x2B16, 0x2B16, 0x2B16, 0x2B16, 0x2B16, 0x2B16, 0x2B16, 0x2B16, 0x2B16, 0x2B16,
  0x2B16, 0x2B16, 0x2B16, 0x2B16, 0x2B16, 0x2B16, 0x2B16, 0x2B16, 0x2B16, 0x2B16, 0x2B16, 0x2B16,
  0x2B16, 0x2B16, 0x2B16, 0x2B16, 0x2B16, 0x2B16, 0x2B16, 0x2B16, 0x2B16, 0x2B16, 0x2B16, 0x2B16,
  0x2B16, 0x2B16, 0x2B16, 0x2B16, 0x2B16, 0x2B16, 0x2B16, 0x2B16, 0x2B16, 0x2B16, 0x2B16, 0x2B16,
  0x2B16, 0x2B16, 0x2B16, 0x2B16, 0x2B16, 0x2B16, 0x2B16, 0x2B16, 0x3399, 0x3399, 0x3399, 0x3399,
  0x3399, 0x3399, 0x3399, 0x3399, 0x3399, 0x3399, 0x3399, 0x3399, 0x3399, 0x3399, 0x3399, 0x3399,
  0x3399, 0x3399, 0x3399, 0x3399, 0x3399, 0x3399, 0x3399, 0x3399, 0x3399, 0x3399, 0x3399, 0x3399,
  0x3399, 0x3399, 0x3399, 0x3399, 0x3399, 0x3399, 0x3399, 0x3399, 0x3399, 0x3399, 0x3399, 0x3399,
  0x3399, 0x3399, 0x3399, 0x3399, 0x3399, 0x3399, 0x3399, 0x3399, 0x3399, 0x3399, 0x3399, 0x3399,
  0x3399, 0x3399, 0x3399, 0x3399, 0x3399, 0x3399, 0x3399, 0x3399, 0x3399, 0x3399, 0x3399, 0x3399,
  0x3399, 0x3399, 0x3399, 0x3399, 0x3399, 0x3399, 0x0847, 0x1BDD, 0x1BDD, 0x1BDD, 0x1BDD, 0x1BDD,
  0x1BDD, 0x1BDD, 0x1BDD, 0x1BDD, 0x1BDD, 0x1BDD, 0x1BDD, 0x0847, 0x3399, 0x1151, 0x1151, 0x1151,
  0x0847, 0x1BDD, 0x1BDD, 0x1BDD, 0x0847, 0x1151, 0x1151, 0x1151, 0x3399, 0x3399, 0x3399, 0x3399,
  0x0847, 0x1BDD, 0x1BDD, 0x1BDD, 0x0847, 0x1151, 0x0847, 0x1BDD, 0x1BDD, 0x1BDD, 0x0847, 0x1151,
  0x1151, 0x1151, 0x3399, 0x3399, 0x3399, 0x3399, 0x3399, 0x3399, 0x3399, 0x3399, 0x3399, 0x3399,
  0x0847, 0x1BDD, 0x1BDD, 0x1BDD, 0x1BDD, 0x1BDD, 0x1BDD, 0x1BDD, 0x1BDD, 0x1BDD, 0x1BDD, 0x1BDD,
  0x1BDD, 0x1BDD, 0x1BDD, 0x1BDD, 0x0847, 0x3399, 0x3399, 0x3399, 0x3399, 0x3399, 0x3399, 0x3399,
  0x0847, 0x1BDD, 0x1BDD, 0x1BDD, 0x0847, 0x1151, 0x1151, 0x1151, 0x3399, 0x3399, 0x3399, 0x3399,
  0x3399, 0x3399, 0x3399, 0x3399, 0x3399, 0x3399, 0x0847, 0x1BDD, 0x1BDD, 0x1BDD, 0x0847, 0x1151,
  0x1151, 0x1151, 0x3399, 0x3399, 0x3399, 0x3399, 0x3399, 0x3399, 0x3399, 0x3399, 0x3399, 0x3399,
  0x3399, 0x3399, 0x3399, 0x3399, 0x3399, 0x3399, 0x3399, 0x3399, 0x3399, 0x3399, 0x3399, 0x3399,
  0x3399, 0x3399, 0x3399, 0x0847, 0x1BDD, 0x1BDD, 0x1BDD, 0x1BDD, 0x1BDD, 0x1BDD, 0x1BDD, 0x1BDD,
  0x1BDD, 0x0847, 0x3399, 0x1151, 0x1151, 0x1151, 0x0847, 0x1BDD, 0x1BDD, 0x1BDD, 0x0847, 0x1151,
  0x1151, 0x1151, 0x3399, 0x3399, 0x3399, 0x3399, 0x0847, 0x1BDD, 0x1BDD, 0x1BDD, 0x0847, 0x1151,
  0x0847, 0x1BDD, 0x1BDD, 0x1BDD, 0x0847, 0x1151, 0x1151, 0x1151, 0x3399, 0x3399, 0x3399, 0x3399,
  0x0847, 0x1BDD, 0x1BDD, 0x1BDD, 0x0847, 0x3399, 0x3399, 0x3399, 0x3399, 0x3399, 0x3399, 0x3399,
  0x3399, 0x3399, 0x3399, 0x3399, 0x3399, 0x3399, 0x3399, 0x3399, 0x3399, 0x3399, 0x3399, 0x3399,
  0x3399, 0x3399, 0x3399, 0x3399, 0x3399, 0x3399, 0x3399, 0x3399, 0x3399, 0x3399, 0x3399, 0x3399,
  0x3399, 0x3399, 0x3399, 0x3399, 0x3399, 0x3399, 0x3399, 0x3399, 0x3399, 0x3399, 0x3399, 0x3399,
  0x3399, 0x3399, 0x3399, 0x3399, 0x3399, 0x3399, 0x3399, 0x3399, 0x3399, 0x3399, 0x3399, 0x3399,
  0x3399, 0x3399, 0x3399, 0x3399, 0x3399, 0x3399, 0x3399, 0x3399, 0x3399, 0x3399, 0x3399, 0x3399,
  0x3399, 0x3399, 0x3399, 0x3399, 0x2B16, 0x2B16, 0x2B16, 0x2B16, 0x2B16, 0x2B16, 0x2B16, 0x2B16,
  0x2B16, 0x2B16, 0x2B16, 0x2B16, 0x2B16, 0x2B16, 0x2B16, 0x2B16, 0x2B16, 0x2B16, 0x2B16, 0x2B16,
  0x2B16, 0x2B16, 0x2B16, 0x2B16, 0x2B16, 0x2B16, 0x2B16, 0x2B16, 0x2B16, 0x2B16, 0x2B16, 0x2B16,
  0x2B16, 0x2B16, 0x2B16, 0x2B16, 0x2B16, 0x2B16, 0x2B16, 0x2B16, 0x2B16, 0x2B16, 0x2B16, 0x2B16,
  0x2B16, 0x2B16, 0x2B16, 0x2B16, 0x2B16, 0x2B16, 0x2B16, 0x2B16, 0x2B16, 0x2B16, 0x2B16, 0x2B16,
  0x2B16, 0x2B16, 0x2B16, 0x2B16, 0x2B16, 0x2B16, 0x2B16, 0x2B16, 0x2B16, 0x2B16, 0x2B16, 0x2B16,
  0x2B16, 0x2B16, 0x0846, 0x1359, 0x1359, 0x1359, 0x1359, 0x1359, 0x1359, 0x1359, 0x1359, 0x1359,
  0x1359, 0x1359, 0x1359, 0x0846, 0x110F, 0x110F, 0x110F, 0x110F, 0x0846, 0x1359, 0x1359, 0x1359,
  0x0846, 0x110F, 0x110F, 0x110F, 0x2B16, 0x2B16, 0x2B16, 0x2B16, 0x0846, 0x1359, 0x1359, 0x1359,
  0x0846, 0x110F, 0x0846, 0x1359, 0x1359, 0x1359, 0x0846, 0x110F, 0x110F, 0x110F, 0x2B16, 0x2B16,
  0x2B16, 0x2B16, 0x2B16, 0x2B16, 0x2B16, 0x2B16, 0x2B16, 0x2B16, 0x0846, 0x1359, 0x1359, 0x1359,
  0x1359, 0x1359, 0x1359, 0x1359, 0x1359, 0x1359, 0x1359, 0x1359, 0x1359, 0x1359, 0x1359, 0x1359,
  0x0846, 0x110F, 0x110F, 0x110F, 0x2B16, 0x2B16, 0x2B16, 0x2B16, 0x0846, 0x1359, 0x1359, 0x1359,
  0x0846, 0x110F, 0x110F, 0x110F, 0x2B16, 0x2B16, 0x2B16, 0x2B16, 0x2B16, 0x2B16, 0x2B16, 0x2B16,
  0x2B16, 0x2B16, 0x0846, 0x1359, 0x1359, 0x1359, 0x0846, 0x110F, 0x110F, 0x110F, 0x2B16, 0x2B16,
  0x2B16, 0x2B16, 0x2B16, 0x2B16, 0x2B16, 0x2B16, 0x2B16, 0x2B16, 0x2B16, 0x2B16, 0x2B16, 0x2B16,
  0x2B16, 0x2B16, 0x2B16, 0x2B16, 0x2B16, 0x2B16, 0x2B16, 0x2B16, 0x2B16, 0x2B16, 0x2B16, 0x0846,
  0x1359, 0x1359, 0x1359, 0x1359, 0x1359, 0x1359, 0x1359, 0x1359, 0x1359, 0x0846, 0x110F, 0x110F,
  0x110F, 0x110F, 0x0846, 0x1359, 0x1359, 0x1359, 0x0846, 0x110F, 0x110F, 0x110F, 0x2B16, 0x2B16,
  0x2B16, 0x2B16, 0x0846, 0x1359, 0x1359, 0x1359, 0x0846, 0x110F, 0x0846, 0x1359, 0x1359, 0x1359,
  0x0846, 0x110F, 0x110F, 0x110F, 0x2B16, 0x2B16, 0x2B16, 0x2B16, 0x0846, 0x1359, 0x1359, 0x1359,
  0x0846, 0x110F, 0x110F, 0x110F, 0x2B16, 0x2B16, 0x2B16, 0x2B16, 0x2B16, 0x2B16, 0x2B16, 0x2B16,
  0x2B16, 0x2B16, 0x2B16, 0x2B16, 0x2B16, 0x2B16, 0x2B16, 0x2B16, 0x2B16, 0x2B16, 0x2B16, 0x2B16,
  0x2B16, 0x2B16, 0x2B16, 0x2B16, 0x2B16, 0x2B16, 0x2B16, 0x2B16, 0x2B16, 0x2B16, 0x2B16, 0x2B16,
  0x2B16, 0x2B16, 0x2B16, 0x2B16, 0x2B16, 0x2B16, 0x2B16, 0x2B16, 0x2B16, 0x2B16, 0x2B16, 0x2B16,
  0x2B16, 0x2B16, 0x2B16, 0x2B16, 0x2B16, 0x2B16, 0x2B16, 0x2B16, 0x2B16, 0x2B16, 0x2B16, 0x2B16,
  0x2B16, 0x2B16, 0x2B16, 0x2B16, 0x2B16, 0x2B16, 0x2B16, 0x2B16, 0x2B16, 0x2B16, 0x2B16, 0x2B16,
  0x3399, 0x3399, 0x3399, 0x3399, 0x3399, 0x3399, 0x3399, 0x3399, 0x3399, 0x3399, 0x3399, 0x3399,
  0x3399, 0x3399, 0x3399, 0x3399, 0x3399, 0x3399, 0x3399, 0x3399, 0x3399, 0x3399, 0x3399, 0x3399,
  0x3399, 0x3399, 0x3399, 0x3399, 0x3399, 0x3399, 0x3399, 0x3399, 0x3399, 0x3399, 0x3399, 0x3399,
  0x3399, 0x3399, 0x3399, 0x3399, 0x3399, 0x3399, 0x3399, 0x3399, 0x3399, 0x3399, 0x3399, 0x3399,
  0x3399, 0x3399, 0x3399, 0x3399, 0x3399, 0x3399, 0x3399, 0x3399, 0x3399, 0x3399, 0x3399, 0x3399,
  0x3399, 0x3399, 0x3399, 0x3399, 0x3399, 0x3399, 0x3399, 0x3399, 0x3399, 0x3399, 0x0847, 0x0847,
  0x0847, 0x0847, 0x0847, 0x0847, 0x0847, 0x0847, 0x0847, 0x0847, 0x0847, 0x0847, 0x0847, 0x0847,
  0x1151, 0x1151, 0x1151, 0x1151, 0x0847, 0x0847, 0x0847, 0x0847, 0x0847, 0x1151, 0x1151, 0x1151,
  0x3399, 0x3399, 0x3399, 0x3399, 0x0847, 0x0847, 0x0847, 0x0847, 0x0847, 0x1151, 0x0847, 0x0847,
  0x0847, 0x0847, 0x0847, 0x1151, 0x1151, 0x1151, 0x3399, 0x3399, 0x3399, 0x3399, 0x3399, 0x3399,
  0x3399, 0x3399, 0x3399, 0x3399, 0x0847, 0x0847, 0x0847, 0x0847, 0x0847, 0x0847, 0x0847, 0x0847,
  0x0847, 0x0847, 0x0847, 0x0847, 0x0847, 0x0847, 0x0847, 0x0847, 0x0847, 0x1151, 0x1151, 0x1151,
  0x3399, 0x3399, 0x3399, 0x3399, 0x0847, 0x0847, 0x0847, 0x0847, 0x0847, 0x1151, 0x1151, 0x1151,
  0x3399, 0x3399, 0x3399, 0x3399, 0x3399, 0x3399, 0x3399, 0x3399, 0x3399, 0x3399, 0x0847, 0x0847,
  0x0847, 0x0847, 0x0847, 0x1151, 0x1151, 0x1151, 0x3399, 0x3399, 0x3399, 0x3399, 0x3399, 0x3399,
  0x3399, 0x3399, 0x3399, 0x3399, 0x3399, 0x3399, 0x3399, 0x3399, 0x3399, 0x3399, 0x3399, 0x3399,
  0x3399, 0x3399, 0x3399, 0x3399, 0x3399, 0x3399, 0x3399, 0x0847, 0x0847, 0x0847, 0x0847, 0x0847,
  0x0847, 0x0847, 0x0847, 0x0847, 0x0847, 0x0847, 0x1151, 0x1151, 0x1151, 0x1151, 0x0847, 0x0847,
  0x0847, 0x0847, 0x0847, 0x1151, 0x1151, 0x1151, 0x3399, 0x3399, 0x3399, 0x3399, 0x0847, 0x0847,
  0x0847, 0x0847, 0x0847, 0x1151, 0x0847, 0x0847, 0x0847, 0x0847, 0x0847, 0x1151, 0x1151, 0x1151,
  0x3399, 0x3399, 0x3399, 0x3399, 0x0847, 0x0847, 0x0847, 0x0847, 0x0847, 0x1151, 0x1151, 0x1151,
  0x3399, 0x3399, 0x3399, 0x3399, 0x3399, 0x3399, 0x3399, 0x3399, 0x3399, 0x3399, 0x3399, 0x3399,
  0x3399, 0x3399, 0x3399, 0x3399, 0x3399, 0x3399, 0x3399, 0x3399, 0x3399, 0x3399, 0x3399, 0x3399,
  0x3399, 0x3399, 0x3399, 0x3399, 0x3399, 0x3399, 0x3399, 0x3399, 0x3399, 0x3399, 0x3399, 0x3399,
  0x3399, 0x3399, 0x3399, 0x3399, 0x3399, 0x3399, 0x3399, 0x3399, 0x3399, 0x3399, 0x3399, 0x3399,
  0x3399, 0x3399, 0x3399, 0x3399, 0x3399, 0x3399, 0x3399, 0x3399, 0x3399, 0x3399, 0x3399, 0x3399,
  0x3399, 0x3399, 0x3399, 0x3399, 0x3399, 0x3399, 0x3399, 0x3399, 0x2B16, 0x2B16, 0x2B16, 0x2B16,
  0x2B16, 0x2B16, 0x2B16, 0x2B16, 0x2B16, 0x2B16, 0x2B16, 0x2B16, 0x2B16, 0x2B16, 0x2B16, 0x2B16,
  0x2B16, 0x2B16, 0x2B16, 0x2B16, 0x2B16, 0x2B16, 0x2B16, 0x2B16, 0x2B16, 0x2B16, 0x2B16, 0x2B16,
  0x2B16, 0x2B16, 0x2B16, 0x2B16, 0x2B16, 0x2B16, 0x2B16, 0x2B16, 0x2B16, 0x2B16, 0x2B16, 0x2B16,
  0x2B16, 0x2B16, 0x2B16, 0x2B16, 0x2B16, 0x2B16, 0x2B16, 0x2B16, 0x2B16, 0x2B16, 0x2B16, 0x2B16,
  0x2B16, 0x2B16, 0x2B16, 0x2B16, 0x2B16, 0x2B16, 0x2B16, 0x2B16, 0x2B16, 0x2B16, 0x2B16, 0x2B16,
  0x2B16, 0x2B16, 0x2B16, 0x2B16, 0x2B16, 0x2B16, 0x2B16, 0x2B16, 0x2B16, 0x110F, 0x110F, 0x110F,
  0x110F, 0x110F, 0x110F, 0x110F, 0x110F, 0x110F, 0x110F, 0x110F, 0x110F, 0x110F, 0x110F, 0x2B16,
  0x2B16, 0x2B16, 0x2B16, 0x110F, 0x110F, 0x110F, 0x110F, 0x110F, 0x2B16, 0x2B16, 0x2B16, 0x2B16,
  0x2B16, 0x2B16, 0x2B16, 0x110F, 0x110F, 0x110F, 0x110F, 0x110F, 0x2B16, 0x110F, 0x110F, 0x110F,
  0x110F, 0x110F, 0x2B16, 0x2B16, 0x2B16, 0x2B16, 0x2B16, 0x2B16, 0x2B16, 0x2B16, 0x2B16, 0x2B16,
  0x2B16, 0x2B16, 0x2B16, 0x110F, 0x110F, 0x110F, 0x110F, 0x110F, 0x110F, 0x110F, 0x110F, 0x110F,
  0x110F, 0x110F, 0x110F, 0x110F, 0x110F, 0x110F, 0x110F, 0x110F, 0x2B16, 0x2B16, 0x2B16, 0x2B16,
  0x2B16, 0x2B16, 0x2B16, 0x110F, 0x110F, 0x110F, 0x110F, 0x110F, 0x2B16, 0x2B16, 0x2B16, 0x2B16,
  0x2B16, 0x2B16, 0x2B16, 0x2B16, 0x2B16, 0x2B16, 0x2B16, 0x2B16, 0x2B16, 0x110F, 0x110F, 0x110F,
  0x110F, 0x110F, 0x2B16, 0x2B16, 0x2B16, 0x2B16, 0x2B16, 0x2B16, 0x2B16, 0x2B16, 0x2B16, 0x2B16,
  0x2B16, 0x2B16, 0x2B16, 0x2B16, 0x2B16, 0x2B16, 0x2B16, 0x2B16, 0x2B16, 0x2B16, 0x2B16, 0x2B16,
  0x2B16, 0x2B16, 0x2B16, 0x2B16, 0x2B16, 0x2B16, 0x110F, 0x110F, 0x110F, 0x110F, 0x110F, 0x110F,
  0x110F, 0x110F, 0x110F, 0x110F, 0x110F, 0x2B16, 0x2B16, 0x2B16, 0x2B16, 0x110F, 0x110F, 0x110F,
  0x110F, 0x110F, 0x2B16, 0x2B16, 0x2B16, 0x2B16, 0x2B16, 0x2B16, 0x2B16, 0x110F, 0x110F, 0x110F,
  0x110F, 0x110F, 0x2B16, 0x110F, 0x110F, 0x110F, 0x110F, 0x110F, 0x2B16, 0x2B16, 0x2B16, 0x2B16,
  0x2B16, 0x2B16, 0x2B16, 0x110F, 0x110F, 0x110F, 0x110F, 0x110F, 0x2B16, 0x2B16, 0x2B16, 0x2B16,
  0x2B16, 0x2B16, 0x2B16, 0x2B16, 0x2B16, 0x2B16, 0x2B16, 0x2B16, 0x2B16, 0x2B16, 0x2B16, 0x2B16,
  0x2B16, 0x2B16, 0x2B16, 0x2B16, 0x2B16, 0x2B16, 0x2B16, 0x2B16, 0x2B16, 0x2B16, 0x2B16, 0x2B16,
  0x2B16, 0x2B16, 0x2B16, 0x2B16, 0x2B16, 0x2B16, 0x2B16, 0x2B16, 0x2B16, 0x2B16, 0x2B16, 0x2B16,
  0x2B16, 0x2B16, 0x2B16, 0x2B16, 0x2B16, 0x2B16, 0x2B16, 0x2B16, 0x2B16, 0x2B16, 0x2B16, 0x2B16,
  0x2B16, 0x2B16, 0x2B16, 0x2B16, 0x2B16, 0x2B16, 0x2B16, 0x2B16, 0x2B16, 0x2B16, 0x2B16, 0x2B16,
  0x2B16, 0x2B16, 0x2B16, 0x2B16, 0x3399, 0x3399, 0x3399, 0x3399, 0x3399, 0x3399, 0x3399, 0x3399,
  0x3399, 0x3399, 0x3399, 0x3399, 0x3399, 0x3399, 0x3399, 0x3399, 0x3399, 0x3399, 0x3399, 0x3399,
  0x3399, 0x3399, 0x3399, 0x3399, 0x3399, 0x3399, 0x3399, 0x3399, 0x3399, 0x3399, 0x3399, 0x3399,
  0x3399, 0x3399, 0x3399, 0x3399, 0x3399, 0x3399, 0x3399, 0x3399, 0x3399, 0x3399, 0x3399, 0x3399,
  0x3399, 0x3399, 0x3399, 0x3399, 0x3399, 0x3399, 0x3399, 0x3399, 0x3399, 0x3399, 0x3399, 0x3399,
  0x3399, 0x3399, 0x3399, 0x3399, 0x3399, 0x3399, 0x3399, 0x3399, 0x3399, 0x3399, 0x3399, 0x3399,
  0x3399, 0x3399, 0x3399, 0x3399, 0x3399, 0x1151, 0x1151, 0x1151, 0x1151, 0x1151, 0x1151, 0x1151,
  0x1151, 0x1151, 0x1151, 0x1151, 0x1151, 0x1151, 0x1151, 0x3399, 0x3399, 0x3399, 0x3399, 0x1151,
  0x1151, 0x1151, 0x1151, 0x1151, 0x3399, 0x3399, 0x3399, 0x3399, 0x3399, 0x3399, 0x3399, 0x1151,
  0x1151, 0x1151, 0x1151, 0x1151, 0x3399, 0x1151, 0x1151, 0x1151, 0x1151, 0x1151, 0x3399, 0x3399,
  0x3399, 0x3399, 0x3399, 0x3399, 0x3399, 0x3399, 0x3399, 0x3399, 0x3399, 0x3399, 0x3399, 0x1151,
  0x1151, 0x1151, 0x1151, 0x1151, 0x1151, 0x1151, 0x1151, 0x1151, 0x1151, 0x1151, 0x1151, 0x1151,
  0x1151, 0x1151, 0x1151, 0x1151, 0x3399, 0x3399, 0x3399, 0x3399, 0x3399, 0x3399, 0x3399, 0x1151,
  0x1151, 0x1151, 0x1151, 0x1151, 0x3399, 0x3399, 0x3399, 0x3399, 0x3399, 0x3399, 0x3399, 0x3399,
  0x3399, 0x3399, 0x3399, 0x3399, 0x3399, 0x1151, 0x1151, 0x1151, 0x1151, 0x1151, 0x3399, 0x3399,
  0x3399, 0x3399, 0x3399, 0x3399, 0x3399, 0x3399, 0x3399, 0x3399, 0x3399, 0x3399, 0x3399, 0x3399,
  0x3399, 0x3399, 0x3399, 0x3399, 0x3399, 0x3399, 0x3399, 0x3399, 0x3399, 0x3399, 0x3399, 0x3399,
  0x3399, 0x3399, 0x1151, 0x1151, 0x1151, 0x1151, 0x1151, 0x1151, 0x1151, 0x1151, 0x1151, 0x1151,
  0x1151, 0x3399, 0x3399, 0x3399, 0x3399, 0x1151, 0x1151, 0x1151, 0x1151, 0x1151, 0x3399, 0x3399,
  0x3399, 0x3399, 0x3399, 0x3399, 0x3399, 0x1151, 0x1151, 0x1151, 0x1151, 0x1151, 0x3399, 0x1151,
  0x1151, 0x1151, 0x1151, 0x1151, 0x3399, 0x3399, 0x3399, 0x3399, 0x3399, 0x3399, 0x3399, 0x1151,
  0x1151, 0x1151, 0x1151, 0x1151, 0x3399, 0x3399, 0x3399, 0x3399, 0x3399, 0x3399, 0x3399, 0x3399,
  0x3399, 0x3399, 0x3399, 0x3399, 0x3399, 0x3399, 0x3399, 0x3399, 0x3399, 0x3399, 0x3399, 0x3399,
  0x3399, 0x3399, 0x3399, 0x3399, 0x3399, 0x3399, 0x3399, 0x3399, 0x3399, 0x3399, 0x3399, 0x3399,
  0x3399, 0x3399, 0x3399, 0x3399, 0x3399, 0x3399, 0x3399, 0x3399, 0x3399, 0x3399, 0x3399, 0x3399,
  0x3399, 0x3399, 0x3399, 0x3399, 0x3399, 0x3399, 0x3399, 0x3399, 0x3399, 0x3399, 0x3399, 0x3399,
  0x3399, 0x3399, 0x3399, 0x3399, 0x3399, 0x3399, 0x3399, 0x3399, 0x3399, 0x3399, 0x3399, 0x3399,
  0x2B16, 0x2B16, 0x2B16, 0x2B16, 0x2B16, 0x2B16, 0x2B16, 0x2B16, 0x2B16, 0x2B16, 0x2B16, 0x2B16,
  0x2B16, 0x2B16, 0x2B16, 0x2B16, 0x2B16, 0x2B16, 0x2B16, 0x2B16, 0x2B16, 0x2B16, 0x2B16, 0x2B16,
  0x2B16, 0x2B16, 0x2B16, 0x2B16, 0x2B16, 0x2B16, 0x2B16, 0x2B16, 0x2B16, 0x2B16, 0x2B16, 0x2B16,
  0x2B16, 0x2B16, 0x2B16, 0x2B16, 0x2B16, 0x2B16, 0x2B16, 0x2B16, 0x2B16, 0x2B16, 0x2B16, 0x2B16,
  0x2B16, 0x2B16, 0x2B16, 0x2B16, 0x2B16, 0x2B16, 0x2B16, 0x2B16, 0x2B16, 0x2B16, 0x2B16, 0x2B16,
  0x2B16, 0x2B16, 0x2B16, 0x2B16, 0x2B16, 0x2B16, 0x2B16, 0x2B16, 0x2B16, 0x2B16, 0x2B16, 0x2B16,
  0x2B16, 0x110F, 0x110F, 0x110F, 0x110F, 0x110F, 0x110F, 0x110F, 0x110F, 0x110F, 0x110F, 0x110F,
  0x110F, 0x110F, 0x110F, 0x2B16, 0x2B16, 0x2B16, 0x2B16, 0x110F, 0x110F, 0x110F, 0x110F, 0x110F,
  0x2B16, 0x2B16, 0x2B16, 0x2B16, 0x2B16, 0x2B16, 0x2B16, 0x110F, 0x110F, 0x110F, 0x110F, 0x110F,
  0x2B16, 0x110F, 0x110F, 0x110F, 0x110F, 0x110F, 0x2B16, 0x2B16, 0x2B16, 0x2B16, 0x2B16, 0x2B16,
  0x2B16, 0x2B16, 0x2B16, 0x2B16, 0x2B16, 0x2B16, 0x2B16, 0x110F, 0x110F, 0x110F, 0x110F, 0x110F,
  0x110F, 0x110F, 0x110F, 0x110F, 0x110F, 0x110F, 0x110F, 0x110F, 0x110F, 0x110F, 0x110F, 0x110F,
  0x2B16, 0x2B16, 0x2B16, 0x2B16, 0x2B16, 0x2B16, 0x2B16, 0x110F, 0x110F, 0x110F, 0x110F, 0x110F,
  0x2B16, 0x2B16, 0x2B16, 0x2B16, 0x2B16, 0x2B16, 0x2B16, 0x2B16, 0x2B16, 0x2B16, 0x2B16, 0x2B16,
  0x2B16, 0x110F, 0x110F, 0x110F, 0x110F, 0x110F, 0x2B16, 0x2B16, 0x2B16, 0x2B16, 0x2B16, 0x2B16,
  0x2B16, 0x2B16, 0x2B16, 0x2B16, 0x2B16, 0x2B16, 0x2B16, 0x2B16, 0x2B16, 0x2B16, 0x2B16, 0x2B16,
  0x2B16, 0x2B16, 0x2B16, 0x2B16, 0x2B16, 0x2B16, 0x2B16, 0x2B16, 0x2B16, 0x2B16, 0x110F, 0x110F,
  0x110F, 0x110F, 0x110F, 0x110F, 0x110F, 0x110F, 0x110F, 0x110F, 0x110F, 0x2B16, 0x2B16, 0x2B16,
  0x2B16, 0x110F, 0x110F, 0x110F, 0x110F, 0x110F, 0x2B16, 0x2B16, 0x2B16, 0x2B16, 0x2B16, 0x2B16,
  0x2B16, 0x110F, 0x110F, 0x110F, 0x110F, 0x110F, 0x2B16, 0x110F, 0x110F, 0x110F, 0x110F, 0x110F,
  0x2B16, 0x2B16, 0x2B16, 0x2B16, 0x2B16, 0x2B16, 0x2B16, 0x110F, 0x110F, 0x110F, 0x110F, 0x110F,
  0x2B16, 0x2B16, 0x2B16, 0x2B16, 0x2B16, 0x2B16, 0x2B16, 0x2B16, 0x2B16, 0x2B16, 0x2B16, 0x2B16,
  0x2B16, 0x2B16, 0x2B16, 0x2B16, 0x2B16, 0x2B16, 0x2B16, 0x2B16, 0x2B16, 0x2B16, 0x2B16, 0x2B16,
  0x2B16, 0x2B16, 0x2B16, 0x2B16, 0x2B16, 0x2B16, 0x2B16, 0x2B16, 0x2B16, 0x2B16, 0x2B16, 0x2B16,
  0x2B16, 0x2B16, 0x2B16, 0x2B16, 0x2B16, 0x2B16, 0x2B16, 0x2B16, 0x2B16, 0x2B16, 0x2B16, 0x2B16,
  0x2B16, 0x2B16, 0x2B16, 0x2B16, 0x2B16, 0x2B16, 0x2B16, 0x2B16, 0x2B16, 0x2B16, 0x2B16, 0x2B16,
  0x2B16, 0x2B16, 0x2B16, 0x2B16, 0x2B16, 0x2B16, 0x2B16, 0x2B16, 0x3399, 0x3399, 0x3399, 0x3399,
  0x3399, 0x3399, 0x3399, 0x3399, 0x3399, 0x3399, 0x3399, 0x3399, 0x3399, 0x3399, 0x3399, 0x3399,
  0x3399, 0x3399, 0x3399, 0x3399, 0x3399, 0x3399, 0x3399, 0x3399, 0x3399, 0x3399, 0x3399, 0x3399,
  0x3399, 0x3399, 0x3399, 0x3399, 0x3399, 0x3399, 0x3399, 0x3399, 0x3399, 0x3399, 0x3399, 0x3399,
  0x3399, 0x3399, 0x3399, 0x3399, 0x3399, 0x3399, 0x3399, 0x3399, 0x3399, 0x3399, 0x3399, 0x3399,
  0x3399, 0x3399, 0x3399, 0x3399, 0x3399, 0x3399, 0x3399, 0x3399, 0x3399, 0x3399, 0x3399, 0x3399,
  0x3399, 0x3399, 0x3399, 0x3399, 0x3399, 0x3399, 0x3399, 0x3399, 0x3399, 0x3399, 0x3399, 0x3399,
  0x3399, 0x3399, 0x3399, 0x3399, 0x3399, 0x3399, 0x3399, 0x3399, 0x3399, 0x3399, 0x3399, 0x3399,
  0x3399, 0x3399, 0x3399, 0x3399, 0x3399, 0x3399, 0x3399, 0x3399, 0x3399, 0x3399, 0x3399, 0x3399,
  0x3399, 0x3399, 0x3399, 0x3399, 0x3399, 0x3399, 0x3399, 0x3399, 0x3399, 0x3399, 0x3399, 0x3399,
  0x3399, 0x3399, 0x3399, 0x3399, 0x3399, 0x3399, 0x3399, 0x3399, 0x3399, 0x3399, 0x3399, 0x3399,
  0x3399, 0x3399, 0x3399, 0x3399, 0x3399, 0x3399, 0x3399, 0x3399, 0x3399, 0x3399, 0x3399, 0x3399,
  0x3399, 0x3399, 0x3399, 0x3399, 0x3399, 0x3399, 0x3399, 0x3399, 0x3399, 0x3399, 0x3399, 0x3399,
  0x3399, 0x3399, 0x3399, 0x3399, 0x3399, 0x3399, 0x3399, 0x3399, 0x3399, 0x3399, 0x3399, 0x3399,
  0x3399, 0x3399, 0x3399, 0x3399, 0x3399, 0x3399, 0x3399, 0x3399, 0x3399, 0x3399, 0x3399, 0x3399,
  0x3399, 0x3399, 0x3399, 0x3399, 0x3399, 0x3399, 0x3399, 0x3399, 0x3399, 0x3399, 0x3399, 0x3399,
  0x3399, 0x3399, 0x3399, 0x3399, 0x3399, 0x3399, 0x3399, 0x3399, 0x3399, 0x3399, 0x3399, 0x3399,
  0x3399, 0x3399, 0x3399, 0x3399, 0x3399, 0x3399, 0x3399, 0x3399, 0x3399, 0x3399, 0x3399, 0x3399,
  0x3399, 0x3399, 0x3399, 0x3399, 0x3399, 0x3399, 0x3399, 0x3399, 0x3399, 0x3399, 0x3399, 0x3399,
  0x3399, 0x3399, 0x3399, 0x3399, 0x3399, 0x3399, 0x3399, 0x3399, 0x3399, 0x3399, 0x3399, 0x3399,
  0x3399, 0x3399, 0x3399, 0x3399, 0x3399, 0x3399, 0x3399, 0x3399, 0x3399, 0x3399, 0x3399, 0x3399,
  0x3399, 0x3399, 0x3399, 0x3399, 0x3399, 0x3399, 0x3399, 0x3399, 0x3399, 0x3399, 0x3399, 0x3399,
  0x3399, 0x3399, 0x3399, 0x3399, 0x3399, 0x3399, 0x3399, 0x3399, 0x3399, 0x3399, 0x3399, 0x3399,
  0x3399, 0x3399, 0x3399, 0x3399, 0x3399, 0x3399, 0x3399, 0x3399, 0x3399, 0x3399, 0x3399, 0x3399,
  0x3399, 0x3399, 0x3399, 0x3399, 0x3399, 0x3399, 0x3399, 0x3399, 0x3399, 0x3399, 0x3399, 0x3399,
  0x3399, 0x3399, 0x3399, 0x3399, 0x3399, 0x3399, 0x3399, 0x3399, 0x3399, 0x3399, 0x3399, 0x3399,
  0x3399, 0x3399, 0x3399, 0x3399, 0x3399, 0x3399, 0x3399, 0x3399, 0x3399, 0x3399, 0x3399, 0x3399,
  0x3399, 0x3399, 0x3399, 0x3399, 0x3B97, 0x3B97, 0x3B97, 0x3B97, 0x3B97, 0x3B97, 0x3B97, 0x3B97,
  0x3B97, 0x3B97, 0x3B97, 0x3B97, 0x3B97, 0x3B97, 0x3B97, 0x3B97, 0x3B97, 0x3B97, 0x3B97, 0x3B97,
  0x3B97, 0x3B97, 0x3B97, 0x3B97, 0x3B97, 0x3B97, 0x3B97, 0x3B97, 0x3B97, 0x3B97, 0xC106, 0xC106,
  0xC106, 0xC106, 0xC106, 0xC106, 0xC106, 0xC106, 0xC106, 0xC106, 0xC106, 0xC106, 0xC106, 0xC106,
  0xC106, 0xC106, 0xC106, 0xC106, 0xC106, 0xC106, 0xC106, 0xC106, 0xC106, 0xC106, 0xC106, 0xC106,
  0xC106, 0xC106, 0xC106, 0xC106, 0xC106, 0xC106, 0xC106, 0xC106, 0xC106, 0xC106, 0xC106, 0xC106,
  0xC106, 0xC106, 0xC106, 0xC106, 0xC106, 0xC106, 0xC106, 0xC106, 0xC106, 0xC106, 0xC106, 0xC106,
  0xC106, 0xC106, 0xC106, 0xC106, 0xC106, 0xC106, 0xC106, 0xC106, 0xC106, 0xC106, 0xC106, 0xC106,
  0xC106, 0xC106, 0xC106, 0xC106, 0xC106, 0xC106, 0xC106, 0xC106, 0xC106, 0xC106, 0xC106, 0xC106,
  0xC106, 0xC106, 0xC106, 0xC106, 0xC106, 0xC106, 0xC106, 0xC106, 0xC106, 0xC106, 0xC106, 0xC106,
  0xC106, 0xC106, 0xC106, 0xC106, 0xC106, 0xC106, 0xC106, 0xC106, 0xC106, 0xC106, 0xC106, 0xC106,
  0xC106, 0xC106, 0xC106, 0xC106, 0xC106, 0xC106, 0xC106, 0xC106, 0xC106, 0xC106, 0xC106, 0xC106,
  0xC106, 0xC106, 0xC106, 0xC106, 0xC106, 0xC106, 0xC106, 0xC106, 0xC106, 0xC106, 0xC106, 0xC106,
  0xC106, 0xC106, 0xC106, 0xC106, 0xC106, 0xC106, 0xC106, 0xC106, 0xC106, 0xC106, 0xC106, 0xC106,
  0xC106, 0xC106, 0xC106, 0xC106, 0xC106, 0xC106, 0xC106, 0xC106, 0xC106, 0xC106, 0xC106, 0xC106,
  0xC106, 0xC106, 0xC106, 0xC106, 0xC106, 0xC106, 0xC106, 0xC106, 0xC106, 0xC106, 0xC106, 0xC106,
  0xC106, 0xC106, 0xC106, 0xC106, 0xC106, 0xC106, 0xC106, 0xC106, 0xC106, 0xC106, 0xC106, 0xC106,
  0xC106, 0xC106, 0xC106, 0xC106, 0xC106, 0xC106, 0xC106, 0xC106, 0xC106, 0xC106, 0xC106, 0xC106,
  0xC106, 0xC106, 0xC106, 0xC106, 0xC106, 0xC106, 0xC106, 0xC106, 0xC106, 0xC106, 0xC106, 0xC106,
  0xC106, 0xC106, 0xC106, 0xC106, 0xC106, 0xC106, 0xC106, 0xC106, 0xC106, 0xC106, 0xC106, 0xC106,
  0xC106, 0xC106, 0xC106, 0xC106, 0xC106, 0xC106, 0xC106, 0xC106, 0xC106, 0xC106, 0xC106, 0xC106,
  0xC106, 0xC106, 0xC106, 0xC106, 0xC106, 0xC106, 0xC106, 0xC106, 0xC106, 0xC106, 0xC106, 0xC106,
  0xC106, 0xC106, 0xC106, 0xC106, 0xC106, 0xC106, 0xC106, 0xC106, 0xC106, 0xC106, 0xC106, 0xC106,
  0xC106, 0xC106, 0xC106, 0xC106, 0xC106, 0xC106, 0xC106, 0xC106, 0xC106, 0xC106, 0xC106, 0xC106,
  0xC106, 0xC106, 0xC106, 0xC106, 0xC106, 0xC106, 0xC106, 0x3B97, 0x3B97, 0x3B97, 0x3B97, 0x3B97,
  0x3B97, 0x3B97, 0x3B97, 0x3B97, 0x3B97, 0x3B97, 0x3B97, 0x3B97, 0x3B97, 0x3B97, 0x3B97, 0x3B97,
  0x3B97, 0x3B97, 0x3B97, 0x3B97, 0x3B97, 0x3B97, 0x3B97, 0x3B97, 0x3B97, 0x3B97, 0x3B97, 0x3B97,
  0x4C1A, 0x4C1A, 0x4C1A, 0x4C1A, 0x4C1A, 0x4C1A, 0x4C1A, 0x4C1A, 0x4C1A, 0x4C1A, 0x4C1A, 0x4C1A,
  0x4C1A, 0x4C1A, 0x4C1A, 0x4C1A, 0x4C1A, 0x4C1A, 0x4C1A, 0x4C1A, 0x4C1A, 0x4C1A, 0x4C1A, 0x4C1A,
  0x4C1A, 0x4C1A, 0x4C1A, 0x4C1A, 0x4C1A, 0x4C1A, 0xE147, 0xE147, 0xE147, 0xE147, 0xE147, 0xE147,
  0xE147, 0xE147, 0xE147, 0xE147, 0xE147, 0xE147, 0xE147, 0xE147, 0xE147, 0xE147, 0xE147, 0xE147,
  0xE147, 0xE147, 0xE147, 0xE147, 0xE147, 0xE147, 0xE147, 0xE147, 0xE147, 0xE147, 0xE147, 0xE147,
  0xE147, 0xE147, 0xE147, 0xE147, 0xE147, 0xE147, 0xE147, 0xE147, 0xE147, 0xE147, 0xE147, 0xE147,
  0xE147, 0xE147, 0xE147, 0xE147, 0xE147, 0xE147, 0xE147, 0xE147, 0xE147, 0xE147, 0xE147, 0xE147,
  0xE147, 0xE147, 0xE147, 0xE147, 0xE147, 0xE147, 0xE147, 0xE147, 0xE147, 0xE147, 0xE147, 0xE147,
  0xE147, 0xE147, 0xE147, 0xE147, 0xE147, 0xE147, 0xE147, 0xE147, 0xE147, 0xE147, 0xE147, 0xE147,
  0xE147, 0xE147, 0xE147, 0xE147, 0xE147, 0xE147, 0xE147, 0xE147, 0xE147, 0xE147, 0xE147, 0xE147,
  0xE147, 0xE147, 0xE147, 0xE147, 0xE147, 0xE147, 0xE147, 0xE147, 0xE147, 0xE147, 0xE147, 0xE147,
  0xE147, 0xE147, 0xE147, 0xE147, 0xE147, 0xE147, 0xE147, 0xE147, 0xE147, 0xE147, 0xE147, 0xE147,
  0xE147, 0xE147, 0xE147, 0xE147, 0xE147, 0xE147, 0xE147, 0xE147, 0xE147, 0xE147, 0xE147, 0xE147,
  0xE147, 0xE147, 0xE147, 0xE147, 0xE147, 0xE147, 0xE147, 0xE147, 0xE147, 0xE147, 0xE147, 0xE147,
  0xE147, 0xE147, 0xE147, 0xE147, 0xE147, 0xE147, 0xE147, 0xE147, 0xE147, 0xE147, 0xE147, 0xE147,
  0xE147, 0xE147, 0xE147, 0xE147, 0xE147, 0xE147, 0xE147, 0xE147, 0xE147, 0xE147, 0xE147, 0xE147,
  0xE147, 0xE147, 0xE147, 0xE147, 0xE147, 0xE147, 0xE147, 0xE147, 0xE147, 0xE147, 0xE147, 0xE147,
  0xE147, 0xE147, 0xE147, 0xE147, 0xE147, 0xE147, 0xE147, 0xE147, 0xE147, 0xE147, 0xE147, 0xE147,
  0xE147, 0xE147, 0xE147, 0xE147, 0xE147, 0xE147, 0xE147, 0xE147, 0xE147, 0xE147, 0xE147, 0xE147,
  0xE147, 0xE147, 0xE147, 0xE147, 0xE147, 0xE147, 0xE147, 0xE147, 0xE147, 0xE147, 0xE147, 0xE147,
  0xE147, 0xE147, 0xE147, 0xE147, 0xE147, 0xE147, 0xE147, 0xE147, 0xE147, 0xE147, 0xE147, 0xE147,
  0xE147, 0xE147, 0xE147, 0xE147, 0xE147, 0xE147, 0xE147, 0xE147, 0xE147, 0xE147, 0xE147, 0xE147,
  0xE147, 0xE147, 0xE147, 0xE147, 0xE147, 0xE147, 0xE147, 0xE147, 0xE147, 0xE147, 0xE147, 0xE147,
  0xE147, 0xE147, 0xE147, 0xE147, 0xE147, 0xE147, 0xE147, 0xE147, 0xE147, 0xE147, 0xE147, 0xE147,
  0xE147, 0xE147, 0xE147, 0x4C1A, 0x4C1A, 0x4C1A, 0x4C1A, 0x4C1A, 0x4C1A, 0x4C1A, 0x4C1A, 0x4C1A,
  0x4C1A, 0x4C1A, 0x4C1A, 0x4C1A, 0x4C1A, 0x4C1A, 0x4C1A, 0x4C1A, 0x4C1A, 0x4C1A, 0x4C1A, 0x4C1A,
  0x4C1A, 0x4C1A, 0x4C1A, 0x4C1A, 0x4C1A, 0x4C1A, 0x4C1A, 0x4C1A, 0x3B97, 0x3B97, 0x3B97, 0x3B97,
  0x3B97, 0x3B97, 0x3B97, 0x3B97, 0x3B97, 0x3B97, 0x3B97, 0x3B97, 0x3B97, 0x3B97, 0x3B97, 0x3B97,
  0x3B97, 0x3B97, 0x3B97, 0x3B97, 0x3B97, 0x3B97, 0x3B97, 0x3B97, 0x3B97, 0x3B97, 0x3B97, 0x3B97,
  0x3B97, 0x3B97, 0x3B97, 0x3B97, 0x3B97, 0x3B97, 0x3B97, 0x3B97, 0x3B97, 0x3B97, 0x3B97, 0x3B97,
  0x3B97, 0x3B97, 0x3B97, 0x3B97, 0x3B97, 0x3B97, 0x3B97, 0x3B97, 0x3B97, 0x3B97, 0x3B97, 0x3B97,
  0x3B97, 0x3B97, 0x3B97, 0x3B97, 0x3B97, 0x3B97, 0x3B97, 0x3B97, 0x3B97, 0x3B97, 0x3B97, 0x3B97,
  0x3B97, 0x3B97, 0x3B97, 0x3B97, 0x3B97, 0x3B97, 0x3B97, 0x3B97, 0x3B97, 0x3B97, 0x3B97, 0x3B97,
  0x3B97, 0x3B97, 0x3B97, 0x3B97, 0x3B97, 0x3B97, 0x3B97, 0x3B97, 0x3B97, 0x3B97, 0x3B97, 0x3B97,
  0x3B97, 0x3B97, 0x3B97, 0x3B97, 0x3B97, 0x3B97, 0x3B97, 0x3B97, 0x3B97, 0x3B97, 0x3B97, 0x3B97,
  0x3B97, 0x3B97, 0x3B97, 0x3B97, 0x3B97, 0x3B97, 0x3B97, 0x3B97, 0x3B97, 0x3B97, 0x3B97, 0x3B97,
  0x3B97, 0x3B97, 0x3B97, 0x3B97, 0x3B97, 0x3B97, 0x3B97, 0x3B97, 0x3B97, 0x3B97, 0x3B97, 0x3B97,
  0x3B97, 0x3B97, 0x3B97, 0x3B97, 0x3B97, 0x3B97, 0x3B97, 0x3B97, 0x3B97, 0x3B97, 0x3B97, 0x3B97,
  0x3B97, 0x3B97, 0x3B97, 0x3B97, 0x3B97, 0x3B97, 0x3B97, 0x3B97, 0x3B97, 0x3B97, 0x3B97, 0x3B97,
  0x3B97, 0x3B97, 0x3B97, 0x3B97, 0x3B97, 0x3B97, 0x3B97, 0x3B97, 0x3B97, 0x3B97, 0x3B97, 0x3B97,
  0x3B97, 0x3B97, 0x3B97, 0x3B97, 0x3B97, 0x3B97, 0x3B97, 0x3B97, 0x3B97, 0x3B97, 0x3B97, 0x3B97,
  0x3B97, 0x3B97, 0x3B97, 0x3B97, 0x3B97, 0x3B97, 0x3B97, 0x3B97, 0x3B97, 0x3B97, 0x3B97, 0x3B97,
  0x3B97, 0x3B97, 0x3B97, 0x3B97, 0x3B97, 0x3B97, 0x3B97, 0x3B97, 0x3B97, 0x3B97, 0x3B97, 0x3B97,
  0x3B97, 0x3B97, 0x3B97, 0x3B97, 0x3B97, 0x3B97, 0x3B97, 0x3B97, 0x3B97, 0x3B97, 0x3B97, 0x3B97,
  0x3B97, 0x3B97, 0x3B97, 0x3B97, 0x3B97, 0x3B97, 0x3B97, 0x3B97, 0x3B97, 0x3B97, 0x3B97, 0x3B97,
  0x3B97, 0x3B97, 0x3B97, 0x3B97, 0x3B97, 0x3B97, 0x3B97, 0x3B97, 0x3B97, 0x3B97, 0x3B97, 0x3B97,
  0x3B97, 0x3B97, 0x3B97, 0x3B97, 0x3B97, 0x3B97, 0x3B97, 0x3B97, 0x3B97, 0x3B97, 0x3B97, 0x3B97,
  0x3B97, 0x3B97, 0x3B97, 0x3B97, 0x3B97, 0x3B97, 0x3B97, 0x3B97, 0x3B97, 0x3B97, 0x3B97, 0x3B97,
  0x3B97, 0x3B97, 0x3B97, 0x3B97, 0x3B97, 0x3B97, 0x3B97, 0x3B97, 0x3B97, 0x3B97, 0x3B97, 0x3B97,
  0x3B97, 0x3B97, 0x3B97, 0x3B97, 0x3B97, 0x3B97, 0x3B97, 0x3B97, 0x3B97, 0x3B97, 0x3B97, 0x3B97,
  0x3B97, 0x3B97, 0x3B97, 0x3B97, 0x3B97, 0x3B97, 0x3B97, 0x3B97, 0x3B97, 0x3B97, 0x3B97, 0x3B97,
  0x3B97, 0x3B97, 0x3B97, 0x3B97, 0x3B97, 0x3B97, 0x3B97, 0x3B97, 0x3B97, 0x3B97, 0x3B97, 0x3B97,
  0x3B97, 0x3B97, 0x3B97, 0x3B97, 0x3B97, 0x3B97, 0x3B97, 0x3B97, 0x3B97, 0x3B97, 0x3B97, 0x3B97,
  0x3B97, 0x3B97, 0x3B97, 0x3B97, 0x4C1A, 0x4C1A, 0x4C1A, 0x4C1A, 0x4C1A, 0x4C1A, 0x4C1A, 0x4C1A,
  0x4C1A, 0x4C1A, 0x4C1A, 0x4C1A, 0x4C1A, 0x4C1A, 0x4C1A, 0x4C1A, 0x4C1A, 0x4C1A, 0x4C1A, 0x4C1A,
  0x4C1A, 0x4C1A, 0x4C1A, 0x4C1A, 0x4C1A, 0x4C1A, 0x4C1A, 0x4C1A, 0x4C1A, 0x4C1A, 0xF7BE, 0xF7BE,
  0xF7BE, 0xF7BE, 0xF7BE, 0xF7BE, 0xF7BE, 0xF7BE, 0xF7BE, 0xF7BE, 0xF7BE, 0xF7BE, 0xF7BE, 0xF7BE,
  0xF7BE, 0xF7BE, 0xF7BE, 0xF7BE, 0xF7BE, 0xF7BE, 0xF7BE, 0xF7BE, 0xF7BE, 0xF7BE, 0xF7BE, 0xF7BE,
  0xF7BE, 0xF7BE, 0xF7BE, 0xF7BE, 0xF7BE, 0xF7BE, 0xF7BE, 0xF7BE, 0xF7BE, 0xF7BE, 0xF7BE, 0xF7BE,
  0xF7BE, 0xF7BE, 0xF7BE, 0xF7BE, 0xF7BE, 0xF7BE, 0xF7BE, 0xF7BE, 0xF7BE, 0xF7BE, 0xF7BE, 0xF7BE,
  0xF7BE, 0xF7BE, 0xF7BE, 0xF7BE, 0xF7BE, 0xF7BE, 0xF7BE, 0xF7BE, 0xF7BE, 0xF7BE, 0xF7BE, 0xF7BE,
  0xF7BE, 0xF7BE, 0xF7BE, 0xF7BE, 0xF7BE, 0xF7BE, 0xF7BE, 0xF7BE, 0xF7BE, 0xF7BE, 0xF7BE, 0xF7BE,
  0xF7BE, 0xF7BE, 0xF7BE, 0xF7BE, 0xF7BE, 0xF7BE, 0xF7BE, 0xF7BE, 0xF7BE, 0xF7BE, 0xF7BE, 0xF7BE,
  0xF7BE, 0xF7BE, 0xF7BE, 0xF7BE, 0xF7BE, 0xF7BE, 0xF7BE, 0xF7BE, 0xF7BE, 0xF7BE, 0xF7BE, 0xF7BE,
  0xF7BE, 0xF7BE, 0xF7BE, 0xF7BE, 0xF7BE, 0xF7BE, 0xF7BE, 0xF7BE, 0xF7BE, 0xF7BE, 0xF7BE, 0xF7BE,
  0xF7BE, 0xF7BE, 0xF7BE, 0xF7BE, 0xF7BE, 0xF7BE, 0xF7BE, 0xF7BE, 0xF7BE, 0xF7BE, 0xF7BE, 0xF7BE,
  0xF7BE, 0xF7BE, 0xF7BE, 0xF7BE, 0xF7BE, 0xF7BE, 0xF7BE, 0xF7BE, 0xF7BE, 0xF7BE, 0xF7BE, 0xF7BE,
  0xF7BE, 0xF7BE, 0xF7BE, 0xF7BE, 0xF7BE, 0xF7BE, 0xF7BE, 0xF7BE, 0xF7BE, 0xF7BE, 0xF7BE, 0xF7BE,
  0xF7BE, 0xF7BE, 0xF7BE, 0xF7BE, 0xF7BE, 0xF7BE, 0xF7BE, 0xF7BE, 0xF7BE, 0xF7BE, 0xF7BE, 0xF7BE,
  0xF7BE, 0xF7BE, 0xF7BE, 0xF7BE, 0xF7BE, 0xF7BE, 0xF7BE, 0xF7BE, 0xF7BE, 0xF7BE, 0xF7BE, 0xF7BE,
  0xF7BE, 0xF7BE, 0xF7BE, 0xF7BE, 0xF7BE, 0xF7BE, 0xF7BE, 0xF7BE, 0xF7BE, 0xF7BE, 0xF7BE, 0xF7BE,
  0xF7BE, 0xF7BE, 0xF7BE, 0xF7BE, 0xF7BE, 0xF7BE, 0xF7BE, 0xF7BE, 0xF7BE, 0xF7BE, 0xF7BE, 0xF7BE,
  0xF7BE, 0xF7BE, 0xF7BE, 0xF7BE, 0xF7BE, 0xF7BE, 0xF7BE, 0xF7BE, 0xF7BE, 0xF7BE, 0xF7BE, 0xF7BE,
  0xF7BE, 0xF7BE, 0xF7BE, 0xF7BE, 0xF7BE, 0xF7BE, 0xF7BE, 0xF7BE, 0xF7BE, 0xF7BE, 0xF7BE, 0xF7BE,
  0xF7BE, 0xF7BE, 0xF7BE, 0xF7BE, 0xF7BE, 0xF7BE, 0xF7BE, 0xF7BE, 0xF7BE, 0xF7BE, 0xF7BE, 0xF7BE,
  0xF7BE, 0xF7BE, 0xF7BE, 0xF7BE, 0xF7BE, 0xF7BE, 0xF7BE, 0xF7BE, 0xF7BE, 0xF7BE, 0xF7BE, 0xF7BE,
  0xF7BE, 0xF7BE, 0xF7BE, 0xF7BE, 0xF7BE, 0xF7BE, 0xF7BE, 0xF7BE, 0xF7BE, 0xF7BE, 0xF7BE, 0xF7BE,
  0xF7BE, 0xF7BE, 0xF7BE, 0xF7BE, 0xF7BE, 0xF7BE, 0xF7BE, 0x4C1A, 0x4C1A, 0x4C1A, 0x4C1A, 0x4C1A,
  0x4C1A, 0x4C1A, 0x4C1A, 0x4C1A, 0x4C1A, 0x4C1A, 0x4C1A, 0x4C1A, 0x4C1A, 0x4C1A, 0x4C1A, 0x4C1A,
  0x4C1A, 0x4C1A, 0x4C1A, 0x4C1A, 0x4C1A, 0x4C1A, 0x4C1A, 0x4C1A, 0x4C1A, 0x4C1A, 0x4C1A, 0x4C1A,
  0x3B97, 0x3B97, 0x3B97, 0x3B97, 0x3B97, 0x3B97, 0x3B97, 0x3B97, 0x3B97, 0x3B97, 0x3B97, 0x3B97,
  0x3B97, 0x3B97, 0x3B97, 0x3B97, 0x3B97, 0x3B97, 0x3B97, 0x3B97, 0x3B97, 0x3B97, 0x3B97, 0x3B97,
  0x3B97, 0x3B97, 0x3B97, 0x3B97, 0x3B97, 0x3B97, 0x3B97, 0x3B97, 0x3B97, 0x3B97, 0x3B97, 0x3B97,
  0x3B97, 0x3B97, 0x3B97, 0x3B97, 0x3B97, 0x3B97, 0x3B97, 0x3B97, 0x3B97, 0x3B97, 0x3B97, 0x3B97,
  0x3B97, 0x3B97, 0x3B97, 0x3B97, 0x3B97, 0x3B97, 0x3B97, 0x3B97, 0x3B97, 0x3B97, 0x3B97, 0x3B97,
  0x3B97, 0x3B97, 0x3B97, 0x3B97, 0x3B97, 0x3B97, 0x3B97, 0x3B97, 0x3B97, 0x3B97, 0x3B97, 0x3B97,
  0x3B97, 0x3B97, 0x3B97, 0x3B97, 0x3B97, 0x3B97, 0x3B97, 0x3B97, 0x3B97, 0x3B97, 0x3B97, 0x3B97,
  0x3B97, 0x3B97, 0x3B97, 0x3B97, 0x3B97, 0x3B97, 0x3B97, 0x3B97, 0x3B97, 0x3B97, 0x3B97, 0x3B97,
  0x3B97, 0x3B97, 0x3B97, 0x3B97, 0x3B97, 0x3B97, 0x3B97, 0x3B97, 0x3B97, 0x3B97, 0x3B97, 0x3B97,
  0x3B97, 0x3B97, 0x3B97, 0x3B97, 0x3B97, 0x3B97, 0x3B97, 0x3B97, 0x3B97, 0x3B97, 0x3B97, 0x3B97,
  0x3B97, 0x3B97, 0x3B97, 0x3B97, 0x3B97, 0x3B97, 0x3B97, 0x3B97, 0x3B97, 0x3B97, 0x3B97, 0x3B97,
  0x3B97, 0x3B97, 0x3B97, 0x3B97, 0x3B97, 0x3B97, 0x3B97, 0x3B97, 0x3B97, 0x3B97, 0x3B97, 0x3B97,
  0x3B97, 0x3B97, 0x3B97, 0x3B97, 0x3B97, 0x3B97, 0x3B97, 0x3B97, 0x3B97, 0x3B97, 0x3B97, 0x3B97,
  0x3B97, 0x3B97, 0x3B97, 0x3B97, 0x3B97, 0x3B97, 0x3B97, 0x3B97, 0x3B97, 0x3B97, 0x3B97, 0x3B97,
  0x3B97, 0x3B97, 0x3B97, 0x3B97, 0x3B97, 0x3B97, 0x3B97, 0x3B97, 0x3B97, 0x3B97, 0x3B97, 0x3B97,
  0x3B97, 0x3B97, 0x3B97, 0x3B97, 0x3B97, 0x3B97, 0x3B97, 0x3B97, 0x3B97, 0x3B97, 0x3B97, 0x3B97,
  0x3B97, 0x3B97, 0x3B97, 0x3B97, 0x3B97, 0x3B97, 0x3B97, 0x3B97, 0x3B97, 0x3B97, 0x3B97, 0x3B97,
  0x3B97, 0x3B97, 0x3B97, 0x3B97, 0x3B97, 0x3B97, 0x3B97, 0x3B97, 0x3B97, 0x3B97, 0x3B97, 0x3B97,
  0x3B97, 0x3B97, 0x3B97, 0x3B97, 0x3B97, 0x3B97, 0x3B97, 0x3B97, 0x3B97, 0x3B97, 0x3B97, 0x3B97,
  0x3B97, 0x3B97, 0x3B97, 0x3B97, 0x3B97, 0x3B97, 0x3B97, 0x3B97, 0x3B97, 0x3B97, 0x3B97, 0x3B97,
  0x3B97, 0x3B97, 0x3B97, 0x3B97, 0x3B97, 0x3B97, 0x3B97, 0x3B97, 0x3B97, 0x3B97, 0x3B97, 0x3B97,
  0x3B97, 0x3B97, 0x3B97, 0x3B97, 0x3B97, 0x3B97, 0x3B97, 0x3B97, 0x3B97, 0x3B97, 0x3B97, 0x3B97,
  0x3B97, 0x3B97, 0x3B97, 0x3B97, 0x3B97, 0x3B97, 0x3B97, 0x3B97, 0x3B97, 0x3B97, 0x3B97, 0x3B97,
  0x3B97, 0x3B97, 0x3B97, 0x3B97, 0x3B97, 0x3B97, 0x3B97, 0x3B97, 0x3B97, 0x3B97, 0x3B97, 0x3B97,
  0x3B97, 0x3B97, 0x3B97, 0x3B97, 0x3B97, 0x3B97, 0x3B97, 0x3B97, 0x3B97, 0x3B97, 0x3B97, 0x3B97,
  0x3B97, 0x3B97, 0x3B97, 0x3B97, 0x3B97, 0x3B97, 0x3B97, 0x3B97, 0x3B97, 0x3B97, 0x3B97, 0x3B97,
  0x3B97, 0x3B97, 0x3B97, 0x3B97, 0x3B97, 0x3B97, 0x3B97, 0x3B97, 0x4C1A, 0x4C1A, 0x4C1A, 0x4C1A,
  0x4C1A, 0x4C1A, 0x4C1A, 0x4C1A, 0x4C1A, 0x4C1A, 0x4C1A, 0x4C1A, 0x4C1A, 0x4C1A, 0x4C1A, 0x4C1A,
  0x4C1A, 0x4C1A, 0x4C1A, 0x4C1A, 0x4C1A, 0x4C1A, 0x4C1A, 0x4C1A, 0x4C1A, 0x4C1A, 0x4C1A, 0x4C1A,
  0x4C1A, 0x4C1A, 0x347F, 0x347F, 0x347F, 0x347F, 0x347F, 0x347F, 0x347F, 0x347F, 0x347F, 0x347F,
  0x347F, 0x347F, 0x347F, 0x347F, 0x347F, 0x347F, 0x347F, 0x347F, 0x347F, 0x347F, 0x347F, 0x347F,
  0x347F, 0x347F, 0x347F, 0x347F, 0x347F, 0x347F, 0x347F, 0x347F, 0x347F, 0x347F, 0x347F, 0x347F,
  0x347F, 0x347F, 0x347F, 0x347F, 0x347F, 0x347F, 0x347F, 0x347F, 0x347F, 0x347F, 0x347F, 0x347F,
  0x347F, 0x347F, 0x347F, 0x347F, 0x347F, 0x347F, 0x347F, 0x347F, 0x347F, 0x347F, 0x347F, 0x347F,
  0x347F, 0x347F, 0x347F, 0x347F, 0x347F, 0x347F, 0x347F, 0x347F, 0x347F, 0x347F, 0x347F, 0x347F,
  0x347F, 0x347F, 0x347F, 0x347F, 0x347F, 0x347F, 0x347F, 0x347F, 0x347F, 0x347F, 0x347F, 0x347F,
  0x347F, 0x347F, 0x347F, 0x347F, 0x347F, 0x347F, 0x347F, 0x347F, 0x347F, 0x347F, 0x347F, 0x347F,
  0x347F, 0x347F, 0x347F, 0x347F, 0x347F, 0x347F, 0x347F, 0x347F, 0x347F, 0x347F, 0x347F, 0x347F,
  0x347F, 0x347F, 0x347F, 0x347F, 0x347F, 0x347F, 0x347F, 0x347F, 0x347F, 0x347F, 0x347F, 0x347F,
  0x347F, 0x347F, 0x347F, 0x347F, 0x347F, 0x347F, 0x347F, 0x347F, 0x347F, 0x347F, 0x347F, 0x347F,
  0x347F, 0x347F, 0x347F, 0x347F, 0x347F, 0x347F, 0x347F, 0x347F, 0x347F, 0x347F, 0x347F, 0x347F,
  0x347F, 0x347F, 0x347F, 0x347F, 0x347F, 0x347F, 0x347F, 0x347F, 0x347F, 0x347F, 0x347F, 0x347F,
  0x347F, 0x347F, 0x347F, 0x347F, 0x347F, 0x347F, 0x347F, 0x347F, 0x347F, 0x347F, 0x347F, 0x347F,
  0x347F, 0x347F, 0x347F, 0x347F, 0x347F, 0x347F, 0x347F, 0x347F, 0x347F, 0x347F, 0x347F, 0x347F,
  0x347F, 0x347F, 0x347F, 0x347F, 0x347F, 0x347F, 0x347F, 0x347F, 0x347F, 0x347F, 0x347F, 0x347F,
  0x347F, 0x347F, 0x347F, 0x347F, 0x347F, 0x347F, 0x347F, 0x347F, 0x347F, 0x347F, 0x347F, 0x347F,
  0x347F, 0x347F, 0x347F, 0x347F, 0x347F, 0x347F, 0x347F, 0x347F, 0x347F, 0x347F, 0x347F, 0x347F,
  0x347F, 0x347F, 0x347F, 0x347F, 0x347F, 0x347F, 0x347F, 0x347F, 0x347F, 0x347F, 0x347F, 0x347F,
  0x347F, 0x347F, 0x347F, 0x347F, 0x347F, 0x347F, 0x347F, 0x347F, 0x347F, 0x347F, 0x347F, 0x347F,
  0x347F, 0x347F, 0x347F, 0x347F, 0x347F, 0x347F, 0x347F, 0x347F, 0x347F, 0x347F, 0x347F, 0x347F,
  0x347F, 0x347F, 0x347F, 0x347F, 0x347F, 0x347F, 0x347F, 0x347F, 0x347F, 0x347F, 0x347F, 0x4C1A,
  0x4C1A, 0x4C1A, 0x4C1A, 0x4C1A, 0x4C1A, 0x4C1A, 0x4C1A, 0x4C1A, 0x4C1A, 0x4C1A, 0x4C1A, 0x4C1A,
  0x4C1A, 0x4C1A, 0x4C1A, 0x4C1A, 0x4C1A, 0x4C1A, 0x4C1A, 0x4C1A, 0x4C1A, 0x4C1A, 0x4C1A, 0x4C1A,
  0x4C1A, 0x4C1A, 0x4C1A, 0x4C1A, 0x3B97, 0x3B97, 0x3B97, 0x3B97, 0x3B97, 0x3B97, 0x3B97, 0x3B97,
  0x3B97, 0x3B97, 0x3B97, 0x3B97, 0x3B97, 0x3B97, 0x3B97, 0x3B97, 0x3B97, 0x3B97, 0x3B97, 0x3B97,
  0x3B97, 0x3B97, 0x3B97, 0x3B97, 0x3B97, 0x3B97, 0x3B97, 0x3B97, 0x3B97, 0x3B97, 0x2BDB, 0x2BDB,
  0x2BDB, 0x2BDB, 0x2BDB, 0x2BDB, 0x2BDB, 0x2BDB, 0x2BDB, 0x2BDB, 0x2BDB, 0x2BDB, 0x2BDB, 0x2BDB,
  0x2BDB, 0x2BDB, 0x2BDB, 0x2BDB, 0x2BDB, 0x2BDB, 0x2BDB, 0x2BDB, 0x2BDB, 0x2BDB, 0x2BDB, 0x2BDB,
  0x2BDB, 0x2BDB, 0x2BDB, 0x2BDB, 0x2BDB, 0x2BDB, 0x2BDB, 0x2BDB, 0x2BDB, 0x2BDB, 0x2BDB, 0x2BDB,
  0x2BDB, 0x2BDB, 0x2BDB, 0x2BDB, 0x2BDB, 0x2BDB, 0x2BDB, 0x2BDB, 0x2BDB, 0x2BDB, 0x2BDB, 0x2BDB,
  0x2BDB, 0x2BDB, 0x2BDB, 0x2BDB, 0x2BDB, 0x2BDB, 0x2BDB, 0x2BDB, 0x2BDB, 0x2BDB, 0x2BDB, 0x2BDB,
  0x2BDB, 0x2BDB, 0x2BDB, 0x2BDB, 0x2BDB, 0x2BDB, 0x2BDB, 0x2BDB, 0x2BDB, 0x2BDB, 0x2BDB, 0x2BDB,
  0x2BDB, 0x2BDB, 0x2BDB, 0x2BDB, 0x2BDB, 0x2BDB, 0x2BDB, 0x2BDB, 0x2BDB, 0x2BDB, 0x2BDB, 0x2BDB,
  0x2BDB, 0x2BDB, 0x2BDB, 0x2BDB, 0x2BDB, 0x2BDB, 0x2BDB, 0x2BDB, 0x2BDB, 0x2BDB, 0x2BDB, 0x2BDB,
  0x2BDB, 0x2BDB, 0x2BDB, 0x2BDB, 0x2BDB, 0x2BDB, 0x2BDB, 0x2BDB, 0x2BDB, 0x2BDB, 0x2BDB, 0x2BDB,
  0x2BDB, 0x2BDB, 0x2BDB, 0x2BDB, 0x2BDB, 0x2BDB, 0x2BDB, 0x2BDB, 0x2BDB, 0x2BDB, 0x2BDB, 0x2BDB,
  0x2BDB, 0x2BDB, 0x2BDB, 0x2BDB, 0x2BDB, 0x2BDB, 0x2BDB, 0x2BDB, 0x2BDB, 0x2BDB, 0x2BDB, 0x2BDB,
  0x2BDB, 0x2BDB, 0x2BDB, 0x2BDB, 0x2BDB, 0x2BDB, 0x2BDB, 0x2BDB, 0x2BDB, 0x2BDB, 0x2BDB, 0x2BDB,
  0x2BDB, 0x2BDB, 0x2BDB, 0x2BDB, 0x2BDB, 0x2BDB, 0x2BDB, 0x2BDB, 0x2BDB, 0x2BDB, 0x2BDB, 0x2BDB,
  0x2BDB, 0x2BDB, 0x2BDB, 0x2BDB, 0x2BDB, 0x2BDB, 0x2BDB, 0x2BDB, 0x2BDB, 0x2BDB, 0x2BDB, 0x2BDB,
  0x2BDB, 0x2BDB, 0x2BDB, 0x2BDB, 0x2BDB, 0x2BDB, 0x2BDB, 0x2BDB, 0x2BDB, 0x2BDB, 0x2BDB, 0x2BDB,
  0x2BDB, 0x2BDB, 0x2BDB, 0x2BDB, 0x2BDB, 0x2BDB, 0x2BDB, 0x2BDB, 0x2BDB, 0x2BDB, 0x2BDB, 0x2BDB,
  0x2BDB, 0x2BDB, 0x2BDB, 0x2BDB, 0x2BDB, 0x2BDB, 0x2BDB, 0x2BDB, 0x2BDB, 0x2BDB, 0x2BDB, 0x2BDB,
  0x2BDB, 0x2BDB, 0x2BDB, 0x2BDB, 0x2BDB, 0x2BDB, 0x2BDB, 0x2BDB, 0x2BDB, 0x2BDB, 0x2BDB, 0x2BDB,
  0x2BDB, 0x2BDB, 0x2BDB, 0x2BDB, 0x2BDB, 0x2BDB, 0x2BDB, 0x2BDB, 0x2BDB, 0x2BDB, 0x2BDB, 0x2BDB,
  0x2BDB, 0x2BDB, 0x2BDB, 0x2BDB, 0x2BDB, 0x2BDB, 0x2BDB, 0x2BDB, 0x2BDB, 0x2BDB, 0x2BDB, 0x2BDB,
  0x2BDB, 0x2BDB, 0x2BDB, 0x2BDB, 0x2BDB, 0x2BDB, 0x2BDB, 0x2BDB, 0x2BDB, 0x2BDB, 0x2BDB, 0x2BDB,
  0x2BDB, 0x2BDB, 0x2BDB, 0x2BDB, 0x2BDB, 0x2BDB, 0x2BDB, 0x3B97, 0x3B97, 0x3B97, 0x3B97, 0x3B97,
  0x3B97, 0x3B97, 0x3B97, 0x3B97, 0x3B97, 0x3B97, 0x3B97, 0x3B97, 0x3B97, 0x3B97, 0x3B97, 0x3B97,
  0x3B97, 0x3B97, 0x3B97, 0x3B97, 0x3B97, 0x3B97, 0x3B97, 0x3B97, 0x3B97, 0x3B97, 0x3B97, 0x3B97,
  0x4C1A, 0x4C1A, 0x4C1A, 0x4C1A, 0x4C1A, 0x4C1A, 0x4C1A, 0x4C1A, 0x4C1A, 0x4C1A, 0x4C1A, 0x4C1A,
  0x4C1A, 0x4C1A, 0x4C1A, 0x4C1A, 0x4C1A, 0x4C1A, 0x4C1A, 0x4C1A, 0x4C1A, 0x4C1A, 0x4C1A, 0x4C1A,
  0x4C1A, 0x4C1A, 0x4C1A, 0x4C1A, 0x4C1A, 0x4C1A, 0x4C1A, 0x4C1A, 0x4C1A, 0x4C1A, 0x4C1A, 0x4C1A,
  0x4C1A, 0x4C1A, 0x4C1A, 0x4C1A, 0x4C1A, 0x4C1A, 0x4C1A, 0x4C1A, 0x4C1A, 0x4C1A, 0x4C1A, 0x4C1A,
  0x4C1A, 0x4C1A, 0x4C1A, 0x4C1A, 0x4C1A, 0x4C1A, 0x4C1A, 0x4C1A, 0x4C1A, 0x4C1A, 0x4C1A, 0x4C1A,
  0x4C1A, 0x4C1A, 0x4C1A, 0x4C1A, 0x4C1A, 0x4C1A, 0x4C1A, 0x4C1A, 0x4C1A, 0x4C1A, 0x4C1A, 0x4C1A,
  0x4C1A, 0x4C1A, 0x4C1A, 0x4C1A, 0x4C1A, 0x4C1A, 0x4C1A, 0x4C1A, 0x4C1A, 0x4C1A, 0x4C1A, 0x4C1A,
  0x4C1A, 0x4C1A, 0x4C1A, 0x4C1A, 0x4C1A, 0x4C1A, 0x4C1A, 0x4C1A, 0x4C1A, 0x4C1A, 0x4C1A, 0x4C1A,
  0x4C1A, 0x4C1A, 0x4C1A, 0x4C1A, 0x4C1A, 0x4C1A, 0x4C1A, 0x4C1A, 0x4C1A, 0x4C1A, 0x4C1A, 0x4C1A,
  0x4C1A, 0x4C1A, 0x4C1A, 0x4C1A, 0x4C1A, 0x4C1A, 0x4C1A, 0x4C1A, 0x4C1A, 0x4C1A, 0x4C1A, 0x4C1A,
  0x4C1A, 0x4C1A, 0x4C1A, 0x4C1A, 0x4C1A, 0x4C1A, 0x4C1A, 0x4C1A, 0x4C1A, 0x4C1A, 0x4C1A, 0x4C1A,
  0x4C1A, 0x4C1A, 0x4C1A, 0x4C1A, 0x4C1A, 0x4C1A, 0x4C1A, 0x4C1A, 0x4C1A, 0x4C1A, 0x4C1A, 0x4C1A,
  0x4C1A, 0x4C1A, 0x4C1A, 0x4C1A, 0x4C1A, 0x4C1A, 0x4C1A, 0x4C1A, 0x4C1A, 0x4C1A, 0x4C1A, 0x4C1A,
  0x4C1A, 0x4C1A, 0x4C1A, 0x4C1A, 0x4C1A, 0x4C1A, 0x4C1A, 0x4C1A, 0x4C1A, 0x4C1A, 0x4C1A, 0x4C1A,
  0x4C1A, 0x4C1A, 0x4C1A, 0x4C1A, 0x4C1A, 0x4C1A, 0x4C1A, 0x4C1A, 0x4C1A, 0x4C1A, 0x4C1A, 0x4C1A,
  0x4C1A, 0x4C1A, 0x4C1A, 0x4C1A, 0x4C1A, 0x4C1A, 0x4C1A, 0x4C1A, 0x4C1A, 0x4C1A, 0x4C1A, 0x4C1A,
  0x4C1A, 0x4C1A, 0x4C1A, 0x4C1A, 0x4C1A, 0x4C1A, 0x4C1A, 0x4C1A, 0x4C1A, 0x4C1A, 0x4C1A, 0x4C1A,
  0x4C1A, 0x4C1A, 0x4C1A, 0x4C1A, 0x4C1A, 0x4C1A, 0x4C1A, 0x4C1A, 0x4C1A, 0x4C1A, 0x4C1A, 0x4C1A,
  0x4C1A, 0x4C1A, 0x4C1A, 0x4C1A, 0x4C1A, 0x4C1A, 0x4C1A, 0x4C1A, 0x4C1A, 0x4C1A, 0x4C1A, 0x4C1A,
  0x4C1A, 0x4C1A, 0x4C1A, 0x4C1A, 0x4C1A, 0x4C1A, 0x4C1A, 0x4C1A, 0x4C1A, 0x4C1A, 0x4C1A, 0x4C1A,
  0x4C1A, 0x4C1A, 0x4C1A, 0x4C1A, 0x4C1A, 0x4C1A, 0x4C1A, 0x4C1A, 0x4C1A, 0x4C1A, 0x4C1A, 0x4C1A,
  0x4C1A, 0x4C1A, 0x4C1A, 0x4C1A, 0x4C1A, 0x4C1A, 0x4C1A, 0x4C1A, 0x4C1A, 0x4C1A, 0x4C1A, 0x4C1A,
  0x4C1A, 0x4C1A, 0x4C1A, 0x4C1A, 0x4C1A, 0x4C1A, 0x4C1A, 0x4C1A, 0x4C1A, 0x4C1A, 0x4C1A, 0x4C1A,
  0x4C1A, 0x4C1A, 0x4C1A, 0x4C1A, 0x4C1A, 0x4C1A, 0x4C1A, 0x4C1A, 0x4C1A, 0x4C1A, 0x4C1A, 0x4C1A,
  0x4C1A, 0x4C1A, 0x4C1A, 0x4C1A, 0x4C1A, 0x4C1A, 0x4C1A, 0x4C1A, 0x4C1A, 0x4C1A, 0x4C1A, 0x4C1A,
  0x4C1A, 0x4C1A, 0x4C1A, 0x4C1A, 0x4C1A, 0x4C1A, 0x4C1A, 0x4C1A, 0x4C1A, 0x4C1A, 0x4C1A, 0x4C1A,
  0x4C1A, 0x4C1A, 0x4C1A, 0x4C1A, 0x4C1A, 0xEF5D, 0xEF5D, 0xEF5D, 0x4BF7, 0x4BF7, 0x4BF7, 0x4BF7,
  0x4BF7, 0x4BF7, 0x4BF7, 0x4BF7, 0x4BF7, 0x4BF7, 0x4BF7, 0x4BF7, 0x4BF7, 0x4BF7, 0x4BF7, 0x4BF7,
  0x4BF7, 0x4BF7, 0x4BF7, 0x4BF7, 0x4BF7, 0x4BF7, 0x4BF7, 0x4BF7, 0x4BF7, 0x4BF7, 0x4BF7, 0x4BF7,
  0x4BF7, 0x4BF7, 0x4BF7, 0x4BF7, 0x4BF7, 0x4BF7, 0x4BF7, 0x4BF7, 0x4BF7, 0x4BF7, 0x4BF7, 0x4BF7,
  0x4BF7, 0x4BF7, 0x4BF7, 0x4BF7, 0x4BF7, 0x4BF7, 0x4BF7, 0x4BF7, 0x4BF7, 0x4BF7, 0x4BF7, 0x4BF7,
  0x4BF7, 0x4BF7, 0x4BF7, 0x4BF7, 0x4BF7, 0x4BF7, 0x4BF7, 0x4BF7, 0x4BF7, 0x4BF7, 0x4BF7, 0x4BF7,
  0x4BF7, 0x4BF7, 0x4BF7, 0x4BF7, 0x4BF7, 0x4BF7, 0x4BF7, 0x4BF7, 0x4BF7, 0x4BF7, 0x4BF7, 0x4BF7,
  0x4BF7, 0x4BF7, 0x4BF7, 0x4BF7, 0x4BF7, 0x4BF7, 0x4BF7, 0x4BF7, 0x4BF7, 0x4BF7, 0x4BF7, 0x4BF7,
  0x4BF7, 0x4BF7, 0x4BF7, 0x4BF7, 0x4BF7, 0x4BF7, 0x4BF7, 0x4BF7, 0x4BF7, 0x4BF7, 0x4BF7, 0x4BF7,
  0x4BF7, 0x4BF7, 0x4BF7, 0x4BF7, 0x4BF7, 0x4BF7, 0x4BF7, 0x4BF7, 0x4BF7, 0x4BF7, 0x4BF7, 0x4BF7,
  0x4BF7, 0x4BF7, 0x4BF7, 0x4BF7, 0x4BF7, 0x4BF7, 0x4BF7, 0x4BF7, 0x4BF7, 0x4BF7, 0x4BF7, 0x4BF7,
  0x4BF7, 0x4BF7, 0x4BF7, 0x4BF7, 0x4BF7, 0x4BF7, 0x4BF7, 0x4BF7, 0x4BF7, 0x4BF7, 0x4BF7, 0x4BF7,
  0x4BF7, 0x4BF7, 0x4BF7, 0x4BF7, 0x4BF7, 0x4BF7, 0x4BF7, 0x4BF7, 0x4BF7, 0x4BF7, 0x4BF7, 0x4BF7,
  0x4BF7, 0x4BF7, 0x4BF7, 0x4BF7, 0x4BF7, 0x4BF7, 0x4BF7, 0x4BF7, 0x4BF7, 0x4BF7, 0x4BF7, 0x4BF7,
  0x4BF7, 0x4BF7, 0x4BF7, 0x4BF7, 0x4BF7, 0x4BF7, 0x4BF7, 0x4BF7, 0x4BF7, 0x4BF7, 0x4BF7, 0x4BF7,
  0x4BF7, 0x4BF7, 0x4BF7, 0x4BF7, 0x4BF7, 0x4BF7, 0x4BF7, 0x4BF7, 0x4BF7, 0x4BF7, 0x4BF7, 0x4BF7,
  0x4BF7, 0x4BF7, 0x4BF7, 0x4BF7, 0x4BF7, 0x4BF7, 0x4BF7, 0x4BF7, 0x4BF7, 0x4BF7, 0x4BF7, 0x4BF7,
  0x4BF7, 0x4BF7, 0x4BF7, 0x4BF7, 0x4BF7, 0x4BF7, 0x4BF7, 0x4BF7, 0x4BF7, 0x4BF7, 0x4BF7, 0x4BF7,
  0x4BF7, 0x4BF7, 0x4BF7, 0x4BF7, 0x4BF7, 0x4BF7, 0x4BF7, 0x4BF7, 0x4BF7, 0x4BF7, 0x4BF7, 0x4BF7,
  0x4BF7, 0x4BF7, 0x4BF7, 0x4BF7, 0x4BF7, 0x4BF7, 0x4BF7, 0x4BF7, 0x4BF7, 0x4BF7, 0x4BF7, 0x4BF7,
  0x4BF7, 0x4BF7, 0x4BF7, 0x4BF7, 0x4BF7, 0x4BF7, 0x4BF7, 0x4BF7, 0x4BF7, 0x4BF7, 0x4BF7, 0x4BF7,
  0x4BF7, 0x4BF7, 0x4BF7, 0x4BF7, 0x4BF7, 0x4BF7, 0x4BF7, 0x4BF7, 0x4BF7, 0x4BF7, 0x4BF7, 0x4BF7,
  0x4BF7, 0x4BF7, 0x4BF7, 0x4BF7, 0x4BF7, 0x4BF7, 0x4BF7, 0x4BF7, 0x4BF7, 0x4BF7, 0x4BF7, 0x4BF7,
  0x4BF7, 0x4BF7, 0x4BF7, 0x4BF7, 0x4BF7, 0x4BF7, 0x4BF7, 0x4BF7, 0x4BF7, 0x4BF7, 0x4BF7, 0x4BF7,
  0x4BF7, 0x4BF7, 0x4BF7, 0x4BF7, 0x4BF7, 0x4BF7, 0x4BF7, 0x4BF7, 0x4BF7, 0x4BF7, 0x4BF7, 0x4BF7,
  0x4BF7, 0x4BF7, 0x4BF7, 0x4BF7, 0x4BF7, 0x4BF7, 0x4BF7, 0x4BF7, 0x4BF7, 0x4BF7, 0x4BF7, 0x4BF7,
  0x4BF7, 0x4BF7, 0x4BF7, 0x4BF7, 0x4BF7, 0x4BF7, 0x4BF7, 0x4BF7, 0x4BF7, 0x4BF7, 0xCE59, 0xCE59,
  0xCE59, 0xCE59, 0xCE59, 0xCE59, 0x5C9B, 0x5C9B, 0x5C9B, 0x5C9B, 0x5C9B, 0x5C9B, 0x5C9B, 0x5C9B,
  0x5C9B, 0x5C9B, 0x5C9B, 0x5C9B, 0x5C9B, 0x5C9B, 0x5C9B, 0x5C9B, 0x5C9B, 0x5C9B, 0x5C9B, 0x5C9B,
  0x5C9B, 0x5C9B, 0x5C9B, 0x5C9B, 0x5C9B, 0x5C9B, 0x5C9B, 0x5C9B, 0x5C9B, 0x5C9B, 0x5C9B, 0x5C9B,
  0x5C9B, 0x5C9B, 0x5C9B, 0x5C9B, 0x5C9B, 0x5C9B, 0x5C9B, 0x5C9B, 0x5C9B, 0x5C9B, 0x5C9B, 0x5C9B,
  0x5C9B, 0x5C9B, 0x5C9B, 0x5C9B, 0x5C9B, 0x5C9B, 0x5C9B, 0x5C9B, 0x5C9B, 0x5C9B, 0x5C9B, 0x5C9B,
  0x5C9B, 0x5C9B, 0x5C9B, 0x5C9B, 0x5C9B, 0x5C9B, 0x5C9B, 0x5C9B, 0x5C9B, 0x5C9B, 0x5C9B, 0x5C9B,
  0x5C9B, 0x5C9B, 0x5C9B, 0x5C9B, 0x5C9B, 0x5C9B, 0x5C9B, 0x5C9B, 0x5C9B, 0x5C9B, 0x5C9B, 0x5C9B,
  0x5C9B, 0x5C9B, 0x5C9B, 0x5C9B, 0x5C9B, 0x5C9B, 0x5C9B, 0x5C9B, 0x5C9B, 0x5C9B, 0x5C9B, 0x5C9B,
  0x5C9B, 0x5C9B, 0x5C9B, 0x5C9B, 0x5C9B, 0x5C9B, 0x5C9B, 0x5C9B, 0x5C9B, 0x5C9B, 0x5C9B, 0x5C9B,
  0x5C9B, 0x5C9B, 0x5C9B, 0x5C9B, 0x5C9B, 0x5C9B, 0x5C9B, 0x5C9B, 0x5C9B, 0x5C9B, 0x5C9B, 0x5C9B,
  0x5C9B, 0x5C9B, 0x5C9B, 0x5C9B, 0x5C9B, 0x5C9B, 0x5C9B, 0x5C9B, 0x5C9B, 0x5C9B, 0x5C9B, 0x5C9B,
  0x5C9B, 0x5C9B, 0x5C9B, 0x5C9B, 0x5C9B, 0x5C9B, 0x5C9B, 0x5C9B, 0x5C9B, 0x5C9B, 0x5C9B, 0x5C9B,
  0x5C9B, 0x5C9B, 0x5C9B, 0x5C9B, 0x5C9B, 0x5C9B, 0x5C9B, 0x5C9B, 0x5C9B, 0x5C9B, 0x5C9B, 0x5C9B,
  0x5C9B, 0x5C9B, 0x5C9B, 0x5C9B, 0x5C9B, 0x5C9B, 0x5C9B, 0x5C9B, 0x5C9B, 0x5C9B, 0x5C9B, 0x5C9B,
  0x5C9B, 0x5C9B, 0x5C9B, 0x5C9B, 0x5C9B, 0x5C9B, 0x5C9B, 0x5C9B, 0x5C9B, 0x5C9B, 0x5C9B, 0x5C9B,
  0x5C9B, 0x5C9B, 0x5C9B, 0x5C9B, 0x5C9B, 0x5C9B, 0x5C9B, 0x5C9B, 0x5C9B, 0x5C9B, 0x5C9B, 0x5C9B,
  0x5C9B, 0x5C9B, 0x5C9B, 0x5C9B, 0x5C9B, 0x5C9B, 0x5C9B, 0x5C9B, 0x5C9B, 0x5C9B, 0x5C9B, 0x5C9B,
  0x5C9B, 0x5C9B, 0x5C9B, 0x5C9B, 0x5C9B, 0x5C9B, 0x5C9B, 0x5C9B, 0x5C9B, 0x5C9B, 0x5C9B, 0x5C9B,
  0x5C9B, 0x5C9B, 0x5C9B, 0x5C9B, 0x5C9B, 0x5C9B, 0x5C9B, 0x5C9B, 0x5C9B, 0x5C9B, 0x5C9B, 0x5C9B,
  0x5C9B, 0x5C9B, 0x5C9B, 0x5C9B, 0x5C9B, 0x5C9B, 0x5C9B, 0x5C9B, 0x5C9B, 0x5C9B, 0x5C9B, 0x5C9B,
  0x5C9B, 0x5C9B, 0x5C9B, 0x5C9B, 0x5C9B, 0x5C9B, 0x5C9B, 0x5C9B, 0x5C9B, 0x5C9B, 0x5C9B, 0x5C9B,
  0x5C9B, 0x5C9B, 0x5C9B, 0x5C9B, 0x5C9B, 0x5C9B, 0x5C9B, 0x5C9B, 0x5C9B, 0x5C9B, 0x5C9B, 0x5C9B,
  0x5C9B, 0x5C9B, 0x5C9B, 0x5C9B, 0x5C9B, 0x5C9B, 0x5C9B, 0x5C9B, 0x5C9B, 0x5C9B, 0x5C9B, 0x5C9B,
  0x5C9B, 0x5C9B, 0x5C9B, 0x5C9B, 0x5C9B, 0x5C9B, 0x5C9B, 0x5C9B, 0x5C9B, 0x5C9B, 0x5C9B, 0x5C9B,
  0x5C9B, 0x5C9B, 0x5C9B, 0x5C9B, 0x5C9B, 0x5C9B, 0x5C9B, 0x5C9B, 0x5C9B, 0x5C9B, 0x5C9B, 0x5C9B,
  0x5C9B, 0x5C9B, 0x5C9B, 0x5C9B, 0x5C9B, 0x5C9B, 0x5C9B, 0x5C9B, 0x5C9B, 0x5C9B, 0x5C9B, 0x5C9B,
  0x5C9B, 0x5C9B, 0x5C9B, 0xEF5D, 0xEF5D, 0xEF5D, 0xEF5D, 0xEF5D, 0xEF5D, 0xEF5D, 0xEF5D, 0xEF5D,
  0x4BF7, 0x4BF7, 0x4BF7, 0x4BF7, 0x4BF7, 0x4BF7, 0x4BF7, 0x4BF7, 0x4BF7, 0x4BF7, 0x4BF7, 0x4BF7,
  0x4BF7, 0x4BF7, 0x4BF7, 0x4BF7, 0x4BF7, 0x4BF7, 0x4BF7, 0x4BF7, 0x4BF7, 0x4BF7, 0x4BF7, 0x4BF7,
  0x4BF7, 0x4BF7, 0x4BF7, 0x4BF7, 0x4BF7, 0x4BF7, 0x4BF7, 0x4BF7, 0x4BF7, 0x4BF7, 0x4BF7, 0x4BF7,
  0x4BF7, 0x4BF7, 0x4BF7, 0x4BF7, 0x4BF7, 0x4BF7, 0x4BF7, 0x4BF7, 0x4BF7, 0x4BF7, 0x4BF7, 0x4BF7,
  0x4BF7, 0x4BF7, 0x4BF7, 0x4BF7, 0x4BF7, 0x4BF7, 0x4BF7, 0x4BF7, 0x4BF7, 0x4BF7, 0x4BF7, 0x4BF7,
  0x4BF7, 0x4BF7, 0x4BF7, 0x4BF7, 0x4BF7, 0x4BF7, 0x4BF7, 0x4BF7, 0x4BF7, 0x4BF7, 0x4BF7, 0x4BF7,
  0x4BF7, 0x4BF7, 0x4BF7, 0x4BF7, 0x4BF7, 0x4BF7, 0x4BF7, 0x4BF7, 0x4BF7, 0x4BF7, 0x4BF7, 0x4BF7,
  0x4BF7, 0x4BF7, 0x4BF7, 0x4BF7, 0x4BF7, 0x4BF7, 0x4BF7, 0x4BF7, 0x4BF7, 0x4BF7, 0x4BF7, 0x4BF7,
  0x4BF7, 0x4BF7, 0x4BF7, 0x4BF7, 0x4BF7, 0x4BF7, 0x4BF7, 0x4BF7, 0x4BF7, 0x4BF7, 0x4BF7, 0x4BF7,
  0x4BF7, 0x4BF7, 0x4BF7, 0x4BF7, 0x4BF7, 0x4BF7, 0x4BF7, 0x4BF7, 0x4BF7, 0x4BF7, 0x4BF7, 0x4BF7,
  0x4BF7, 0x4BF7, 0x4BF7, 0x4BF7, 0x4BF7, 0x4BF7, 0x4BF7, 0x4BF7, 0x4BF7, 0x4BF7, 0x4BF7, 0x4BF7,
  0x4BF7, 0x4BF7, 0x4BF7, 0x4BF7, 0x4BF7, 0x4BF7, 0x4BF7, 0x4BF7, 0x4BF7, 0x4BF7, 0x4BF7, 0x4BF7,
  0x4BF7, 0x4BF7, 0x4BF7, 0x4BF7, 0x4BF7, 0x4BF7, 0x4BF7, 0x4BF7, 0x4BF7, 0x4BF7, 0x4BF7, 0x4BF7,
  0x4BF7, 0x4BF7, 0x4BF7, 0x4BF7, 0x4BF7, 0x4BF7, 0x4BF7, 0x4BF7, 0x4BF7, 0x4BF7, 0x4BF7, 0x4BF7,
  0x4BF7, 0x4BF7, 0x4BF7, 0x4BF7, 0x4BF7, 0x4BF7, 0x4BF7, 0x4BF7, 0x4BF7, 0x4BF7, 0x4BF7, 0x4BF7,
  0x4BF7, 0x4BF7, 0x4BF7, 0x4BF7, 0x4BF7, 0x4BF7, 0x4BF7, 0x4BF7, 0x4BF7, 0x4BF7, 0x4BF7, 0x4BF7,
  0x4BF7, 0x4BF7, 0x4BF7, 0x4BF7, 0x4BF7, 0x4BF7, 0x4BF7, 0x4BF7, 0x4BF7, 0x4BF7, 0x4BF7, 0x4BF7,
  0x4BF7, 0x4BF7, 0x4BF7, 0x4BF7, 0x4BF7, 0x4BF7, 0x4BF7, 0x4BF7, 0x4BF7, 0x4BF7, 0x4BF7, 0x4BF7,
  0x4BF7, 0x4BF7, 0x4BF7, 0x4BF7, 0x4BF7, 0x4BF7, 0x4BF7, 0x4BF7, 0x4BF7, 0x4BF7, 0x4BF7, 0x4BF7,
  0x4BF7, 0x4BF7, 0x4BF7, 0x4BF7, 0x4BF7, 0x4BF7, 0x4BF7, 0xDE13, 0xDE13, 0xDE13, 0xDE13, 0xDE13,
  0xDE13, 0xDE13, 0xDE13, 0xDE13, 0xDE13, 0xDE13, 0x4BF7, 0x4BF7, 0x4BF7, 0x4BF7, 0x4BF7, 0x4BF7,
  0x4BF7, 0x4BF7, 0x4BF7, 0x4BF7, 0x4BF7, 0x4BF7, 0x4BF7, 0x4BF7, 0x4BF7, 0x4BF7, 0x4BF7, 0x4BF7,
  0x4BF7, 0x4BF7, 0x4BF7, 0x4BF7, 0x4BF7, 0x4BF7, 0x4BF7, 0x4BF7, 0x4BF7, 0x4BF7, 0x4BF7, 0x4BF7,
  0x4BF7, 0x4BF7, 0x4BF7, 0x4BF7, 0x4BF7, 0x4BF7, 0x4BF7, 0x4BF7, 0x4BF7, 0x4BF7, 0x4BF7, 0x4BF7,
  0x4BF7, 0x4BF7, 0x4BF7, 0x4BF7, 0x4BF7, 0x4BF7, 0x4BF7, 0x4BF7, 0x4BF7, 0x4BF7, 0x4BF7, 0x4BF7,
  0x4BF7, 0x4BF7, 0x4BF7, 0x4BF7, 0x4BF7, 0x4BF7, 0x4BF7, 0x4BF7, 0xCE59, 0xCE59, 0xCE59, 0xCE59,
  0xCE59, 0xCE59, 0xCE59, 0xCE59, 0xCE59, 0xCE59, 0xB926, 0xB926, 0x5C9B, 0x5C9B, 0x5C9B, 0x5C9B,
  0x5C9B, 0x5C9B, 0x5C9B, 0x5C9B, 0x5C9B, 0x5C9B, 0x5C9B, 0x5C9B, 0x5C9B, 0x5C9B, 0x5C9B, 0x5C9B,
  0x5C9B, 0x5C9B, 0x5C9B, 0x5C9B, 0x5C9B, 0x5C9B, 0x5C9B, 0x5C9B, 0x5C9B, 0x5C9B, 0x5C9B, 0x5C9B,
  0x5C9B, 0x5C9B, 0x5C9B, 0x5C9B, 0x5C9B, 0x5C9B, 0x5C9B, 0x5C9B, 0x5C9B, 0x5C9B, 0x5C9B, 0x5C9B,
  0x5C9B, 0x5C9B, 0x5C9B, 0x5C9B, 0x5C9B, 0x5C9B, 0x5C9B, 0x5C9B, 0x5C9B, 0x5C9B, 0x5C9B, 0x5C9B,
  0x5C9B, 0x5C9B, 0x5C9B, 0x5C9B, 0x5C9B, 0x5C9B, 0x5C9B, 0x5C9B, 0x5C9B, 0x5C9B, 0x5C9B, 0x5C9B,
  0x5C9B, 0x5C9B, 0x5C9B, 0x5C9B, 0x5C9B, 0x5C9B, 0x5C9B, 0x5C9B, 0x5C9B, 0x5C9B, 0x5C9B, 0x5C9B,
  0x5C9B, 0x5C9B, 0x5C9B, 0x5C9B, 0x5C9B, 0x5C9B, 0x5C9B, 0x5C9B, 0x5C9B, 0x5C9B, 0x5C9B, 0x5C9B,
  0x5C9B, 0x5C9B, 0x5C9B, 0x5C9B, 0x5C9B, 0x5C9B, 0x5C9B, 0x5C9B, 0x5C9B, 0x5C9B, 0x5C9B, 0x5C9B,
  0x5C9B, 0x5C9B, 0x5C9B, 0x5C9B, 0x5C9B, 0x5C9B, 0x5C9B, 0x5C9B, 0x5C9B, 0x5C9B, 0x5C9B, 0x5C9B,
  0x5C9B, 0x5C9B, 0x5C9B, 0x5C9B, 0x5C9B, 0x5C9B, 0x5C9B, 0x5C9B, 0x5C9B, 0x5C9B, 0x5C9B, 0x5C9B,
  0x5C9B, 0x5C9B, 0x5C9B, 0x5C9B, 0x5C9B, 0x5C9B, 0x5C9B, 0x5C9B, 0x5C9B, 0x5C9B, 0x5C9B, 0x5C9B,
  0x5C9B, 0x5C9B, 0x5C9B, 0x5C9B, 0x5C9B, 0x5C9B, 0x5C9B, 0x5C9B, 0x5C9B, 0x5C9B, 0x5C9B, 0x5C9B,
  0x5C9B, 0x5C9B, 0x5C9B, 0x5C9B, 0x5C9B, 0x5C9B, 0x5C9B, 0x5C9B, 0x5C9B, 0x5C9B, 0x5C9B, 0x5C9B,
  0x5C9B, 0x5C9B, 0x5C9B, 0x5C9B, 0x5C9B, 0x5C9B, 0x5C9B, 0x5C9B, 0x5C9B, 0x5C9B, 0x5C9B, 0x5C9B,
  0x5C9B, 0x5C9B, 0x5C9B, 0x5C9B, 0x5C9B, 0x5C9B, 0x5C9B, 0x5C9B, 0x5C9B, 0x5C9B, 0x5C9B, 0x5C9B,
  0x5C9B, 0x5C9B, 0x5C9B, 0x5C9B, 0x5C9B, 0x5C9B, 0x5C9B, 0x5C9B, 0x5C9B, 0x5C9B, 0x5C9B, 0x5C9B,
  0x5C9B, 0x5C9B, 0x5C9B, 0x5C9B, 0x5C9B, 0x5C9B, 0x5C9B, 0x5C9B, 0x5C9B, 0x5C9B, 0x5C9B, 0x5C9B,
  0x5C9B, 0x5C9B, 0x5C9B, 0x5C9B, 0x5C9B, 0x5C9B, 0x5C9B, 0x5C9B, 0x5C9B, 0x5C9B, 0x5C9B, 0x5C9B,
  0x5C9B, 0x5C9B, 0x5C9B, 0x5C9B, 0x5C9B, 0x5C9B, 0x5C9B, 0x5C9B, 0x5C9B, 0x5C9B, 0xFEF6, 0xFEF6,
  0xFEF6, 0xFEF6, 0xFEF6, 0xFEF6, 0xFEF6, 0xFEF6, 0xFEF6, 0xFEF6, 0xFEF6, 0xFEF6, 0xFEF6, 0xFEF6,
  0xFEF6, 0xFEF6, 0xFEF6, 0xFEF6, 0xFEF6, 0xFEF6, 0xFEF6, 0x5C9B, 0x5C9B, 0x5C9B, 0x5C9B, 0x5C9B,
  0x5C9B, 0x5C9B, 0x5C9B, 0x5C9B, 0x5C9B, 0x5C9B, 0x5C9B, 0x5C9B, 0x5C9B, 0x5C9B, 0x5C9B, 0x5C9B,
  0x5C9B, 0x5C9B, 0x5C9B, 0x5C9B, 0x5C9B, 0x5C9B, 0x5C9B, 0x5C9B, 0x5C9B, 0x5C9B, 0x5C9B, 0x5C9B,
  0x5C9B, 0x5C9B, 0x5C9B, 0x5C9B, 0x5C9B, 0x5C9B, 0x5C9B, 0x5C9B, 0x5C9B, 0x5C9B, 0x5C9B, 0x5C9B,
  0x5C9B, 0x5C9B, 0x5C9B, 0x5C9B, 0x5C9B, 0x5C9B, 0x5C9B, 0x5C9B, 0x5C9B, 0x5C9B, 0x5C9B, 0x5C9B,
  0x5C9B, 0xEF5D, 0xEF5D, 0xEF5D, 0xEF5D, 0xEF5D, 0xEF5D, 0xEF5D, 0xEF5D, 0xEF5D, 0xD167, 0xD167,
  0xD167, 0xD167, 0xD167, 0xD167, 0x4BF7, 0x4BF7, 0x4BF7, 0x4BF7, 0x4BF7, 0x4BF7, 0x4BF7, 0x4BF7,
  0x4BF7, 0x4BF7, 0x4BF7, 0x4BF7, 0x4BF7, 0x4BF7, 0x4BF7, 0x4BF7, 0x4BF7, 0x4BF7, 0x4BF7, 0x4BF7,
  0x4BF7, 0x4BF7, 0x4BF7, 0x4BF7, 0x4BF7, 0x4BF7, 0x4BF7, 0x4BF7, 0x4BF7, 0x4BF7, 0x4BF7, 0x4BF7,
  0x4BF7, 0x4BF7, 0x4BF7, 0x4BF7, 0x4BF7, 0x4BF7, 0x4BF7, 0x4BF7, 0x4BF7, 0x4BF7, 0x4BF7, 0x4BF7,
  0x4BF7, 0x4BF7, 0x4BF7, 0x4BF7, 0x4BF7, 0x4BF7, 0x4BF7, 0x4BF7, 0x4BF7, 0x4BF7, 0x4BF7, 0x4BF7,
  0x4BF7, 0x4BF7, 0x4BF7, 0x4BF7, 0x4BF7, 0x4BF7, 0x4BF7, 0x4BF7, 0x4BF7, 0x4BF7, 0x4BF7, 0x4BF7,
  0x4BF7, 0x4BF7, 0x4BF7, 0x4BF7, 0x4BF7, 0x4BF7, 0x4BF7, 0x4BF7, 0x4BF7, 0x4BF7, 0x4BF7, 0x4BF7,
  0x4BF7, 0x4BF7, 0x4BF7, 0x4BF7, 0x4BF7, 0x4BF7, 0x4BF7, 0x4BF7, 0x4BF7, 0x4BF7, 0x4BF7, 0x4BF7,
  0x4BF7, 0x4BF7, 0x4BF7, 0x4BF7, 0x4BF7, 0x4BF7, 0x4BF7, 0x4BF7, 0x4BF7, 0x4BF7, 0x4BF7, 0x4BF7,
  0x4BF7, 0x4BF7, 0x4BF7, 0x4BF7, 0x4BF7, 0x4BF7, 0x4BF7, 0x4BF7, 0x4BF7, 0x4BF7, 0x4BF7, 0x4BF7,
  0x4BF7, 0x4BF7, 0x4BF7, 0x4BF7, 0x4BF7, 0x4BF7, 0x4BF7, 0x4BF7, 0x4BF7, 0x4BF7, 0x4BF7, 0x4BF7,
  0x4BF7, 0x4BF7, 0x4BF7, 0x4BF7, 0x4BF7, 0x4BF7, 0x4BF7, 0x4BF7, 0x4BF7, 0x4BF7, 0x4BF7, 0x4BF7,
  0x4BF7, 0x4BF7, 0x4BF7, 0x4BF7, 0x4BF7, 0x4BF7, 0x4BF7, 0x4BF7, 0x4BF7, 0x4BF7, 0x4BF7, 0x4BF7,
  0x4BF7, 0x4BF7, 0x4BF7, 0x4BF7, 0x4BF7, 0x4BF7, 0x4BF7, 0x4BF7, 0x4BF7, 0x4BF7, 0x4BF7, 0x4BF7,
  0x4BF7, 0x4BF7, 0x4BF7, 0x4BF7, 0x4BF7, 0x4BF7, 0x4BF7, 0x4BF7, 0x4BF7, 0x4BF7, 0x4BF7, 0x4BF7,
  0x4BF7, 0x4BF7, 0x4BF7, 0x4BF7, 0x4BF7, 0x4BF7, 0x4BF7, 0x4BF7, 0x4BF7, 0x4BF7, 0x4BF7, 0x4BF7,
  0x4BF7, 0x4BF7, 0x4BF7, 0x4BF7, 0x4BF7, 0x4BF7, 0x4BF7, 0x4BF7, 0x4BF7, 0x4BF7, 0x4BF7, 0x4BF7,
  0x4BF7, 0x4BF7, 0x4BF7, 0x4BF7, 0x4BF7, 0x4BF7, 0x4BF7, 0x4BF7, 0x4BF7, 0x4BF7, 0x4BF7, 0x4BF7,
  0x4BF7, 0x4BF7, 0x4BF7, 0x4BF7, 0x4BF7, 0x4BF7, 0x4BF7, 0x4BF7, 0x4BF7, 0x4BF7, 0x4BF7, 0x4BF7,
  0x4BF7, 0x4BF7, 0x4BF7, 0xDE13, 0xDE13, 0xDE13, 0xDE13, 0xDE13, 0xDE13, 0xDE13, 0xDE13, 0xDE13,
  0xDE13, 0xDE13, 0xDE13, 0xDE13, 0xDE13, 0xDE13, 0xDE13, 0xDE13, 0xDE13, 0xDE13, 0xDE13, 0xDE13,
  0xDE13, 0xDE13, 0xDE13, 0xDE13, 0xDE13, 0xDE13, 0x4BF7, 0x4BF7, 0x4BF7, 0x4BF7, 0x4BF7, 0x4BF7,
  0x4BF7, 0x4BF7, 0x4BF7, 0x4BF7, 0x4BF7, 0x4BF7, 0x4BF7, 0x4BF7, 0x4BF7, 0x4BF7, 0x4BF7, 0x4BF7,
  0x4BF7, 0x4BF7, 0x4BF7, 0x4BF7, 0x4BF7, 0x4BF7, 0x4BF7, 0x4BF7, 0x4BF7, 0x4BF7, 0x4BF7, 0x4BF7,
  0x4BF7, 0x4BF7, 0x4BF7, 0x4BF7, 0x4BF7, 0x4BF7, 0x4BF7, 0x4BF7, 0x4BF7, 0x4BF7, 0x4BF7, 0x4BF7,
  0x4BF7, 0x4BF7, 0x4BF7, 0xDE79, 0xDE79, 0xDE79, 0xCE59, 0xCE59, 0xCE59, 0xCE59, 0xCE59, 0xCE59,
  0xCE59, 0xCE59, 0xCE59, 0xB926, 0xB926, 0xB926, 0xB926, 0xB926, 0xB926, 0xB926, 0xB926, 0xCE59,
  0x5C9B, 0x5C9B, 0x5C9B, 0x5C9B, 0x5C9B, 0x5C9B, 0x5C9B, 0x5C9B, 0x5C9B, 0x5C9B, 0x5C9B, 0x5C9B,
  0x5C9B, 0x5C9B, 0x5C9B, 0x5C9B, 0x5C9B, 0x5C9B, 0x5C9B, 0x5C9B, 0x5C9B, 0x5C9B, 0x5C9B, 0x5C9B,
  0x5C9B, 0x5C9B, 0x5C9B, 0x5C9B, 0x5C9B, 0x5C9B, 0x5C9B, 0x5C9B, 0x5C9B, 0x5C9B, 0x5C9B, 0x5C9B,
  0x5C9B, 0x5C9B, 0x5C9B, 0x5C9B, 0x5C9B, 0x5C9B, 0x5C9B, 0x5C9B, 0x5C9B, 0x5C9B, 0x5C9B, 0x5C9B,
  0x5C9B, 0x5C9B, 0x5C9B, 0x5C9B, 0x5C9B, 0x5C9B, 0x5C9B, 0x5C9B, 0x5C9B, 0x5C9B, 0x5C9B, 0x5C9B,
  0x5C9B, 0x5C9B, 0x5C9B, 0x5C9B, 0x5C9B, 0x5C9B, 0x5C9B, 0x5C9B, 0x5C9B, 0x5C9B, 0x5C9B, 0x5C9B,
  0x5C9B, 0x5C9B, 0x5C9B, 0x5C9B, 0x5C9B, 0x5C9B, 0x5C9B, 0x5C9B, 0x5C9B, 0x5C9B, 0x5C9B, 0x5C9B,
  0x5C9B, 0x5C9B, 0x5C9B, 0x5C9B, 0x5C9B, 0x5C9B, 0x5C9B, 0x5C9B, 0x5C9B, 0x5C9B, 0x5C9B, 0x5C9B,
  0x5C9B, 0x5C9B, 0x5C9B, 0x5C9B, 0x5C9B, 0x5C9B, 0x5C9B, 0x5C9B, 0x5C9B, 0x5C9B, 0x5C9B, 0x5C9B,
  0x5C9B, 0x5C9B, 0x5C9B, 0x5C9B, 0x5C9B, 0x5C9B, 0x5C9B, 0x5C9B, 0x5C9B, 0x5C9B, 0x5C9B, 0x5C9B,
  0x5C9B, 0x5C9B, 0x5C9B, 0x5C9B, 0x5C9B, 0x5C9B, 0x5C9B, 0x5C9B, 0x5C9B, 0x5C9B, 0x5C9B, 0x5C9B,
  0x5C9B, 0x5C9B, 0x5C9B, 0x5C9B, 0x5C9B, 0x5C9B, 0x5C9B, 0x5C9B, 0x5C9B, 0x5C9B, 0x5C9B, 0x5C9B,
  0x5C9B, 0x5C9B, 0x5C9B, 0x5C9B, 0x5C9B, 0x5C9B, 0x5C9B, 0x5C9B, 0x5C9B, 0x5C9B, 0x5C9B, 0x5C9B,
  0x5C9B, 0x5C9B, 0x5C9B, 0x5C9B, 0x5C9B, 0x5C9B, 0x5C9B, 0x5C9B, 0x5C9B, 0x5C9B, 0x5C9B, 0x5C9B,
  0x5C9B, 0x5C9B, 0x5C9B, 0x5C9B, 0x5C9B, 0x5C9B, 0x5C9B, 0x5C9B, 0x5C9B, 0x5C9B, 0x5C9B, 0x5C9B,
  0x5C9B, 0x5C9B, 0x5C9B, 0x5C9B, 0x5C9B, 0x5C9B, 0x5C9B, 0x5C9B, 0x5C9B, 0x5C9B, 0x5C9B, 0x5C9B,
  0x5C9B, 0x5C9B, 0x5C9B, 0x5C9B, 0x5C9B, 0x5C9B, 0x5C9B, 0x5C9B, 0x5C9B, 0x5C9B, 0x5C9B, 0x5C9B,
  0x5C9B, 0x5C9B, 0x5C9B, 0x5C9B, 0x5C9B, 0x5C9B, 0x5C9B, 0x5C9B, 0x5C9B, 0x5C9B, 0x5C9B, 0x5C9B,
  0x5C9B, 0x5C9B, 0x5C9B, 0x5C9B, 0x5C9B, 0x5C9B, 0x5C9B, 0x5C9B, 0x5C9B, 0xFEF6, 0xFEF6, 0xFEF6,
  0xFEF6, 0xFEF6, 0xFEF6, 0xFEF6, 0xFEF6, 0xFEF6, 0xFEF6, 0xFEF6, 0xFEF6, 0xFEF6, 0xFEF6, 0xFEF6,
  0xFEF6, 0xFEF6, 0xFEF6, 0xFEF6, 0xFEF6, 0xFEF6, 0xFEF6, 0xFEF6, 0xFEF6, 0xFEF6, 0xFEF6, 0xFEF6,
  0xFEF6, 0xFEF6, 0xFEF6, 0xFEF6, 0x5C9B, 0x5C9B, 0x5C9B, 0x5C9B, 0x5C9B, 0x5C9B, 0x5C9B, 0x5C9B,
  0x5C9B, 0x5C9B, 0x5C9B, 0x5C9B, 0x5C9B, 0x5C9B, 0x5C9B, 0x5C9B, 0x5C9B, 0x5C9B, 0x5C9B, 0x5C9B,
  0x5C9B, 0x5C9B, 0x5C9B, 0x5C9B, 0x5C9B, 0x5C9B, 0x5C9B, 0x5C9B, 0x5C9B, 0x5C9B, 0x5C9B, 0x5C9B,
  0x5C9B, 0x5C9B, 0x5C9B, 0x5C9B, 0x5C9B, 0x5C9B, 0xFF7D, 0xFF7D, 0xFF7D, 0xFF7D, 0xFF7D, 0xEF5D,
  0xEF5D, 0xEF5D, 0xEF5D, 0xEF5D, 0xEF5D, 0xEF5D, 0xEF5D, 0xEF5D, 0xD167, 0xD167, 0xD167, 0xD167,
  0xD167, 0xD167, 0xD167, 0xEF5D, 0xEF5D, 0xEF5D, 0xEF5D, 0xEF5D, 0x4BF7, 0x4BF7, 0x4BF7, 0x4BF7,
  0x4BF7, 0x4BF7, 0x4BF7, 0x4BF7, 0x4BF7, 0x4BF7, 0x4BF7, 0x4BF7, 0x4BF7, 0x4BF7, 0x4BF7, 0x4BF7,
  0x4BF7, 0x4BF7, 0x4BF7, 0x4BF7, 0x4BF7, 0x4BF7, 0x4BF7, 0x4BF7, 0x4BF7, 0x4BF7, 0x4BF7, 0x4BF7,
  0x4BF7, 0x4BF7, 0x4BF7, 0x4BF7, 0x4BF7, 0x4BF7, 0x4BF7, 0x4BF7, 0x4BF7, 0x4BF7, 0x4BF7, 0x4BF7,
  0x4BF7, 0x4BF7, 0x4BF7, 0x4BF7, 0x4BF7, 0x4BF7, 0x4BF7, 0x4BF7, 0x4BF7, 0x4BF7, 0x4BF7, 0x4BF7,
  0x4BF7, 0x4BF7, 0x4BF7, 0xDE79, 0xDE79, 0xDE79, 0xDE79, 0xDE79, 0xDE79, 0xDE79, 0xDE79, 0xDE79,
  0xDE79, 0xDE79, 0xDE79, 0xDE79, 0xDE79, 0xDE79, 0xDE79, 0xDE79, 0xDE79, 0x4BF7, 0x4BF7, 0x4BF7,
  0x4BF7, 0x4BF7, 0x4BF7, 0x4BF7, 0x4BF7, 0x4BF7, 0x4BF7, 0x4BF7, 0x4BF7, 0x4BF7, 0x4BF7, 0x4BF7,
  0x4BF7, 0x4BF7, 0x4BF7, 0x4BF7, 0x4BF7, 0x4BF7, 0x4BF7, 0x4BF7, 0x4BF7, 0x4BF7, 0x4BF7, 0x4BF7,
  0x4BF7, 0x4BF7, 0x4BF7, 0x4BF7, 0x4BF7, 0x4BF7, 0x4BF7, 0x4BF7, 0x4BF7, 0x4BF7, 0x4BF7, 0x4BF7,
  0x4BF7, 0x4BF7, 0x4BF7, 0x4BF7, 0x4BF7, 0x4BF7, 0x4BF7, 0x4BF7, 0x4BF7, 0x4BF7, 0x4BF7, 0x4BF7,
  0x4BF7, 0x4BF7, 0x4BF7, 0x4BF7, 0x4BF7, 0x4BF7, 0x4BF7, 0x4BF7, 0x4BF7, 0x4BF7, 0x4BF7, 0x4BF7,
  0x4BF7, 0x4BF7, 0x4BF7, 0x4BF7, 0x4BF7, 0x4BF7, 0x4BF7, 0x4BF7, 0x4BF7, 0x4BF7, 0x4BF7, 0x4BF7,
  0x4BF7, 0x4BF7, 0x4BF7, 0x4BF7, 0x4BF7, 0x4BF7, 0x4BF7, 0x4BF7, 0x4BF7, 0x4BF7, 0x4BF7, 0x4BF7,
  0x4BF7, 0x4BF7, 0x4BF7, 0x4BF7, 0x4BF7, 0x4BF7, 0x4BF7, 0x4BF7, 0x4BF7, 0x4BF7, 0x4BF7, 0x4BF7,
  0x4BF7, 0x4BF7, 0x4BF7, 0x4BF7, 0x4BF7, 0x4BF7, 0x4BF7, 0x4BF7, 0x4BF7, 0x4BF7, 0x4BF7, 0x4BF7,
  0x4BF7, 0x4BF7, 0x4BF7, 0x4BF7, 0x4BF7, 0x4BF7, 0x4BF7, 0x4BF7, 0x4BF7, 0x4BF7, 0x4BF7, 0x4BF7,
  0x4BF7, 0x4BF7, 0x4BF7, 0x4BF7, 0x4BF7, 0x4BF7, 0x4BF7, 0x4BF7, 0x4BF7, 0x4BF7, 0x4BF7, 0x4BF7,
  0x4BF7, 0x4BF7, 0x4BF7, 0x4BF7, 0x4BF7, 0x4BF7, 0x4BF7, 0x4BF7, 0x4BF7, 0x4BF7, 0x4BF7, 0x4BF7,
  0x4BF7, 0x4BF7, 0x4BF7, 0xDE13, 0xDE13, 0xDE13, 0xDE13, 0xDE13, 0xDE13, 0xDE13, 0xDE13, 0xDE13,
  0xDE13, 0xDE13, 0xDE13, 0xDE13, 0xDE13, 0xDE13, 0xDE13, 0xDE13, 0xDE13, 0xDE13, 0xDE13, 0xDE13,
  0xDE13, 0xDE13, 0xDE13, 0xDE13, 0xDE13, 0xDE13, 0xDE13, 0xDE13, 0xDE13, 0xDE13, 0xDE13, 0xDE13,
  0xDE13, 0xDE13, 0x4BF7, 0x4BF7, 0x4BF7, 0x4BF7, 0x4BF7, 0x4BF7, 0x4BF7, 0x4BF7, 0x4BF7, 0x4BF7,
  0x4BF7, 0x4BF7, 0xDE79, 0xDE79, 0xDE79, 0xDE79, 0xDE79, 0xDE79, 0xDE79, 0xDE79, 0xDE79, 0xDE79,
  0xDE79, 0xDE79, 0xDE79, 0x4BF7, 0x4BF7, 0x4BF7, 0x4BF7, 0x4BF7, 0x4BF7, 0x4BF7, 0x4BF7, 0x4BF7,
  0xDE79, 0xDE79, 0xDE79, 0xDE79, 0xCE59, 0xCE59, 0xCE59, 0xCE59, 0xCE59, 0xCE59, 0xCE59, 0xCE59,
  0xB926, 0xB926, 0xB926, 0xB926, 0xB926, 0xB926, 0xB926, 0xB926, 0xCE59, 0xCE59, 0xCE59, 0xCE59,
  0xCE59, 0xCE59, 0xCE59, 0xCE59, 0x6CFB, 0x6CFB, 0x6CFB, 0x6CFB, 0x6CFB, 0x6CFB, 0x6CFB, 0x6CFB,
  0x6CFB, 0x6CFB, 0x6CFB, 0x6CFB, 0x6CFB, 0x6CFB, 0x6CFB, 0x6CFB, 0x6CFB, 0x6CFB, 0x6CFB, 0x6CFB,
  0x6CFB, 0x6CFB, 0x6CFB, 0x6CFB, 0x6CFB, 0x6CFB, 0x6CFB, 0x6CFB, 0x6CFB, 0x6CFB, 0x6CFB, 0x6CFB,
  0x6CFB, 0x6CFB, 0x6CFB, 0x6CFB, 0x6CFB, 0x6CFB, 0x6CFB, 0x6CFB, 0x6CFB, 0x6CFB, 0x6CFB, 0x6CFB,
  0x6CFB, 0x6CFB, 0x6CFB, 0x6CFB, 0x6CFB, 0xFF7D, 0xFF7D, 0xFF7D, 0xFF7D, 0xFF7D, 0xFF7D, 0xFF7D,
  0xFF7D, 0xFF7D, 0xFF7D, 0xFF7D, 0xFF7D, 0xFF7D, 0xFF7D, 0xFF7D, 0xFF7D, 0xFF7D, 0xFF7D, 0xFF7D,
  0xFF7D, 0xFF7D, 0xFF7D, 0xFF7D, 0xFF7D, 0xFF7D, 0xFF7D, 0xFF7D, 0xFF7D, 0xFF7D, 0xFF7D, 0x6CFB,
  0x6CFB, 0x6CFB, 0x6CFB, 0x6CFB, 0x6CFB, 0x6CFB, 0x6CFB, 0x6CFB, 0x6CFB, 0x6CFB, 0x6CFB, 0x6CFB,
  0x6CFB, 0x6CFB, 0x6CFB, 0x6CFB, 0x6CFB, 0x6CFB, 0x6CFB, 0x6CFB, 0x6CFB, 0x6CFB, 0x6CFB, 0x6CFB,
  0x6CFB, 0x6CFB, 0x6CFB, 0x6CFB, 0x6CFB, 0x6CFB, 0x6CFB, 0x6CFB, 0x6CFB, 0x6CFB, 0x6CFB, 0x6CFB,
  0x6CFB, 0x6CFB, 0x6CFB, 0x6CFB, 0x6CFB, 0x6CFB, 0x6CFB, 0x6CFB, 0x6CFB, 0x6CFB, 0x6CFB, 0x6CFB,
  0x6CFB, 0x6CFB, 0x6CFB, 0x6CFB, 0x6CFB, 0x6CFB, 0x6CFB, 0x6CFB, 0x6CFB, 0x6CFB, 0x6CFB, 0x6CFB,
  0x6CFB, 0x6CFB, 0x6CFB, 0x6CFB, 0x6CFB, 0x6CFB, 0x6CFB, 0x6CFB, 0x6CFB, 0x6CFB, 0x6CFB, 0x6CFB,
  0x6CFB, 0x6CFB, 0x6CFB, 0x6CFB, 0x6CFB, 0x6CFB, 0x6CFB, 0x6CFB, 0x6CFB, 0x6CFB, 0x6CFB, 0x6CFB,
  0x6CFB, 0x6CFB, 0x6CFB, 0x6CFB, 0x6CFB, 0x6CFB, 0x6CFB, 0x6CFB, 0x6CFB, 0x6CFB, 0x6CFB, 0x6CFB,
  0x6CFB, 0x6CFB, 0x6CFB, 0x6CFB, 0x6CFB, 0x6CFB, 0x6CFB, 0x6CFB, 0x6CFB, 0x6CFB, 0x6CFB, 0x6CFB,
  0x6CFB, 0x6CFB, 0x6CFB, 0x6CFB, 0x6CFB, 0x6CFB, 0x6CFB, 0x6CFB, 0x6CFB, 0x6CFB, 0x6CFB, 0x6CFB,
  0x6CFB, 0x6CFB, 0x6CFB, 0x6CFB, 0x6CFB, 0x6CFB, 0x6CFB, 0x6CFB, 0x6CFB, 0x6CFB, 0x6CFB, 0x6CFB,
  0x6CFB, 0x6CFB, 0x6CFB, 0x6CFB, 0x6CFB, 0x6CFB, 0x6CFB, 0x6CFB, 0x6CFB, 0xFEF6, 0xFEF6, 0xFEF6,
  0xFEF6, 0xFEF6, 0xFEF6, 0xFEF6, 0xFEF6, 0xFEF6, 0xFEF6, 0xFEF6, 0xFEF6, 0xFEF6, 0xFEF6, 0xFEF6,
  0xFEF6, 0xFEF6, 0xFEF6, 0xFEF6, 0xFEF6, 0xFEF6, 0xFEF6, 0xFEF6, 0xFEF6, 0xFEF6, 0xFEF6, 0xFEF6,
  0xFEF6, 0xFEF6, 0xFEF6, 0xFEF6, 0xFEF6, 0xFEF6, 0xFEF6, 0xFEF6, 0xFEF6, 0xFEF6, 0xFEF6, 0xFEF6,
  0x6CFB, 0x6CFB, 0x6CFB, 0x6CFB, 0x6CFB, 0xFF7D, 0xFF7D, 0xFF7D, 0xFF7D, 0xFF7D, 0xFF7D, 0xFF7D,
  0xFF7D, 0xFF7D, 0xFF7D, 0xFF7D, 0xFF7D, 0xFF7D, 0xFF7D, 0xFF7D, 0xFF7D, 0xFF7D, 0xFF7D, 0xFF7D,
  0xFF7D, 0xFF7D, 0xFF7D, 0xFF7D, 0x6CFB, 0x6CFB, 0x6CFB, 0xFF7D, 0xFF7D, 0xEF5D, 0xEF5D, 0xEF5D,
  0xEF5D, 0xEF5D, 0xEF5D, 0xEF5D, 0xEF5D, 0xD167, 0xD167, 0xD167, 0xD167, 0xD167, 0xD167, 0xD167,
  0xD167, 0xEF5D, 0xEF5D, 0xEF5D, 0xEF5D, 0xEF5D, 0xEF5D, 0xEF5D, 0xEF5D, 0x39EA, 0x39EA, 0x39EA,
  0x6458, 0x6458, 0x6458, 0x6458, 0x6458, 0x6458, 0x6458, 0x6458, 0x6458, 0x6458, 0x6458, 0x6458,
  0x6458, 0x6458, 0x6458, 0x6458, 0x6458, 0x6458, 0xDE79, 0xDE79, 0xDE79, 0xDE79, 0xDE79, 0xDE79,
  0xDE79, 0xDE79, 0xDE79, 0xDE79, 0xDE79, 0xDE79, 0xDE79, 0xDE79, 0xDE79, 0xDE79, 0xDE79, 0x6458,
  0x6458, 0x6458, 0x6458, 0x6458, 0x6458, 0x6458, 0x6458, 0x6458, 0x6458, 0x6458, 0xDE79, 0xDE79,
  0xDE79, 0xDE79, 0xDE79, 0xDE79, 0xDE79, 0xDE79, 0xDE79, 0xDE79, 0xDE79, 0xDE79, 0xDE79, 0xDE79,
  0xDE79, 0xDE79, 0xDE79, 0xDE79, 0xDE79, 0xDE79, 0xDE79, 0xDE79, 0xDE79, 0xDE79, 0xDE79, 0xDE79,
  0xDE79, 0xDE79, 0xDE79, 0xDE79, 0xDE79, 0xDE79, 0xDE79, 0xDE79, 0xDE79, 0xDE79, 0x6458, 0x6458,
  0x6458, 0x6458, 0x6458, 0x6458, 0x6458, 0x6458, 0x6458, 0x6458, 0x6458, 0x6458, 0x6458, 0x6458,
  0x6458, 0x6458, 0x6458, 0x6458, 0x6458, 0x6458, 0x6458, 0x6458, 0x6458, 0x6458, 0x6458, 0x6458,
  0x6458, 0x6458, 0x6458, 0x6458, 0x6458, 0x6458, 0x6458, 0x6458, 0x6458, 0x6458, 0x6458, 0x6458,
  0x6458, 0x6458, 0x6458, 0x6458, 0x6458, 0x6458, 0x6458, 0x6458, 0x6458, 0x6458, 0x6458, 0x6458,
  0x6458, 0x6458, 0x6458, 0x6458, 0x6458, 0x6458, 0x6458, 0x6458, 0x6458, 0x6458, 0x6458, 0x6458,
  0x6458, 0x6458, 0x6458, 0x6458, 0x6458, 0x6458, 0x6458, 0x6458, 0x6458, 0x6458, 0x6458, 0x6458,
  0x6458, 0x6458, 0x6458, 0x6458, 0x6458, 0x6458, 0x6458, 0x6458, 0x6458, 0x6458, 0x6458, 0x6458,
  0x6458, 0x6458, 0x6458, 0x6458, 0x6458, 0x6458, 0x6458, 0x6458, 0x6458, 0x6458, 0x6458, 0x6458,
  0x6458, 0x6458, 0x6458, 0x6458, 0x6458, 0x6458, 0x6458, 0x6458, 0x6458, 0x6458, 0x6458, 0x6458,
  0x6458, 0x6458, 0x6458, 0x6458, 0x6458, 0x6458, 0x6458, 0x6458, 0x6458, 0x6458, 0x6458, 0x6458,
  0x6458, 0x6458, 0x6458, 0x6458, 0x6458, 0x6458, 0x6458, 0x6458, 0x6458, 0x6458, 0x6458, 0x6458,
  0x6458, 0x6458, 0x6458, 0x6458, 0xDE13, 0xDE13, 0xDE13, 0xDE13, 0xDE13, 0xDE13, 0xDE13, 0xDE13,
  0xDE13, 0xDE13, 0xDE13, 0xDE13, 0xDE13, 0xDE13, 0xDE13, 0xDE13, 0xDE13, 0xDE13, 0xDE13, 0xDE13,
  0xDE13, 0xDE13, 0xDE13, 0xDE13, 0xDE13, 0xDE13, 0xDE13, 0xDE13, 0xDE13, 0xDE13, 0xDE13, 0xDE13,
  0xDE13, 0xDE13, 0xDE13, 0xDE13, 0xDE13, 0xDE13, 0xDE13, 0xDE13, 0xDE13, 0x6458, 0x6458, 0x6458,
  0xDE79, 0xDE79, 0xDE79, 0xDE79, 0xDE79, 0xDE79, 0xDE79, 0xDE79, 0xDE79, 0xDE79, 0xDE79, 0xDE79,
  0xDE79, 0xDE79, 0xDE79, 0xDE79, 0xDE79, 0xDE79, 0xDE79, 0xDE79, 0xDE79, 0xDE79, 0xDE79, 0xDE79,
  0xDE79, 0xDE79, 0xCE59, 0xCE59, 0xCE59, 0xCE59, 0xCE59, 0xCE59, 0xCE59, 0xCE59, 0xB926, 0xB926,
  0xB926, 0xB926, 0xB926, 0xB926, 0xB926, 0xCE59, 0xCE59, 0xCE59, 0xCE59, 0xCE59, 0xCE59, 0xCE59,
  0xCE59, 0xCE59, 0x31A8, 0x31A8, 0x31A8, 0x31A8, 0x31A8, 0x31A8, 0x6CFB, 0x6CFB, 0x6CFB, 0x6CFB,
  0x6CFB, 0x6CFB, 0x6CFB, 0x6CFB, 0x6CFB, 0x6CFB, 0x6CFB, 0x6CFB, 0x6CFB, 0xFF7D, 0xFF7D, 0xFF7D,
  0xFF7D, 0xFF7D, 0xFF7D, 0xFF7D, 0xFF7D, 0xFF7D, 0xFF7D, 0xFF7D, 0xFF7D, 0xFF7D, 0xFF7D, 0xFF7D,
  0xFF7D, 0xFF7D, 0xFF7D, 0xFF7D, 0xFF7D, 0xFF7D, 0xFF7D, 0xFF7D, 0xFF7D, 0xFF7D, 0xFF7D, 0xFF7D,
  0x6CFB, 0x6CFB, 0x6CFB, 0x6CFB, 0x6CFB, 0xFF7D, 0xFF7D, 0xFF7D, 0xFF7D, 0xFF7D, 0xFF7D, 0xFF7D,
  0xFF7D, 0xFF7D, 0xFF7D, 0xFF7D, 0xFF7D, 0xFF7D, 0xFF7D, 0xFF7D, 0xFF7D, 0xFF7D, 0xFF7D, 0xFF7D,
  0xFF7D, 0xFF7D, 0xFF7D, 0xFF7D, 0xFF7D, 0xFF7D, 0xFF7D, 0xFF7D, 0xFF7D, 0xFF7D, 0xFF7D, 0xFF7D,
  0xFF7D, 0xFF7D, 0xFF7D, 0xFF7D, 0xFF7D, 0xFF7D, 0xFF7D, 0x6CFB, 0x6CFB, 0x6CFB, 0x6CFB, 0x6CFB,
  0x6CFB, 0x6CFB, 0x6CFB, 0x6CFB, 0x6CFB, 0x6CFB, 0x6CFB, 0x6CFB, 0x6CFB, 0x6CFB, 0x6CFB, 0x6CFB,
  0x6CFB, 0x6CFB, 0x6CFB, 0x6CFB, 0x6CFB, 0x6CFB, 0x6CFB, 0x6CFB, 0x6CFB, 0x6CFB, 0x6CFB, 0x6CFB,
  0x6CFB, 0x6CFB, 0x6CFB, 0x6CFB, 0x6CFB, 0x6CFB, 0x6CFB, 0x6CFB, 0x6CFB, 0x6CFB, 0x6CFB, 0x6CFB,
  0x6CFB, 0x6CFB, 0x6CFB, 0x6CFB, 0x6CFB, 0x6CFB, 0x6CFB, 0x6CFB, 0x6CFB, 0x6CFB, 0x6CFB, 0x6CFB,
  0x6CFB, 0x6CFB, 0x6CFB, 0x6CFB, 0x6CFB, 0x6CFB, 0x6CFB, 0x6CFB, 0x6CFB, 0x6CFB, 0x6CFB, 0x6CFB,
  0x6CFB, 0x6CFB, 0x6CFB, 0x6CFB, 0x6CFB, 0x6CFB, 0x6CFB, 0x6CFB, 0x6CFB, 0x6CFB, 0x6CFB, 0x6CFB,
  0x6CFB, 0x6CFB, 0x6CFB, 0x6CFB, 0x6CFB, 0x6CFB, 0x6CFB, 0x6CFB, 0x6CFB, 0x6CFB, 0x6CFB, 0x6CFB,
  0x6CFB, 0x6CFB, 0x6CFB, 0x6CFB, 0x6CFB, 0x6CFB, 0x6CFB, 0x6CFB, 0x6CFB, 0x6CFB, 0x6CFB, 0x6CFB,
  0x6CFB, 0x6CFB, 0x6CFB, 0x6CFB, 0x6CFB, 0x6CFB, 0x6CFB, 0x6CFB, 0x6CFB, 0x6CFB, 0x6CFB, 0x6CFB,
  0x6CFB, 0x6CFB, 0x6CFB, 0x6CFB, 0x6CFB, 0x6CFB, 0x6CFB, 0x6CFB, 0x6CFB, 0x6CFB, 0x6CFB, 0x6CFB,
  0x6CFB, 0x6CFB, 0x6CFB, 0x6CFB, 0x6CFB, 0x6CFB, 0x6CFB, 0x6CFB, 0x6CFB, 0x6CFB, 0x6CFB, 0xFEF6,
  0xFEF6, 0xFEF6, 0xFEF6, 0xFEF6, 0xFEF6, 0xFEF6, 0xFEF6, 0xFEF6, 0xFEF6, 0xFEF6, 0xFEF6, 0xFEF6,
  0xFEF6, 0xFEF6, 0xFEF6, 0xFEF6, 0xFEF6, 0xFEF6, 0xFEF6, 0xFEF6, 0xFEF6, 0xFEF6, 0xFEF6, 0xFEF6,
  0xFEF6, 0xFEF6, 0xFEF6, 0xFEF6, 0xFEF6, 0xFEF6, 0xFEF6, 0xFEF6, 0xFEF6, 0xFEF6, 0xFEF6, 0xFEF6,
  0xFEF6, 0xFEF6, 0xFEF6, 0xFEF6, 0xFEF6, 0xFEF6, 0x6CFB, 0xFF7D, 0xFF7D, 0xFF7D, 0xFF7D, 0xFF7D,
  0xFF7D, 0xFF7D, 0xFF7D, 0xFF7D, 0xFF7D, 0xFF7D, 0xFF7D, 0xFF7D, 0xFF7D, 0xFF7D, 0xFF7D, 0xFF7D,
  0xFF7D, 0xFF7D, 0xFF7D, 0xFF7D, 0xFF7D, 0xFF7D, 0xFF7D, 0xEF5D, 0xEF5D, 0xEF5D, 0xEF5D, 0xEF5D,
  0xEF5D, 0xEF5D, 0xEF5D, 0xD167, 0xD167, 0xD167, 0xD167, 0xD167, 0xD167, 0xD167, 0xEF5D, 0xEF5D,
  0xEF5D, 0xEF5D, 0xEF5D, 0xEF5D, 0xEF5D, 0xEF5D, 0x39EA, 0x39EA, 0x39EA, 0x39EA, 0x39EA, 0x39EA,
  0x39EA, 0x39EA, 0x39EA, 0x39EA, 0x6458, 0x6458, 0x6458, 0x6458, 0x6458, 0x6458, 0x6458, 0x6458,
  0x6458, 0x6458, 0x6458, 0xDE79, 0xDE79, 0xDE79, 0xDE79, 0xDE79, 0xDE79, 0xDE79, 0xDE79, 0xDE79,
  0xDE79, 0xDE79, 0xDE79, 0xDE79, 0xDE79, 0xDE79, 0xDE79, 0xDE79, 0xDE79, 0xDE79, 0xDE79, 0xDE79,
  0xDE79, 0xDE79, 0xDE79, 0xDE79, 0xDE79, 0xDE79, 0xDE79, 0xDE79, 0xDE79, 0xDE79, 0xDE79, 0xDE79,
  0xDE79, 0xDE79, 0xDE79, 0xDE79, 0xDE79, 0xDE79, 0xDE79, 0xDE79, 0xDE79, 0xDE79, 0xDE79, 0xDE79,
  0xDE79, 0xDE79, 0xDE79, 0xDE79, 0xDE79, 0xDE79, 0xDE79, 0xDE79, 0xDE79, 0xDE79, 0xDE79, 0xDE79,
  0xDE79, 0xDE79, 0xDE79, 0xDE79, 0xDE79, 0xDE79, 0xDE79, 0xDE79, 0xDE79, 0xDE79, 0xDE79, 0xDE79,
  0xDE79, 0xDE79, 0xDE79, 0xDE79, 0x6458, 0x6458, 0x6458, 0x6458, 0x6458, 0x6458, 0x6458, 0x6458,
  0x6458, 0x6458, 0x6458, 0x6458, 0x6458, 0x6458, 0x6458, 0x6458, 0x6458, 0x6458, 0x6458, 0x6458,
  0x6458, 0x6458, 0x6458, 0x6458, 0x6458, 0x6458, 0x6458, 0x6458, 0x6458, 0x6458, 0x6458, 0x6458,
  0x6458, 0x6458, 0x6458, 0x6458, 0x6458, 0x6458, 0x6458, 0x6458, 0x6458, 0x6458, 0x6458, 0x6458,
  0x6458, 0x6458, 0x6458, 0x6458, 0x6458, 0x6458, 0x6458, 0x6458, 0x6458, 0x6458, 0x6458, 0x6458,
  0x6458, 0x6458, 0x6458, 0x6458, 0x6458, 0x6458, 0x6458, 0x6458, 0x6458, 0x6458, 0x6458, 0x6458,
  0x6458, 0x6458, 0x6458, 0x6458, 0x6458, 0x6458, 0x6458, 0x6458, 0x6458, 0x6458, 0x6458, 0x6458,
  0x6458, 0x6458, 0x6458, 0x6458, 0x6458, 0x6458, 0x6458, 0x6458, 0x6458, 0x6458, 0x6458, 0x6458,
  0x6458, 0x6458, 0x6458, 0x6458, 0x6458, 0x6458, 0x6458, 0x6458, 0x6458, 0x6458, 0x6458, 0x6458,
  0x6458, 0x6458, 0x6458, 0x6458, 0x6458, 0x6458, 0x6458, 0x6458, 0x6458, 0x6458, 0x6458, 0x6458,
  0x6458, 0x6458, 0x6458, 0x6458, 0x6458, 0x6458, 0x6458, 0x6458, 0x6458, 0x6458, 0x6458, 0x6458,
  0x6458, 0x6458, 0x6458, 0x6458, 0x6458, 0xDE13, 0xDE13, 0xDE13, 0xDE13, 0xDE13, 0xDE13, 0xDE13,
  0xDE13, 0xDE13, 0xDE13, 0xDE13, 0xDE13, 0xDE13, 0xDE13, 0xDE13, 0xDE13, 0xDE13, 0xDE13, 0xDE13,
  0xDE13, 0xDE13, 0xDE13, 0xDE13, 0xDE13, 0xDE13, 0xDE13, 0xDE13, 0xDE13, 0xDE13, 0xDE13, 0xDE13,
  0xDE13, 0xDE13, 0xDE13, 0xDE13, 0xDE13, 0xDE13, 0xDE13, 0xDE13, 0xDE13, 0xDE13, 0xDE13, 0xDE13,
  0xDE13, 0xDE13, 0xDE13, 0xDE13, 0xDE79, 0xDE79, 0xDE79, 0xDE79, 0xDE79, 0xDE79, 0xDE79, 0xDE79,
  0xDE79, 0xDE79, 0xDE79, 0xDE79, 0xDE79, 0xDE79, 0xDE79, 0xDE79, 0xDE79, 0xDE79, 0xDE79, 0xDE79,
  0xCE59, 0xCE59, 0xCE59, 0xCE59, 0xCE59, 0xCE59, 0xCE59, 0xB926, 0xB926, 0xB926, 0xB926, 0xB926,
  0xB926, 0xB926, 0xB926, 0xCE59, 0xCE59, 0xCE59, 0xCE59, 0xCE59, 0xCE59, 0xCE59, 0xCE59, 0x31A8,
  0x31A8, 0x31A8, 0x31A8, 0x31A8, 0x31A8, 0x31A8, 0x31A8, 0x31A8, 0x31A8, 0x31A8, 0x31A8, 0x31A8,
  0x6CFB, 0x6CFB, 0x6CFB, 0x6CFB, 0x6CFB, 0x6CFB, 0x6CFB, 0x6CFB, 0x6CFB, 0x6CFB, 0xFF7D, 0xFF7D,
  0xFF7D, 0xFF7D, 0xFF7D, 0xFF7D, 0xFF7D, 0xFF7D, 0xFF7D, 0xFF7D, 0xFF7D, 0xFF7D, 0xFF7D, 0xFF7D,
  0xFF7D, 0xFF7D, 0xFF7D, 0xFF7D, 0xFF7D, 0xFF7D, 0xFF7D, 0xFF7D, 0xFF7D, 0xFF7D, 0xFF7D, 0xFF7D,
  0xFF7D, 0xFF7D, 0xFF7D, 0xFF7D, 0xFF7D, 0xFF7D, 0xFF7D, 0xFF7D, 0xFF7D, 0xFF7D, 0xFF7D, 0xFF7D,
  0xFF7D, 0xFF7D, 0xFF7D, 0xFF7D, 0xFF7D, 0xFF7D, 0xFF7D, 0xFF7D, 0xFF7D, 0xFF7D, 0xFF7D, 0xFF7D,
  0xFF7D, 0xFF7D, 0xFF7D, 0xFF7D, 0xFF7D, 0xFF7D, 0xFF7D, 0xFF7D, 0xFF7D, 0xFF7D, 0xFF7D, 0xFF7D,
  0xFF7D, 0xFF7D, 0xFF7D, 0xFF7D, 0xFF7D, 0xFF7D, 0xFF7D, 0xFF7D, 0xFF7D, 0xFF7D, 0xFF7D, 0x6CFB,
  0x6CFB, 0x6CFB, 0x6CFB, 0x6CFB, 0x6CFB, 0x6CFB, 0x6CFB, 0x6CFB, 0x6CFB, 0x6CFB, 0x6CFB, 0x6CFB,
  0x6CFB, 0x6CFB, 0x6CFB, 0x6CFB, 0x6CFB, 0x6CFB, 0x6CFB, 0x6CFB, 0x6CFB, 0x6CFB, 0x6CFB, 0x6CFB,
  0x6CFB, 0x6CFB, 0x6CFB, 0x6CFB, 0x6CFB, 0x6CFB, 0x6CFB, 0x6CFB, 0x6CFB, 0x6CFB, 0x6CFB, 0x6CFB,
  0x6CFB, 0x6CFB, 0x6CFB, 0x6CFB, 0x6CFB, 0x6CFB, 0x6CFB, 0x6CFB, 0x6CFB, 0x6CFB, 0x6CFB, 0x6CFB,
  0x6CFB, 0x6CFB, 0x6CFB, 0x6CFB, 0x6CFB, 0x6CFB, 0x6CFB, 0x6CFB, 0x6CFB, 0x6CFB, 0x6CFB, 0x6CFB,
  0x6CFB, 0x6CFB, 0x6CFB, 0x6CFB, 0x6CFB, 0x6CFB, 0x6CFB, 0x6CFB, 0x6CFB, 0x6CFB, 0x6CFB, 0x6CFB,
  0x6CFB, 0x6CFB, 0x6CFB, 0x6CFB, 0x6CFB, 0x6CFB, 0x6CFB, 0x6CFB, 0x6CFB, 0x6CFB, 0x6CFB, 0x6CFB,
  0x6CFB, 0x6CFB, 0x6CFB, 0x6CFB, 0x6CFB, 0x6CFB, 0x6CFB, 0x6CFB, 0x6CFB, 0x6CFB, 0x6CFB, 0x6CFB,
  0x6CFB, 0x6CFB, 0x6CFB, 0x6CFB, 0x6CFB, 0x6CFB, 0x6CFB, 0x6CFB, 0x6CFB, 0x6CFB, 0x6CFB, 0x6CFB,
  0x6CFB, 0x6CFB, 0x6CFB, 0x6CFB, 0x6CFB, 0x6CFB, 0x6CFB, 0x6CFB, 0x6CFB, 0x6CFB, 0x6CFB, 0x6CFB,
  0x6CFB, 0x6CFB, 0x6CFB, 0x6CFB, 0x6CFB, 0x6CFB, 0x6CFB, 0x6CFB, 0x6CFB, 0x6CFB, 0x6CFB, 0x6CFB,
  0xFEF6, 0xFEF6, 0xFEF6, 0xFEF6, 0xFEF6, 0xFEF6, 0xFEF6, 0xFEF6, 0xFEF6, 0xFEF6, 0xFEF6, 0xFEF6,
  0xFEF6, 0xFEF6, 0xFEF6, 0xFEF6, 0xFEF6, 0xFEF6, 0xFEF6, 0xFF57, 0xFF57, 0xFF57, 0xFF57, 0xFF57,
  0xFF57, 0xFF57, 0xFF57, 0xFF57, 0xFF57, 0xFF57, 0xFEF6, 0xFEF6, 0xFEF6, 0xFEF6, 0xFEF6, 0xFEF6,
  0xFEF6, 0xFEF6, 0xFEF6, 0xFEF6, 0xFEF6, 0xFEF6, 0xFEF6, 0xFEF6, 0xFEF6, 0xFEF6, 0xFEF6, 0xFEF6,
  0xECB5, 0xFF7D, 0xFF7D, 0xFF7D, 0xFF7D, 0xFF7D, 0xFF7D, 0xFF7D, 0xFF7D, 0xFF7D, 0xFF7D, 0xFF7D,
  0xFF7D, 0xFF7D, 0xFF7D, 0xFF7D, 0xFF7D, 0xEF5D, 0xEF5D, 0xEF5D, 0xEF5D, 0xEF5D, 0xEF5D, 0xEF5D,
  0xD167, 0xD167, 0xD167, 0xD167, 0xD167, 0xD167, 0xD167, 0xD167, 0xEF5D, 0xEF5D, 0xEF5D, 0xEF5D,
  0xEF5D, 0xEF5D, 0xEF5D, 0x39EA, 0x39EA, 0x39EA, 0x39EA, 0x39EA, 0x39EA, 0x39EA, 0x39EA, 0x39EA,
  0x39EA, 0x39EA, 0x39EA, 0x39EA, 0x39EA, 0x39EA, 0x39EA, 0x39EA, 0x6458, 0x6458, 0x6458, 0x6458,
  0x6458, 0x6458, 0x6458, 0x6458, 0x6458, 0x6458, 0x6458, 0xDE79, 0xDE79, 0xDE79, 0xDE79, 0xDE79,
  0xDE79, 0xDE79, 0xDE79, 0xDE79, 0xDE79, 0xDE79, 0xDE79, 0xDE79, 0xDE79, 0xDE79, 0xDE79, 0xDE79,
  0xDE79, 0xDE79, 0xDE79, 0xDE79, 0xDE79, 0xDE79, 0xDE79, 0xDE79, 0xDE79, 0xDE79, 0xDE79, 0xDE79,
  0xDE79, 0xDE79, 0xDE79, 0xDE79, 0xDE79, 0xDE79, 0xDE79, 0xDE79, 0xDE79, 0xDE79, 0xDE79, 0xDE79,
  0xDE79, 0xDE79, 0xDE79, 0xDE79, 0xDE79, 0xDE79, 0xDE79, 0xDE79, 0xDE79, 0xDE79, 0xDE79, 0xDE79,
  0xDE79, 0xDE79, 0xDE79, 0xDE79, 0xDE79, 0xDE79, 0xDE79, 0xDE79, 0xDE79, 0xDE79, 0xDE79, 0xDE79,
  0xDE79, 0xDE79, 0xDE79, 0xDE79, 0xDE79, 0xDE79, 0xCC12, 0x6458, 0x6458, 0x6458, 0x6458, 0x6458,
  0x6458, 0x6458, 0x6458, 0x6458, 0x6458, 0x6458, 0x6458, 0x6458, 0x6458, 0x6458, 0x6458, 0x6458,
  0x6458, 0x6458, 0x6458, 0x6458, 0x6458, 0x6458, 0x6458, 0x6458, 0x6458, 0x6458, 0x6458, 0x6458,
  0x6458, 0x6458, 0x6458, 0x6458, 0x6458, 0x6458, 0x6458, 0x6458, 0x6458, 0x6458, 0x6458, 0x6458,
  0x6458, 0x6458, 0x6458, 0x6458, 0x6458, 0x6458, 0x6458, 0x6458, 0x6458, 0x6458, 0x6458, 0x6458,
  0x6458, 0x6458, 0x6458, 0x6458, 0x6458, 0x6458, 0x6458, 0x6458, 0x6458, 0x6458, 0x6458, 0x6458,
  0x6458, 0x6458, 0x6458, 0x6458, 0x6458, 0x6458, 0x6458, 0x6458, 0x6458, 0x6458, 0x6458, 0x6458,
  0x6458, 0x6458, 0x6458, 0x6458, 0x6458, 0x6458, 0x6458, 0x6458, 0x6458, 0x6458, 0x6458, 0x6458,
  0x6458, 0x6458, 0x6458, 0x6458, 0x6458, 0x6458, 0x6458, 0x6458, 0x6458, 0x6458, 0x6458, 0x6458,
  0x6458, 0x6458, 0x6458, 0x6458, 0x6458, 0x6458, 0x6458, 0x6458, 0x6458, 0x6458, 0x6458, 0x6458,
  0x6458, 0x6458, 0x6458, 0x6458, 0x6458, 0x6458, 0x6458, 0x6458, 0x6458, 0x6458, 0x6458, 0x6458,
  0x6458, 0x6458, 0x6458, 0x6458, 0x6458, 0x6458, 0x6458, 0xDE13, 0xDE13, 0xDE13, 0xDE13, 0xDE13,
  0xDE13, 0xDE13, 0xDE13, 0xDE13, 0xDE13, 0xDE13, 0xDE13, 0xDE13, 0xDE13, 0xDE13, 0xDE13, 0xDE13,
  0xDE54, 0xDE54, 0xDE54, 0xDE54, 0xDE54, 0xDE54, 0xDE54, 0xDE54, 0xDE54, 0xDE54, 0xDE54, 0xDE54,
  0xDE54, 0xDE54, 0xDE54, 0xDE54, 0xDE54, 0xDE13, 0xDE13, 0xDE13, 0xDE13, 0xDE13, 0xDE13, 0xDE13,
  0xDE13, 0xDE13, 0xDE13, 0xDE13, 0xDE13, 0xDE13, 0xDE13, 0xCC12, 0xCC12, 0xCC12, 0xDE79, 0xDE79,
  0xDE79, 0xDE79, 0xDE79, 0xDE79, 0xDE79, 0xDE79, 0xDE79, 0xDE79, 0xDE79, 0xDE79, 0xCE59, 0xCE59,
  0xCE59, 0xCE59, 0xCE59, 0xCE59, 0xCE59, 0xB926, 0xB926, 0xB926, 0xB926, 0xB926, 0xB926, 0xB926,
  0xCE59, 0xCE59, 0xCE59, 0xCE59, 0xCE59, 0xCE59, 0xCE59, 0xCE59, 0x31A8, 0x31A8, 0x31A8, 0x31A8,
  0x31A8, 0x31A8, 0x31A8, 0x31A8, 0x31A8, 0x31A8, 0x31A8, 0x31A8, 0x31A8, 0x31A8, 0x31A8, 0x31A8,
  0x31A8, 0x31A8, 0x31A8, 0x31A8, 0x6CFB, 0x6CFB, 0x6CFB, 0x6CFB, 0x6CFB, 0x6CFB, 0x6CFB, 0x6CFB,
  0x6CFB, 0x6CFB, 0x6CFB, 0xECB5, 0xECB5, 0xFF7D, 0xFF7D, 0xFF7D, 0xFF7D, 0xFF7D, 0xFF7D, 0xFF7D,
  0xFF7D, 0xFF7D, 0xFF7D, 0xFF7D, 0xFF7D, 0xFF7D, 0xFF7D, 0xFF7D, 0xFF7D, 0xFF7D, 0xFF7D, 0xFF7D,
  0xFF7D, 0xFF7D, 0xFF7D, 0xFF7D, 0xFF7D, 0xFF7D, 0xFF7D, 0xFF7D, 0xFF7D, 0xFF7D, 0xFF7D, 0xFF7D,
  0xFF7D, 0xFF7D, 0xFF7D, 0xFF7D, 0xFF7D, 0xFF7D, 0xFF7D, 0xFF7D, 0xFF7D, 0xFF7D, 0xFF7D, 0xFF7D,
  0xFF7D, 0xFF7D, 0xFF7D, 0xFF7D, 0xFF7D, 0xFF7D, 0xFF7D, 0xFF7D, 0xFF7D, 0xFF7D, 0xFF7D, 0xFF7D,
  0xFF7D, 0xFF7D, 0xFF7D, 0xFF7D, 0xFF7D, 0xFF7D, 0xFF7D, 0xFF7D, 0xFF7D, 0xFF7D, 0xFF7D, 0xECB5,
  0xECB5, 0xECB5, 0xECB5, 0xECB5, 0x6CFB, 0x6CFB, 0x6CFB, 0x6CFB, 0x6CFB, 0x6CFB, 0x6CFB, 0x6CFB,
  0x6CFB, 0x6CFB, 0x6CFB, 0x6CFB, 0x6CFB, 0x6CFB, 0x6CFB, 0x6CFB, 0x6CFB, 0x6CFB, 0x6CFB, 0x6CFB,
  0x6CFB, 0x6CFB, 0x6CFB, 0x6CFB, 0x6CFB, 0x6CFB, 0x6CFB, 0x6CFB, 0x6CFB, 0x6CFB, 0x6CFB, 0x6CFB,
  0x6CFB, 0x6CFB, 0x6CFB, 0x6CFB, 0x6CFB, 0x6CFB, 0x6CFB, 0x6CFB, 0x6CFB, 0x6CFB, 0x6CFB, 0x6CFB,
  0x6CFB, 0x6CFB, 0x6CFB, 0x6CFB, 0x6CFB, 0x6CFB, 0x6CFB, 0x6CFB, 0x6CFB, 0x6CFB, 0x6CFB, 0x6CFB,
  0x6CFB, 0x6CFB, 0x6CFB, 0x6CFB, 0x6CFB, 0x6CFB, 0x6CFB, 0x6CFB, 0x6CFB, 0x6CFB, 0x6CFB, 0x6CFB,
  0x6CFB, 0x6CFB, 0x6CFB, 0x6CFB, 0x6CFB, 0x6CFB, 0x6CFB, 0x6CFB, 0x6CFB, 0x6CFB, 0x6CFB, 0x6CFB,
  0x6CFB, 0x6CFB, 0x6CFB, 0x6CFB, 0x6CFB, 0x6CFB, 0x6CFB, 0x6CFB, 0x6CFB, 0x6CFB, 0x6CFB, 0x6CFB,
  0x6CFB, 0x6CFB, 0x6CFB, 0x6CFB, 0x6CFB, 0x6CFB, 0x6CFB, 0x6CFB, 0x6CFB, 0x6CFB, 0x6CFB, 0x6CFB,
  0x6CFB, 0x6CFB, 0x6CFB, 0x6CFB, 0x6CFB, 0x6CFB, 0x6CFB, 0x6CFB, 0x6CFB, 0x6CFB, 0x6CFB, 0x6CFB,
  0x6CFB, 0x6CFB, 0x6CFB, 0x6CFB, 0x6CFB, 0x6CFB, 0x6CFB, 0x6CFB, 0x6CFB, 0x6CFB, 0x6CFB, 0x6CFB,
  0x6CFB, 0x6CFB, 0xFEF6, 0xFEF6, 0xFEF6, 0xFEF6, 0xFEF6, 0xFEF6, 0xFEF6, 0xFEF6, 0xFEF6, 0xFEF6,
  0xFEF6, 0xFEF6, 0xFEF6, 0xFEF6, 0xFEF6, 0xFF57, 0xFF57, 0xFF57, 0xFF57, 0xFF57, 0xFF57, 0xFF57,
  0xFF57, 0xFF57, 0xFF57, 0xFF57, 0xFF57, 0xFF57, 0xFF57, 0xFF57, 0xFF57, 0xFF57, 0xFF57, 0xFF57,
  0xFF57, 0xFF57, 0xFF57, 0xFF57, 0xFEF6, 0xFEF6, 0xFEF6, 0xFEF6, 0xFEF6, 0xFEF6, 0xFEF6, 0xFEF6,
  0xFEF6, 0xFEF6, 0xFEF6, 0xFEF6, 0xECB5, 0xECB5, 0xECB5, 0xECB5, 0xFF7D, 0xFF7D, 0xFF7D, 0xFF7D,
  0xFF7D, 0xFF7D, 0xFF7D, 0xEF5D, 0xEF5D, 0xEF5D, 0xEF5D, 0xEF5D, 0xEF5D, 0xEF5D, 0xD167, 0xD167,
  0xD167, 0xD167, 0xD167, 0xD167, 0xD167, 0xEF5D, 0xEF5D, 0xEF5D, 0xEF5D, 0xEF5D, 0xEF5D, 0xEF5D,
  0xEF5D, 0x39EA, 0x39EA, 0x39EA, 0x39EA, 0x39EA, 0x39EA, 0x39EA, 0x39EA, 0x39EA, 0x39EA, 0x39EA,
  0x39EA, 0x39EA, 0x39EA, 0x39EA, 0x39EA, 0x39EA, 0x39EA, 0x39EA, 0x39EA, 0x39EA, 0x39EA, 0x39EA,
  0x6458, 0x6458, 0x6458, 0x6458, 0x6458, 0x6458, 0x6458, 0x6458, 0x6458, 0x6458, 0xCC12, 0xCC12,
  0xCC12, 0xCC12, 0xDE79, 0xDE79, 0xDE79, 0xDE79, 0xDE79, 0xDE79, 0xDE79, 0xDE79, 0xDE79, 0xDE79,
  0xDE79, 0xDE79, 0xDE79, 0xDE79, 0xDE79, 0xDE79, 0xDE79, 0xDE79, 0xDE79, 0xDE79, 0xDE79, 0xDE79,
  0xDE79, 0xDE79, 0xDE79, 0xDE79, 0xDE79, 0xDE79, 0xDE79, 0xDE79, 0xDE79, 0xDE79, 0xDE79, 0xDE79,
  0xDE79, 0xDE79, 0xDE79, 0xDE79, 0xDE79, 0xDE79, 0xDE79, 0xDE79, 0xDE79, 0xDE79, 0xDE79, 0xDE79,
  0xDE79, 0xDE79, 0xDE79, 0xDE79, 0xDE79, 0xDE79, 0xDE79, 0xDE79, 0xDE79, 0xDE79, 0xDE79, 0xDE79,
  0xDE79, 0xDE79, 0xDE79, 0xDE79, 0xDE79, 0xDE79, 0xDE79, 0xCC12, 0xCC12, 0xCC12, 0xCC12, 0x6458,
  0x6458, 0x6458, 0x6458, 0x6458, 0x6458, 0x6458, 0x6458, 0x6458, 0x6458, 0x6458, 0x6458, 0x6458,
  0x6458, 0x6458, 0x6458, 0x6458, 0x6458, 0x6458, 0x6458, 0x6458, 0x6458, 0x6458, 0x6458, 0x6458,
  0x6458, 0x6458, 0x6458, 0x6458, 0x6458, 0x6458, 0x6458, 0x6458, 0x6458, 0x6458, 0x6458, 0x6458,
  0x6458, 0x6458, 0x6458, 0x6458, 0x6458, 0x6458, 0x6458, 0x6458, 0x6458, 0x6458, 0x6458, 0x6458,
  0x6458, 0x6458, 0x6458, 0x6458, 0x6458, 0x6458, 0x6458, 0x6458, 0x6458, 0x6458, 0x6458, 0x6458,
  0x6458, 0x6458, 0x6458, 0x6458, 0x6458, 0x6458, 0x6458, 0x6458, 0x6458, 0x6458, 0x6458, 0x6458,
  0x6458, 0x6458, 0x6458, 0x6458, 0x6458, 0x6458, 0x6458, 0x6458, 0x6458, 0x6458, 0x6458, 0x6458,
  0x6458, 0x6458, 0x6458, 0x6458, 0x6458, 0x6458, 0x6458, 0x6458, 0x6458, 0x6458, 0x6458, 0x6458,
  0x6458, 0x6458, 0x6458, 0x6458, 0x6458, 0x6458, 0x6458, 0x6458, 0x6458, 0x6458, 0x6458, 0x6458,
  0x6458, 0x6458, 0x6458, 0x6458, 0x6458, 0x6458, 0x6458, 0x6458, 0x6458, 0x6458, 0x6458, 0x6458,
  0x6458, 0x6458, 0x6458, 0x6458, 0x6458, 0x6458, 0x6458, 0x6458, 0x6458, 0xDE13, 0xDE13, 0xDE13,
  0xDE13, 0xDE13, 0xDE13, 0xDE13, 0xDE13, 0xDE13, 0xDE13, 0xDE13, 0xDE13, 0xDE13, 0xDE13, 0xDE54,
  0xDE54, 0xDE54, 0xDE54, 0xDE54, 0xDE54, 0xDE54, 0xDE54, 0xDE54, 0xDE54, 0xDE54, 0xDE54, 0xDE54,
  0xDE54, 0xDE54, 0xDE54, 0xDE54, 0xDE54, 0xDE54, 0xDE54, 0xDE54, 0xDE54, 0xDE54, 0xDE54, 0xDE54,
  0xDE54, 0xDE54, 0xDE13, 0xDE13, 0xDE13, 0xDE13, 0xDE13, 0xDE13, 0xDE13, 0xDE13, 0xDE13, 0xDE13,
  0xDE13, 0xCC12, 0xCC12, 0xCC12, 0xCC12, 0xCC12, 0xCC12, 0xDE79, 0xCE59, 0xCE59, 0xCE59, 0xCE59,
  0xCE59, 0xCE59, 0xB926, 0xB926, 0xB926, 0xB926, 0xB926, 0xB926, 0xB926, 0xB926, 0xCE59, 0xCE59,
  0xCE59, 0xCE59, 0xCE59, 0xCE59, 0xCE59, 0x31A8, 0x31A8, 0x31A8, 0x31A8, 0x31A8, 0x31A8, 0x31A8,
  0x31A8, 0x31A8, 0x31A8, 0x31A8, 0x31A8, 0x31A8, 0x31A8, 0x31A8, 0x31A8, 0x31A8, 0x31A8, 0x31A8,
  0x31A8, 0x31A8, 0x31A8, 0x31A8, 0x31A8, 0x31A8, 0x31A8, 0x31A8, 0x857C, 0x857C, 0x857C, 0x857C,
  0x857C, 0x857C, 0x857C, 0x857C, 0x857C, 0x857C, 0x857C, 0xECB5, 0xECB5, 0xECB5, 0xECB5, 0xECB5,
  0xFF7D, 0xFF7D, 0xFF7D, 0xFF7D, 0xFF7D, 0xFF7D, 0xFF7D, 0xFF7D, 0xFF7D, 0xFF7D, 0xFF7D, 0xFF7D,
  0xFF7D, 0xFF7D, 0xFF7D, 0xFF7D, 0xFF7D, 0xFF7D, 0xFF7D, 0xFF7D, 0xFF7D, 0xFF7D, 0xFF7D, 0xFF7D,
  0xFF7D, 0xFF7D, 0xFF7D, 0xFF7D, 0xFF7D, 0xFF7D, 0xFF7D, 0xFF7D, 0xFF7D, 0xFF7D, 0xFF7D, 0xFF7D,
  0xFF7D, 0xFF7D, 0xFF7D, 0xFF7D, 0xFF7D, 0xFF7D, 0xFF7D, 0xFF7D, 0xFF7D, 0xFF7D, 0xFF7D, 0xFF7D,
  0xFF7D, 0xFF7D, 0xFF7D, 0xFF7D, 0xFF7D, 0xFF7D, 0xFF7D, 0xFF7D, 0xFF7D, 0xFF7D, 0xFF7D, 0xFF7D,
  0xFF7D, 0xECB5, 0xECB5, 0xECB5, 0xECB5, 0xECB5, 0x857C, 0x857C, 0x857C, 0x857C, 0x857C, 0x857C,
  0x857C, 0x857C, 0x857C, 0x857C, 0x857C, 0x857C, 0x857C, 0x857C, 0x857C, 0x857C, 0x857C, 0x857C,
  0x857C, 0x857C, 0x857C, 0x857C, 0x857C, 0x857C, 0x857C, 0x857C, 0x857C, 0x857C, 0x857C, 0x857C,
  0x857C, 0x857C, 0x857C, 0x857C, 0x857C, 0x857C, 0x857C, 0x857C, 0x857C, 0x857C, 0x857C, 0x857C,
  0x857C, 0x857C, 0x857C, 0x857C, 0x857C, 0x857C, 0x857C, 0x857C, 0x857C, 0x857C, 0x857C, 0x857C,
  0x857C, 0x857C, 0x857C, 0x857C, 0x857C, 0x857C, 0x857C, 0x857C, 0x857C, 0x857C, 0x857C, 0x857C,
  0x857C, 0x857C, 0x857C, 0x857C, 0x857C, 0x857C, 0x857C, 0x857C, 0x857C, 0x857C, 0x857C, 0x857C,
  0x857C, 0x857C, 0x857C, 0x857C, 0x857C, 0x857C, 0x857C, 0x857C, 0x857C, 0x857C, 0x857C, 0x857C,
  0x857C, 0x857C, 0x857C, 0x857C, 0x857C, 0x857C, 0x857C, 0x857C, 0x857C, 0x857C, 0x857C, 0x857C,
  0x857C, 0x857C, 0x857C, 0x857C, 0x857C, 0x857C, 0x857C, 0x857C, 0x857C, 0x857C, 0x857C, 0x857C,
  0x857C, 0x857C, 0x857C, 0x857C, 0x857C, 0x857C, 0x857C, 0x857C, 0x857C, 0x857C, 0x857C, 0x857C,
  0x857C, 0x857C, 0x857C, 0x857C, 0xFEF6, 0xFEF6, 0xFEF6, 0xFEF6, 0xFEF6, 0xFEF6, 0xFEF6, 0xFEF6,
  0xFEF6, 0xFEF6, 0xFEF6, 0xFEF6, 0xFEF6, 0xFEF6, 0xFF57, 0xFF57, 0xFF57, 0xFF57, 0xFF57, 0xFF57,
  0xFF57, 0xFF57, 0xFF57, 0xFF57, 0xFF57, 0xFF57, 0xFF57, 0xFF57, 0xFF57, 0xFF57, 0xFF57, 0xFF57,
  0xFF57, 0xFF57, 0xFF57, 0xFF57, 0xFF57, 0xFF57, 0xFF57, 0xFF57, 0xFF57, 0xFF57, 0xFF57, 0xFEF6,
  0xFEF6, 0xFEF6, 0xFEF6, 0xFEF6, 0xFEF6, 0xFEF6, 0xFEF6, 0xFEF6, 0xFEF6, 0xFEF6, 0xECB5, 0xECB5,
  0xECB5, 0xEF5D, 0xEF5D, 0xEF5D, 0xEF5D, 0xEF5D, 0xEF5D, 0xD167, 0xD167, 0xD167, 0xD167, 0xD167,
  0xD167, 0xD167, 0xD167, 0xEF5D, 0xEF5D, 0xEF5D, 0xEF5D, 0xEF5D, 0xEF5D, 0xEF5D, 0x39EA, 0x39EA,
  0x39EA, 0x39EA, 0x39EA, 0x39EA, 0x39EA, 0x39EA, 0x39EA, 0x39EA, 0x39EA, 0x39EA, 0x39EA, 0x39EA,
  0x39EA, 0x39EA, 0x39EA, 0x39EA, 0x39EA, 0x39EA, 0x39EA, 0x39EA, 0x39EA, 0x39EA, 0x39EA, 0x39EA,
  0x39EA, 0x39EA, 0x39EA, 0x39EA, 0x74B8, 0x74B8, 0x74B8, 0x74B8, 0x74B8, 0x74B8, 0x74B8, 0x74B8,
  0x74B8, 0x74B8, 0x74B8, 0x74B8, 0x74B8, 0xCC12, 0xCC12, 0xCC12, 0xCC12, 0xCC12, 0xCC12, 0xCC12,
  0xCC12, 0xDE79, 0xDE79, 0xDE79, 0xDE79, 0xDE79, 0xDE79, 0xDE79, 0xDE79, 0xDE79, 0xDE79, 0xDE79,
  0xDE79, 0xDE79, 0xDE79, 0xDE79, 0xDE79, 0xDE79, 0xDE79, 0xDE79, 0xDE79, 0xDE79, 0xDE79, 0xDE79,
  0xDE79, 0xDE79, 0xDE79, 0xDE79, 0xDE79, 0xDE79, 0xDE79, 0xDE79, 0xDE79, 0xDE79, 0xDE79, 0xDE79,
  0xDE79, 0xDE79, 0xDE79, 0xDE79, 0xDE79, 0xDE79, 0xDE79, 0xDE79, 0xDE79, 0xDE79, 0xDE79, 0xDE79,
  0xDE79, 0xDE79, 0xDE79, 0xDE79, 0xCC12, 0xCC12, 0xCC12, 0xCC12, 0xCC12, 0xCC12, 0xCC12, 0x74B8,
  0x74B8, 0x74B8, 0x74B8, 0x74B8, 0x74B8, 0x74B8, 0x74B8, 0x74B8, 0x74B8, 0x74B8, 0x74B8, 0x74B8,
  0x74B8, 0x74B8, 0x74B8, 0x74B8, 0x74B8, 0x74B8, 0x74B8, 0x74B8, 0x74B8, 0x74B8, 0x74B8, 0x74B8,
  0x74B8, 0x74B8, 0x74B8, 0x74B8, 0x74B8, 0x74B8, 0x74B8, 0x74B8, 0x74B8, 0x74B8, 0x74B8, 0x74B8,
  0x74B8, 0x74B8, 0x74B8, 0x74B8, 0x74B8, 0x74B8, 0x74B8, 0x74B8, 0x74B8, 0x74B8, 0x74B8, 0x74B8,
  0x74B8, 0x74B8, 0x74B8, 0x74B8, 0x74B8, 0x74B8, 0x74B8, 0x74B8, 0x74B8, 0x74B8, 0x74B8, 0x74B8,
  0x74B8, 0x74B8, 0x74B8, 0x74B8, 0x74B8, 0x74B8, 0x74B8, 0x74B8, 0x74B8, 0x74B8, 0x74B8, 0x74B8,
  0x74B8, 0x74B8, 0x74B8, 0x74B8, 0x74B8, 0x74B8, 0x74B8, 0x74B8, 0x74B8, 0x74B8, 0x74B8, 0x74B8,
  0x74B8, 0x74B8, 0x74B8, 0x74B8, 0x74B8, 0x74B8, 0x74B8, 0x74B8, 0x74B8, 0x74B8, 0x74B8, 0x74B8,
  0x74B8, 0x74B8, 0x74B8, 0x74B8, 0x74B8, 0x74B8, 0x74B8, 0x74B8, 0x74B8, 0x74B8, 0x74B8, 0x74B8,
  0x74B8, 0x74B8, 0x74B8, 0x74B8, 0x74B8, 0x74B8, 0x74B8, 0x74B8, 0x74B8, 0x74B8, 0x74B8, 0x74B8,
  0x74B8, 0x74B8, 0x74B8, 0x74B8, 0x74B8, 0x74B8, 0x74B8, 0x74B8, 0x74B8, 0x74B8, 0x74B8, 0x74B8,
  0xDE13, 0xDE13, 0xDE13, 0xDE13, 0xDE13, 0xDE13, 0xDE13, 0xDE13, 0xDE13, 0xDE13, 0xDE13, 0xDE13,
  0xDE54, 0xDE54, 0xDE54, 0xDE54, 0xDE54, 0xDE54, 0xDE54, 0xDE54, 0xDE54, 0xDE54, 0xDE54, 0xDE54,
  0xDE54, 0xDE54, 0xDE54, 0xDE54, 0xDE54, 0xDE54, 0xDE54, 0xDE54, 0xDE54, 0xDE54, 0xDE54, 0xDE54,
  0xDE54, 0xDE54, 0xDE54, 0xDE54, 0xDE54, 0xDE54, 0xDE54, 0xDE54, 0xDE54, 0xDE13, 0xDE13, 0xDE13,
  0xDE13, 0xDE13, 0xDE13, 0xDE13, 0xDE13, 0xDE13, 0xCE59, 0xCE59, 0xCE59, 0xCE59, 0xCE59, 0xCE59,
  0xB946, 0xB946, 0xB946, 0xB926, 0xB926, 0xB926, 0xB926, 0xCE59, 0xCE59, 0xCE59, 0xCE59, 0xCE59,
  0xCE59, 0xCE59, 0x31A8, 0x31A8, 0x31A8, 0x31A8, 0x31A8, 0x31A8, 0x31A8, 0x31A8, 0x31A8, 0x31A8,
  0x31A8, 0x31A8, 0x31A8, 0x31A8, 0x31A8, 0x31A8, 0x31A8, 0x31A8, 0x31A8, 0x31A8, 0x31A8, 0x31A8,
  0x31A8, 0x31A8, 0x31A8, 0x31A8, 0x31A8, 0x31A8, 0x31A8, 0x31A8, 0x31A8, 0x31A8, 0x31A8, 0x31A8,
  0x857C, 0x857C, 0x857C, 0x857C, 0x857C, 0x857C, 0x857C, 0x857C, 0x857C, 0x857C, 0x857C, 0x857C,
  0x857C, 0x857C, 0xECB5, 0xECB5, 0xECB5, 0xECB5, 0xECB5, 0xECB5, 0xECB5, 0xECB5, 0xECB5, 0xECB5,
  0xECB5, 0xECB5, 0xECB5, 0xECB5, 0xECB5, 0xECB5, 0xECB5, 0xFF7D, 0xFF7D, 0xFF7D, 0xFF7D, 0xFF7D,
  0xFF7D, 0xFF7D, 0xFF7D, 0xFF7D, 0xFF7D, 0xFF7D, 0xFF7D, 0xFF7D, 0xFF7D, 0xFF7D, 0xFF7D, 0xFF7D,
  0xFF7D, 0xFF7D, 0xFF7D, 0xFF7D, 0xFF7D, 0xFF7D, 0xFF7D, 0xFF7D, 0xFF7D, 0xFF7D, 0xFF7D, 0xFF7D,
  0xFF7D, 0xFF7D, 0xECB5, 0xECB5, 0xECB5, 0xECB5, 0xECB5, 0xECB5, 0xECB5, 0xECB5, 0xECB5, 0xECB5,
  0xECB5, 0xECB5, 0xECB5, 0xECB5, 0xECB5, 0xECB5, 0xECB5, 0x857C, 0x857C, 0x857C, 0x857C, 0x857C,
  0x857C, 0x857C, 0x857C, 0x857C, 0x857C, 0x857C, 0x857C, 0x857C, 0x857C, 0x857C, 0x857C, 0x857C,
  0x857C, 0x857C, 0x857C, 0x857C, 0x857C, 0x857C, 0x857C, 0x857C, 0x857C, 0x857C, 0x857C, 0x857C,
  0x857C, 0x857C, 0x857C, 0x857C, 0x857C, 0x857C, 0x857C, 0x857C, 0x857C, 0x857C, 0x857C, 0x857C,
  0x857C, 0x857C, 0x857C, 0x857C, 0x857C, 0x857C, 0x857C, 0x857C, 0x857C, 0x857C, 0x857C, 0x857C,
  0x857C, 0x857C, 0x857C, 0x857C, 0x857C, 0x857C, 0x857C, 0x857C, 0x857C, 0x857C, 0x857C, 0x857C,
  0x857C, 0x857C, 0x857C, 0x857C, 0x857C, 0x857C, 0x857C, 0x857C, 0x857C, 0x857C, 0x857C, 0x857C,
  0x857C, 0x857C, 0x857C, 0x857C, 0x857C, 0x857C, 0x857C, 0x857C, 0x857C, 0x857C, 0x857C, 0x857C,
  0x857C, 0x857C, 0x857C, 0x857C, 0x857C, 0x857C, 0x857C, 0x857C, 0x857C, 0x857C, 0x857C, 0x857C,
  0x857C, 0x857C, 0x857C, 0x857C, 0x857C, 0x857C, 0x857C, 0x857C, 0x857C, 0x857C, 0x857C, 0x857C,
  0x857C, 0x857C, 0x857C, 0x857C, 0x857C, 0x857C, 0x857C, 0x857C, 0x857C, 0x857C, 0x857C, 0x857C,
  0x857C, 0x857C, 0x857C, 0x857C, 0x857C, 0x857C, 0x857C, 0xFEF6, 0xFEF6, 0xFEF6, 0xFEF6, 0xFEF6,
  0xFEF6, 0xFEF6, 0xFEF6, 0xFEF6, 0xFEF6, 0xFEF6, 0xFEF6, 0xFF57, 0xFF57, 0xFF57, 0xFF57, 0xFF57,
  0xFF57, 0xFF57, 0xFF57, 0xFF57, 0xFF57, 0xFF57, 0xFF57, 0xFF57, 0xFF57, 0xFF57, 0xFF57, 0xFF57,
  0xFF57, 0xFF57, 0xFF57, 0xFF57, 0xFF57, 0xFF57, 0xFF57, 0xFF57, 0xFF57, 0xFF57, 0xFF57, 0xFF57,
  0xFF57, 0xFF57, 0xFF57, 0xFF57, 0xFF57, 0xFF57, 0xFEF6, 0xFEF6, 0xFEF6, 0xFEF6, 0xFEF6, 0xEF5D,
  0xEF5D, 0xEF5D, 0xEF5D, 0xEF5D, 0xEF5D, 0xD987, 0xD987, 0xD987, 0xD987, 0xD987, 0xD987, 0xD167,
  0xEF5D, 0xEF5D, 0xEF5D, 0xEF5D, 0xEF5D, 0xEF5D, 0xEF5D, 0x39EA, 0x39EA, 0x39EA, 0x39EA, 0x39EA,
  0x39EA, 0x39EA, 0x39EA, 0x39EA, 0x39EA, 0x39EA, 0x39EA, 0x39EA, 0x39EA, 0x39EA, 0x39EA, 0x39EA,
  0x39EA, 0x39EA, 0x39EA, 0x39EA, 0x39EA, 0x39EA, 0x39EA, 0x39EA, 0x39EA, 0x39EA, 0x39EA, 0x39EA,
  0x39EA, 0x39EA, 0x39EA, 0x39EA, 0x39EA, 0x39EA, 0x39EA, 0x39EA, 0x74B8, 0x74B8, 0x74B8, 0x74B8,
  0x74B8, 0x74B8, 0x74B8, 0x74B8, 0x74B8, 0x74B8, 0x74B8, 0x74B8, 0x74B8, 0x74B8, 0x74B8, 0x74B8,
  0xCC12, 0xCC12, 0xCC12, 0xCC12, 0xCC12, 0xCC12, 0xCC12, 0xCC12, 0xCC12, 0xCC12, 0xCC12, 0xCC12,
  0xCC12, 0xCC12, 0xCC12, 0xCC12, 0xCC12, 0xCC12, 0xCC12, 0xCC12, 0xCC12, 0xCC12, 0xCC12, 0xCC12,
  0xCC12, 0xCC12, 0xCC12, 0xCC12, 0xCC12, 0xCC12, 0xCC12, 0xCC12, 0xCC12, 0xCC12, 0xCC12, 0xCC12,
  0xCC12, 0xCC12, 0xCC12, 0xCC12, 0xCC12, 0xCC12, 0xCC12, 0xCC12, 0xCC12, 0xCC12, 0xCC12, 0xCC12,
  0xCC12, 0xCC12, 0xCC12, 0xCC12, 0xCC12, 0xCC12, 0xCC12, 0xCC12, 0xCC12, 0xCC12, 0xCC12, 0xCC12,
  0xCC12, 0x74B8, 0x74B8, 0x74B8, 0x74B8, 0x74B8, 0x74B8, 0x74B8, 0x74B8, 0x74B8, 0x74B8, 0x74B8,
  0x74B8, 0x74B8, 0x74B8, 0x74B8, 0x74B8, 0x74B8, 0x74B8, 0x74B8, 0x74B8, 0x74B8, 0x74B8, 0x74B8,
  0x74B8, 0x74B8, 0x74B8, 0x74B8, 0x74B8, 0x74B8, 0x74B8, 0x74B8, 0x74B8, 0x74B8, 0x74B8, 0x74B8,
  0x74B8, 0x74B8, 0x74B8, 0x74B8, 0x74B8, 0x74B8, 0x74B8, 0x74B8, 0x74B8, 0x74B8, 0x74B8, 0x74B8,
  0x74B8, 0x74B8, 0x74B8, 0x74B8, 0x74B8, 0x74B8, 0x74B8, 0x74B8, 0x74B8, 0x74B8, 0x74B8, 0x74B8,
  0x74B8, 0x74B8, 0x74B8, 0x74B8, 0x74B8, 0x74B8, 0x74B8, 0x74B8, 0x74B8, 0x74B8, 0x74B8, 0x74B8,
  0x74B8, 0x74B8, 0x74B8, 0x74B8, 0x74B8, 0x74B8, 0x74B8, 0x74B8, 0x74B8, 0x74B8, 0x74B8, 0x74B8,
  0x74B8, 0x74B8, 0x74B8, 0x74B8, 0x74B8, 0x74B8, 0x74B8, 0x74B8, 0x74B8, 0x74B8, 0x74B8, 0x74B8,
  0x74B8, 0x74B8, 0x74B8, 0x74B8, 0x74B8, 0x74B8, 0x74B8, 0x74B8, 0x74B8, 0x74B8, 0x74B8, 0x74B8,
  0x74B8, 0x74B8, 0x74B8, 0x74B8, 0x74B8, 0x74B8, 0x74B8, 0x74B8, 0x74B8, 0x74B8, 0x74B8, 0x74B8,
  0x74B8, 0x74B8, 0x74B8, 0x74B8, 0x74B8, 0x74B8, 0x74B8, 0x74B8, 0x74B8, 0x74B8, 0x74B8, 0x74B8,
  0x74B8, 0x74B8, 0xDE13, 0xDE13, 0xDE13, 0xDE13, 0xDE13, 0xDE13, 0xDE13, 0xDE13, 0xDE13, 0xDE13,
  0xDE13, 0xDE13, 0xDE54, 0xDE54, 0xDE54, 0xDE54, 0xDE54, 0xDE54, 0xDE54, 0xDE54, 0xDE54, 0xDE54,
  0xDE54, 0xDE54, 0xDE54, 0xDE54, 0xDE54, 0xDE54, 0xDE54, 0xDE54, 0xDE54, 0xDE54, 0xDE54, 0xDE54,
  0xDE54, 0xDE54, 0xDE54, 0xDE54, 0xDE54, 0xDE54, 0xDE54, 0xDE54, 0xDE54, 0xDE54, 0xDE54, 0xDE54,
  0xDE54, 0xDE54, 0xDE54, 0xDE13, 0xCE59, 0xCE59, 0xCE59, 0xCE59, 0xCE59, 0xB946, 0xB946, 0xB946,
  0xB946, 0xB946, 0xB946, 0xB946, 0xCE59, 0xCE59, 0xCE59, 0xCE59, 0xCE59, 0xCE59, 0xCE59, 0x31A8,
  0x31A8, 0x31A8, 0x31A8, 0x31A8, 0x31A8, 0x31A8, 0x31A8, 0x31A8, 0x31A8, 0x31A8, 0x31A8, 0x31A8,
  0x31A8, 0x31A8, 0x31A8, 0x31A8, 0x31A8, 0x31A8, 0x31A8, 0x31A8, 0x31A8, 0x31A8, 0x31A8, 0x31A8,
  0x31A8, 0x31A8, 0x31A8, 0x31A8, 0x31A8, 0x31A8, 0x31A8, 0x31A8, 0x31A8, 0x31A8, 0x31A8, 0x31A8,
  0x31A8, 0x31A8, 0x31A8, 0x31A8, 0x857C, 0x857C, 0x857C, 0x857C, 0x857C, 0x857C, 0x857C, 0x857C,
  0x857C, 0x857C, 0x857C, 0x857C, 0x857C, 0x857C, 0x857C, 0x857C, 0x857C, 0x857C, 0x857C, 0x857C,
  0x857C, 0xECB5, 0xECB5, 0xECB5, 0xECB5, 0xECB5, 0xECB5, 0xECB5, 0xECB5, 0xECB5, 0xECB5, 0xECB5,
  0xECB5, 0xECB5, 0xECB5, 0xECB5, 0xECB5, 0xECB5, 0xECB5, 0xECB5, 0xECB5, 0xECB5, 0xECB5, 0xECB5,
  0xECB5, 0xECB5, 0xECB5, 0xECB5, 0xECB5, 0xECB5, 0xECB5, 0xECB5, 0xECB5, 0xECB5, 0xECB5, 0xECB5,
  0xECB5, 0xECB5, 0xECB5, 0xECB5, 0xECB5, 0xECB5, 0xECB5, 0xECB5, 0xECB5, 0xECB5, 0xECB5, 0xECB5,
  0xECB5, 0xECB5, 0xECB5, 0xECB5, 0x857C, 0x857C, 0x857C, 0x857C, 0x857C, 0x857C, 0x857C, 0x857C,
  0x857C, 0x857C, 0x857C, 0x857C, 0x857C, 0x857C, 0x857C, 0x857C, 0x857C, 0x857C, 0x857C, 0x857C,
  0x857C, 0x857C, 0x857C, 0x857C, 0x857C, 0x857C, 0x857C, 0x857C, 0x857C, 0x857C, 0x857C, 0x857C,
  0x857C, 0x857C, 0x857C, 0x857C, 0x857C, 0x857C, 0x857C, 0x857C, 0x857C, 0x857C, 0x857C, 0x857C,
  0x857C, 0x857C, 0x857C, 0x857C, 0x857C, 0x857C, 0x857C, 0x857C, 0x857C, 0x857C, 0x857C, 0x857C,
  0x857C, 0x857C, 0x857C, 0x857C, 0x857C, 0x857C, 0x857C, 0x857C, 0x857C, 0x857C, 0x857C, 0x857C,
  0x857C, 0x857C, 0x857C, 0x857C, 0x857C, 0x857C, 0x857C, 0x857C, 0x857C, 0x857C, 0x857C, 0x857C,
  0x857C, 0x857C, 0x857C, 0x857C, 0x857C, 0x857C, 0x857C, 0x857C, 0x857C, 0x857C, 0x857C, 0x857C,
  0x857C, 0x857C, 0x857C, 0x857C, 0x857C, 0x857C, 0x857C, 0x857C, 0x857C, 0x857C, 0x857C, 0x857C,
  0x857C, 0x857C, 0x857C, 0x857C, 0x857C, 0x857C, 0x857C, 0x857C, 0x857C, 0x857C, 0x857C, 0x857C,
  0x857C, 0x857C, 0x857C, 0x857C, 0x857C, 0x857C, 0x857C, 0x857C, 0x857C, 0x857C, 0x857C, 0x857C,
  0x857C, 0x857C, 0x857C, 0x857C, 0x857C, 0x857C, 0x857C, 0x857C, 0x857C, 0xFEF6, 0xFEF6, 0xFEF6,
  0xFEF6, 0xFEF6, 0xFEF6, 0xFEF6, 0xFEF6, 0xFEF6, 0xFEF6, 0xFEF6, 0xFEF6, 0xFF57, 0xFF57, 0xFF57,
  0xFF57, 0xFF57, 0xFF57, 0xFF57, 0xFF57, 0xFF57, 0xFF57, 0xFF57, 0xFF57, 0xFF57, 0xFF57, 0xFF57,
  0xFFBA, 0xFFBA, 0xFFBA, 0xFFBA, 0xFFBA, 0xFFBA, 0xFFBA, 0xFFBA, 0xFFBA, 0xFF57, 0xFF57, 0xFF57,
  0xFF57, 0xFF57, 0xFF57, 0xFF57, 0xFF57, 0xFF57, 0xFF57, 0xFF57, 0xFF57, 0xFF57, 0xEF5D, 0xEF5D,
  0xEF5D, 0xEF5D, 0xD987, 0xD987, 0xD987, 0xD987, 0xD987, 0xD987, 0xD987, 0xEF5D, 0xEF5D, 0xEF5D,
  0xEF5D, 0xEF5D, 0xEF5D, 0xEF5D, 0x39EA, 0x39EA, 0x39EA, 0x39EA, 0x39EA, 0x39EA, 0x39EA, 0x39EA,
  0x39EA, 0x39EA, 0x39EA, 0x39EA, 0x39EA, 0x39EA, 0x39EA, 0x39EA, 0x39EA, 0x39EA, 0x39EA, 0x39EA,
  0x39EA, 0x39EA, 0x39EA, 0x39EA, 0x39EA, 0x39EA, 0x39EA, 0x39EA, 0x39EA, 0x39EA, 0x39EA, 0x39EA,
  0x39EA, 0x39EA, 0x39EA, 0x39EA, 0x39EA, 0x39EA, 0x39EA, 0x39EA, 0x39EA, 0x39EA, 0x39EA, 0x39EA,
  0x74B8, 0x74B8, 0x74B8, 0x74B8, 0x74B8, 0x74B8, 0x74B8, 0x74B8, 0x74B8, 0x74B8, 0x74B8, 0x74B8,
  0x74B8, 0x74B8, 0x74B8, 0x74B8, 0x74B8, 0x74B8, 0x74B8, 0x74B8, 0x74B8, 0x74B8, 0x74B8, 0x74B8,
  0x74B8, 0x74B8, 0x74B8, 0x74B8, 0x74B8, 0x74B8, 0x74B8, 0xCC12, 0xCC12, 0xCC12, 0xCC12, 0xCC12,
  0xCC12, 0xCC12, 0xCC12, 0xCC12, 0xCC12, 0xCC12, 0xCC12, 0xCC12, 0xCC12, 0xCC12, 0xCC12, 0xCC12,
  0xCC12, 0xCC12, 0xCC12, 0xCC12, 0xCC12, 0xCC12, 0xCC12, 0xCC12, 0xCC12, 0xCC12, 0xCC12, 0xCC12,
  0xCC12, 0xCC12, 0x74B8, 0x74B8, 0x74B8, 0x74B8, 0x74B8, 0x74B8, 0x74B8, 0x74B8, 0x74B8, 0x74B8,
  0x74B8, 0x74B8, 0x74B8, 0x74B8, 0x74B8, 0x74B8, 0x74B8, 0x74B8, 0x74B8, 0x74B8, 0x74B8, 0x74B8,
  0x74B8, 0x74B8, 0x74B8, 0x74B8, 0x74B8, 0x74B8, 0x74B8, 0x74B8, 0x74B8, 0x74B8, 0x74B8, 0x74B8,
  0x74B8, 0x74B8, 0x74B8, 0x74B8, 0x74B8, 0x74B8, 0x74B8, 0x74B8, 0x74B8, 0x74B8, 0x74B8, 0x74B8,
  0x74B8, 0x74B8, 0x74B8, 0x74B8, 0x74B8, 0x74B8, 0x74B8, 0x74B8, 0x74B8, 0x74B8, 0x74B8, 0x74B8,
  0x74B8, 0x74B8, 0x74B8, 0x74B8, 0x74B8, 0x74B8, 0x74B8, 0x74B8, 0xDE79, 0xDE79, 0xDE79, 0xDE79,
  0xDE79, 0xDE79, 0xDE79, 0xDE79, 0xDE79, 0xDE79, 0xDE79, 0xDE79, 0xDE79, 0x74B8, 0x74B8, 0x74B8,
  0x74B8, 0x74B8, 0x74B8, 0x74B8, 0x74B8, 0x74B8, 0x74B8, 0x74B8, 0x74B8, 0x74B8, 0x74B8, 0x74B8,
  0x74B8, 0x74B8, 0x74B8, 0x74B8, 0x74B8, 0x74B8, 0x74B8, 0x74B8, 0x74B8, 0x74B8, 0x74B8, 0x74B8,
  0x74B8, 0x74B8, 0x74B8, 0x74B8, 0x74B8, 0x74B8, 0x74B8, 0x74B8, 0x74B8, 0x74B8, 0x74B8, 0x74B8,
  0x74B8, 0x74B8, 0x74B8, 0x74B8, 0x74B8, 0x74B8, 0x74B8, 0x74B8, 0x74B8, 0x74B8, 0x74B8, 0x74B8,
  0x74B8, 0x74B8, 0x74B8, 0x74B8, 0x74B8, 0x74B8, 0x74B8, 0x74B8, 0x74B8, 0x74B8, 0x74B8, 0x74B8,
  0x74B8, 0x74B8, 0x74B8, 0x74B8, 0x74B8, 0xDE13, 0xDE13, 0xDE13, 0xDE13, 0xDE13, 0xDE13, 0xDE13,
  0xDE13, 0xDE13, 0xDE13, 0xDE13, 0xDE54, 0xDE54, 0xDE54, 0xDE54, 0xDE54, 0xDE54, 0xDE54, 0xDE54,
  0xDE54, 0xDE54, 0xDE54, 0xDE54, 0xDE54, 0xDEB6, 0xDEB6, 0xDEB6, 0xDEB6, 0xDEB6, 0xDEB6, 0xDEB6,
  0xDEB6, 0xDEB6, 0xDEB6, 0xDEB6, 0xDEB6, 0xDEB6, 0xDEB6, 0xDEB6, 0xDE54, 0xDE54, 0xDE54, 0xDE54,
  0xDE54, 0xDE54, 0xDE54, 0xCE59, 0xCE59, 0xCE59, 0xCE59, 0xB946, 0xB946, 0xB946, 0xB946, 0xB946,
  0xB946, 0xCE59, 0xCE59, 0xCE59, 0xCE59, 0xCE59, 0xCE59, 0xCE59, 0x39C9, 0x39C9, 0x39C9, 0x39C9,
  0x39C9, 0x39C9, 0x39C9, 0x39C9, 0x39C9, 0x39C9, 0x39C9, 0x39C9, 0x39C9, 0x39C9, 0x39C9, 0x39C9,
  0x39C9, 0x39C9, 0x39C9, 0x39C9, 0x39C9, 0x39C9, 0x39C9, 0x39C9, 0x39C9, 0x39C9, 0x39C9, 0x39C9,
  0x39C9, 0x39C9, 0x39C9, 0x39C9, 0x39C9, 0x39C9, 0x39C9, 0x39C9, 0x39C9, 0x39C9, 0x39C9, 0x39C9,
  0x39C9, 0x39C9, 0x39C9, 0x39C9, 0x39C9, 0x39C9, 0x39C9, 0x39C9, 0x857C, 0x857C, 0x857C, 0x857C,
  0x857C, 0x857C, 0x857C, 0x857C, 0x857C, 0x857C, 0x857C, 0x857C, 0x857C, 0x857C, 0x857C, 0x857C,
  0x857C, 0x857C, 0x857C, 0x857C, 0x857C, 0x857C, 0x857C, 0x857C, 0x857C, 0x857C, 0x857C, 0x857C,
  0x857C, 0x857C, 0x857C, 0x857C, 0x857C, 0x857C, 0x857C, 0x857C, 0x857C, 0x857C, 0x857C, 0x857C,
  0x857C, 0x857C, 0x857C, 0x857C, 0x857C, 0x857C, 0x857C, 0x857C, 0x857C, 0x857C, 0x857C, 0x857C,
  0x857C, 0x857C, 0x857C, 0x857C, 0x857C, 0x857C, 0x857C, 0x857C, 0x857C, 0x857C, 0x857C, 0x857C,
  0x857C, 0x857C, 0x857C, 0x857C, 0x857C, 0x857C, 0x857C, 0x857C, 0x857C, 0x857C, 0x857C, 0x857C,
  0x857C, 0x857C, 0x857C, 0x857C, 0x857C, 0x857C, 0x857C, 0x857C, 0x857C, 0x857C, 0x857C, 0x857C,
  0x857C, 0x857C, 0x857C, 0x857C, 0x857C, 0x857C, 0x857C, 0x857C, 0x857C, 0x857C, 0x857C, 0x857C,
  0x857C, 0x857C, 0x857C, 0x857C, 0x857C, 0x857C, 0x857C, 0x857C, 0x857C, 0x857C, 0x857C, 0x857C,
  0x857C, 0x857C, 0x857C, 0x857C, 0x857C, 0x857C, 0x857C, 0x857C, 0x857C, 0x857C, 0x857C, 0x857C,
  0xFF7D, 0xFF7D, 0xFF7D, 0xFF7D, 0xFF7D, 0xFF7D, 0xFF7D, 0xFF7D, 0xFF7D, 0xFF7D, 0xFF7D, 0xFF7D,
  0xFF7D, 0xFF7D, 0xFF7D, 0xFF7D, 0xFF7D, 0xFF7D, 0xFF7D, 0xFF7D, 0xFF7D, 0x857C, 0x857C, 0x857C,
  0x857C, 0x857C, 0x857C, 0x857C, 0x857C, 0x857C, 0x857C, 0x857C, 0x857C, 0x857C, 0x857C, 0x857C,
  0x857C, 0x857C, 0x857C, 0x857C, 0x857C, 0x857C, 0x857C, 0x857C, 0x857C, 0x857C, 0x857C, 0x857C,
  0x857C, 0x857C, 0x857C, 0x857C, 0x857C, 0x857C, 0x857C, 0x857C, 0x857C, 0x857C, 0x857C, 0x857C,
  0x857C, 0x857C, 0x857C, 0x857C, 0x857C, 0x857C, 0x857C, 0x857C, 0x857C, 0x857C, 0x857C, 0x857C,
  0x857C, 0x857C, 0x857C, 0x857C, 0x857C, 0x857C, 0x857C, 0x857C, 0x857C, 0x857C, 0x857C, 0x857C,
  0xFEF6, 0xFEF6, 0xFEF6, 0xFEF6, 0xFEF6, 0xFEF6, 0xFEF6, 0xFEF6, 0xFEF6, 0xFEF6, 0xFEF6, 0xFF57,
  0xFF57, 0xFF57, 0xFF57, 0xFF57, 0xFF57, 0xFF57, 0xFF57, 0xFF57, 0xFF57, 0xFF57, 0xFF57, 0xFFBA,
  0xFFBA, 0xFFBA, 0xFFBA, 0xFFBA, 0xFFBA, 0xFFBA, 0xFFBA, 0xFFBA, 0xFFBA, 0xFFBA, 0xFFBA, 0xFFBA,
  0xFFBA, 0xFFBA, 0xFFBA, 0xFFBA, 0xFFBA, 0xFFBA, 0xFF57, 0xFF57, 0xEF5D, 0xEF5D, 0xEF5D, 0xEF5D,
  0xD987, 0xD987, 0xD987, 0xD987, 0xD987, 0xD987, 0xEF5D, 0xEF5D, 0xEF5D, 0xEF5D, 0xEF5D, 0xEF5D,
  0xEF5D, 0x420A, 0x420A, 0x420A, 0x420A, 0x420A, 0x420A, 0x420A, 0x420A, 0x420A, 0x420A, 0x420A,
  0x420A, 0x420A, 0x420A, 0x420A, 0x420A, 0x420A, 0x420A, 0x420A, 0x420A, 0x420A, 0x420A, 0x420A,
  0x420A, 0x420A, 0x420A, 0x420A, 0x420A, 0x420A, 0x420A, 0x420A, 0x420A, 0x420A, 0x420A, 0x420A,
  0x420A, 0x420A, 0x420A, 0x420A, 0x420A, 0x420A, 0x420A, 0x420A, 0x420A, 0x420A, 0x420A, 0x420A,
  0x420A, 0x420A, 0x420A, 0x420A, 0x74B8, 0x74B8, 0x74B8, 0x74B8, 0x74B8, 0x74B8, 0x74B8, 0x74B8,
  0x74B8, 0x74B8, 0x74B8, 0x74B8, 0x74B8, 0x74B8, 0x74B8, 0x74B8, 0x74B8, 0x74B8, 0x74B8, 0x74B8,
  0x74B8, 0x74B8, 0x74B8, 0x74B8, 0x74B8, 0x74B8, 0x74B8, 0x74B8, 0x74B8, 0x74B8, 0x74B8, 0x74B8,
  0x74B8, 0x74B8, 0x74B8, 0x74B8, 0x74B8, 0x74B8, 0x74B8, 0x74B8, 0x74B8, 0x74B8, 0x74B8, 0x74B8,
  0x74B8, 0x74B8, 0x74B8, 0x74B8, 0x74B8, 0x74B8, 0x74B8, 0x74B8, 0x74B8, 0x74B8, 0x74B8, 0x74B8,
  0x74B8, 0x74B8, 0x74B8, 0x74B8, 0x74B8, 0x74B8, 0x74B8, 0x74B8, 0x74B8, 0x74B8, 0x74B8, 0x74B8,
  0x74B8, 0x74B8, 0x74B8, 0x74B8, 0x74B8, 0x74B8, 0x74B8, 0x74B8, 0x74B8, 0x74B8, 0x74B8, 0x74B8,
  0x74B8, 0x74B8, 0x74B8, 0x74B8, 0x74B8, 0x74B8, 0x74B8, 0x74B8, 0x74B8, 0x74B8, 0x74B8, 0x74B8,
  0x74B8, 0x74B8, 0x74B8, 0x74B8, 0x74B8, 0x74B8, 0x74B8, 0x74B8, 0x74B8, 0x74B8, 0x74B8, 0xDE79,
  0xDE79, 0xDE79, 0xDE79, 0xDE79, 0xDE79, 0xDE79, 0xDE79, 0xDE79, 0xDE79, 0xDE79, 0x74B8, 0x74B8,
  0x74B8, 0x74B8, 0x74B8, 0x74B8, 0x74B8, 0x74B8, 0x74B8, 0xDE79, 0xDE79, 0xDE79, 0xDE79, 0xDE79,
  0xDE79, 0xDE79, 0xDE79, 0xDE79, 0xDE79, 0xDE79, 0xDE79, 0xDE79, 0xDE79, 0xDE79, 0xDE79, 0xDE79,
  0xDE79, 0xDE79, 0xDE79, 0xDE79, 0xDE79, 0xDE79, 0x74B8, 0x74B8, 0x74B8, 0x74B8, 0x74B8, 0x74B8,
  0x74B8, 0x74B8, 0x74B8, 0x74B8, 0x74B8, 0x74B8, 0x74B8, 0x74B8, 0x74B8, 0x74B8, 0x74B8, 0x74B8,
  0x74B8, 0x74B8, 0x74B8, 0x74B8, 0x74B8, 0x74B8, 0x74B8, 0x74B8, 0x74B8, 0x74B8, 0x74B8, 0x74B8,
  0x74B8, 0x74B8, 0x74B8, 0x74B8, 0x74B8, 0x74B8, 0x74B8, 0x74B8, 0x74B8, 0x74B8, 0x74B8, 0x74B8,
  0x74B8, 0x74B8, 0x74B8, 0x74B8, 0x74B8, 0x74B8, 0x74B8, 0x74B8, 0x74B8, 0x74B8, 0x74B8, 0x74B8,
  0x74B8, 0x74B8, 0x74B8, 0x74B8, 0x74B8, 0x74B8, 0x74B8, 0x74B8, 0xDE13, 0xDE13, 0xDE13, 0xDE13,
  0xDE13, 0xDE13, 0xDE13, 0xDE13, 0xDE13, 0xDE13, 0xDE54, 0xDE54, 0xDE54, 0xDE54, 0xDE54, 0xDE54,
  0xDE54, 0xDE54, 0xDE54, 0xDE54, 0xDE54, 0xDE54, 0xDEB6, 0xDEB6, 0xDEB6, 0xDEB6, 0xDEB6, 0xDEB6,
  0xDEB6, 0xDEB6, 0xDEB6, 0xDEB6, 0xDEB6, 0xDEB6, 0xDEB6, 0xDEB6, 0xDEB6, 0xDEB6, 0xDEB6, 0xDEB6,
  0xDEB6, 0xCE59, 0xCE59, 0xCE59, 0xCE59, 0xB946, 0xB946, 0xB946, 0xB946, 0xB946, 0xCE59, 0xCE59,
  0xCE59, 0xCE59, 0xCE59, 0xCE59, 0xCE59, 0x39C9, 0x39C9, 0x39C9, 0x39C9, 0x39C9, 0x39C9, 0x39C9,
  0x39C9, 0x39C9, 0x39C9, 0x39C9, 0x39C9, 0x39C9, 0x39C9, 0x39C9, 0x39C9, 0x39C9, 0x39C9, 0x39C9,
  0x39C9, 0x39C9, 0x39C9, 0x39C9, 0x39C9, 0x39C9, 0x39C9, 0x39C9, 0x39C9, 0x39C9, 0x39C9, 0x39C9,
  0x39C9, 0x39C9, 0x39C9, 0x39C9, 0x39C9, 0x39C9, 0x39C9, 0x39C9, 0x39C9, 0x39C9, 0x39C9, 0x39C9,
  0x39C9, 0x39C9, 0x39C9, 0x39C9, 0x39C9, 0x39C9, 0x39C9, 0x39C9, 0x39C9, 0x39C9, 0x39C9, 0x39C9,
  0x95FD, 0x95FD, 0x95FD, 0x95FD, 0x95FD, 0x95FD, 0x95FD, 0x95FD, 0x95FD, 0x95FD, 0x95FD, 0x95FD,
  0x95FD, 0x95FD, 0x95FD, 0x95FD, 0x95FD, 0x95FD, 0x95FD, 0x95FD, 0x95FD, 0x95FD, 0x95FD, 0x95FD,
  0x95FD, 0x95FD, 0x95FD, 0x95FD, 0x95FD, 0x95FD, 0x95FD, 0x95FD, 0x95FD, 0x95FD, 0x95FD, 0x95FD,
  0x95FD, 0x95FD, 0x95FD, 0x95FD, 0x95FD, 0x95FD, 0x95FD, 0x95FD, 0x95FD, 0x95FD, 0x95FD, 0x95FD,
  0x95FD, 0x95FD, 0x95FD, 0x95FD, 0x95FD, 0x95FD, 0x95FD, 0x95FD, 0x95FD, 0x95FD, 0x95FD, 0x95FD,
  0x95FD, 0x95FD, 0x95FD, 0x95FD, 0x95FD, 0x95FD, 0x95FD, 0x95FD, 0x95FD, 0x95FD, 0x95FD, 0x95FD,
  0x95FD, 0x95FD, 0x95FD, 0x95FD, 0x95FD, 0x95FD, 0x95FD, 0x95FD, 0x95FD, 0x95FD, 0x95FD, 0x95FD,
  0x95FD, 0x95FD, 0x95FD, 0x95FD, 0x95FD, 0x95FD, 0x95FD, 0x95FD, 0x95FD, 0x95FD, 0x95FD, 0x95FD,
  0x95FD, 0x95FD, 0x95FD, 0xFF7D, 0xFF7D, 0xFF7D, 0xFF7D, 0xFF7D, 0xFF7D, 0xFF7D, 0xFF7D, 0xFF7D,
  0xFF7D, 0xFF7D, 0xFF7D, 0xFF7D, 0xFF7D, 0xFF7D, 0xFF7D, 0xFF7D, 0xFF7D, 0xFF7D, 0x95FD, 0x95FD,
  0x95FD, 0xFF7D, 0xFF7D, 0xFF7D, 0xFF7D, 0xFF7D, 0xFF7D, 0xFF7D, 0xFF7D, 0xFF7D, 0xFF7D, 0xFF7D,
  0xFF7D, 0xFF7D, 0xFF7D, 0xFF7D, 0xFF7D, 0xFF7D, 0xFF7D, 0xFF7D, 0xFF7D, 0xFF7D, 0xFF7D, 0xFF7D,
  0xFF7D, 0xFF7D, 0xFF7D, 0xFF7D, 0x95FD, 0x95FD, 0x95FD, 0x95FD, 0x95FD, 0x95FD, 0x95FD, 0x95FD,
  0x95FD, 0x95FD, 0x95FD, 0x95FD, 0x95FD, 0x95FD, 0x95FD, 0x95FD, 0x95FD, 0x95FD, 0x95FD, 0x95FD,
  0x95FD, 0x95FD, 0x95FD, 0x95FD, 0x95FD, 0x95FD, 0x95FD, 0x95FD, 0x95FD, 0x95FD, 0x95FD, 0x95FD,
  0x95FD, 0x95FD, 0x95FD, 0x95FD, 0x95FD, 0x95FD, 0x95FD, 0x95FD, 0x95FD, 0x95FD, 0x95FD, 0x95FD,
  0x95FD, 0x95FD, 0x95FD, 0x95FD, 0x95FD, 0x95FD, 0x95FD, 0x95FD, 0x95FD, 0x95FD, 0x95FD, 0x95FD,
  0x95FD, 0x95FD, 0x95FD, 0xFEF6, 0xFEF6, 0xFEF6, 0xFEF6, 0xFEF6, 0xFEF6, 0xFEF6, 0xFEF6, 0xFEF6,
  0xFEF6, 0xFEF6, 0xFF57, 0xFF57, 0xFF57, 0xFF57, 0xFF57, 0xFF57, 0xFF57, 0xFF57, 0xFF57, 0xFF57,
  0xFFBA, 0xFFBA, 0xFFBA, 0xFFBA, 0xFFBA, 0xFFBA, 0xFFBA, 0xFFBA, 0xFFBA, 0xFFBA, 0xFFBA, 0xFFBA,
  0xFFBA, 0xFFBA, 0xFFBA, 0xFFBA, 0xFFBA, 0xFFBA, 0xEF5D, 0xEF5D, 0xEF5D, 0xD987, 0xD987, 0xD987,
  0xD987, 0xD987, 0xD987, 0xEF5D, 0xEF5D, 0xEF5D, 0xEF5D, 0xEF5D, 0xEF5D, 0xEF5D, 0x420A, 0x420A,
  0x420A, 0x420A, 0x420A, 0x420A, 0x420A, 0x420A, 0x420A, 0x420A, 0x420A, 0x420A, 0x420A, 0x420A,
  0x420A, 0x420A, 0x420A, 0x420A, 0x420A, 0x420A, 0x420A, 0x420A, 0x420A, 0x420A, 0x420A, 0x420A,
  0x420A, 0x420A, 0x420A, 0x420A, 0x420A, 0x420A, 0x420A, 0x420A, 0x420A, 0x420A, 0x420A, 0x420A,
  0x420A, 0x420A, 0x420A, 0x420A, 0x420A, 0x420A, 0x420A, 0x420A, 0x420A, 0x420A, 0x420A, 0x420A,
  0x420A, 0x420A, 0x420A, 0x420A, 0x420A, 0x420A, 0x420A, 0x420A, 0x8539, 0x8539, 0x8539, 0x8539,
  0x8539, 0x8539, 0x8539, 0x8539, 0x8539, 0x8539, 0x8539, 0x8539, 0x8539, 0xDE79, 0xDE79, 0xDE79,
  0xDE79, 0xDE79, 0xDE79, 0xDE79, 0xDE79, 0xDE79, 0xDE79, 0x8539, 0x8539, 0x8539, 0x8539, 0x8539,
  0x8539, 0x8539, 0x8539, 0x8539, 0x8539, 0x8539, 0x8539, 0x8539, 0x8539, 0x8539, 0x8539, 0x8539,
  0x8539, 0x8539, 0x8539, 0x8539, 0x8539, 0x8539, 0x8539, 0x8539, 0x8539, 0x8539, 0x8539, 0x8539,
  0x8539, 0x8539, 0x8539, 0x8539, 0x8539, 0x8539, 0x8539, 0x8539, 0x8539, 0x8539, 0x8539, 0x8539,
  0x8539, 0x8539, 0x8539, 0x8539, 0x8539, 0x8539, 0x8539, 0x8539, 0x8539, 0x8539, 0x8539, 0x8539,
  0x8539, 0x8539, 0x8539, 0x8539, 0x8539, 0x8539, 0x8539, 0x8539, 0x8539, 0x8539, 0x8539, 0x8539,
  0x8539, 0x8539, 0x8539, 0x8539, 0x8539, 0x8539, 0x8539, 0x8539, 0x8539, 0x8539, 0xDE79, 0xDE79,
  0xDE79, 0xDE79, 0xDE79, 0xDE79, 0xDE79, 0xDE79, 0xDE79, 0xDE79, 0xDE79, 0xDE79, 0xDE79, 0xDE79,
  0xDE79, 0xDE79, 0xDE79, 0xDE79, 0xDE79, 0xDE79, 0xDE79, 0xDE79, 0xDE79, 0xDE79, 0xDE79, 0xDE79,
  0xDE79, 0xDE79, 0xDE79, 0xDE79, 0xDE79, 0xDE79, 0xDE79, 0xDE79, 0xDE79, 0xDE79, 0xDE79, 0xDE79,
  0xDE79, 0xDE79, 0xDE79, 0xDE79, 0xDE79, 0xDE79, 0xDE79, 0xDE79, 0xDE79, 0xDE79, 0xDE79, 0xDE79,
  0x8539, 0x8539, 0x8539, 0x8539, 0x8539, 0x8539, 0x8539, 0x8539, 0x8539, 0x8539, 0x8539, 0x8539,
  0x8539, 0x8539, 0x8539, 0x8539, 0x8539, 0x8539, 0x8539, 0x8539, 0x8539, 0x8539, 0x8539, 0x8539,
  0x8539, 0x8539, 0x8539, 0x8539, 0x8539, 0x8539, 0x8539, 0x8539, 0x8539, 0x8539, 0x8539, 0x8539,
  0x8539, 0x8539, 0x8539, 0x8539, 0x8539, 0x8539, 0x8539, 0x8539, 0x8539, 0x8539, 0x8539, 0x8539,
  0x8539, 0x8539, 0x8539, 0x8539, 0x8539, 0x8539, 0x8539, 0x8539, 0x8539, 0x8539, 0x8539, 0xDE13,
  0xDE13, 0xDE13, 0xDE13, 0xDE13, 0xDE13, 0xDE13, 0xDE13, 0xDE13, 0xDE13, 0xDE54, 0xDE54, 0xDE54,
  0xDE54, 0xDE54, 0xDE54, 0xDE54, 0xDE54, 0xDE54, 0xDE54, 0xDEB6, 0xDEB6, 0xDEB6, 0xDEB6, 0xDEB6,
  0xDEB6, 0xDEB6, 0xDEB6, 0xDEB6, 0xDEB6, 0xDEB6, 0xDEB6, 0xDEB6, 0xDEB6, 0xDEB6, 0xDEB6, 0xCE59,
  0xCE59, 0xCE59, 0xB946, 0xB946, 0xB946, 0xB946, 0xB946, 0xCE59, 0xCE59, 0xCE59, 0xCE59, 0xCE59,
  0xCE59, 0xCE59, 0x39C9, 0x39C9, 0x39C9, 0x39C9, 0x39C9, 0x39C9, 0x39C9, 0x39C9, 0x39C9, 0x39C9,
  0x39C9, 0x39C9, 0x39C9, 0x39C9, 0x39C9, 0x39C9, 0x39C9, 0x39C9, 0x39C9, 0x39C9, 0x39C9, 0x39C9,
  0x39C9, 0x39C9, 0x39C9, 0x39C9, 0x39C9, 0x39C9, 0x39C9, 0x39C9, 0x39C9, 0x39C9, 0x39C9, 0x39C9,
  0x39C9, 0x39C9, 0x39C9, 0x39C9, 0x39C9, 0x39C9, 0x39C9, 0x39C9, 0x39C9, 0x39C9, 0x39C9, 0x39C9,
  0x39C9, 0x39C9, 0x39C9, 0x39C9, 0x39C9, 0x39C9, 0x39C9, 0x39C9, 0x39C9, 0x39C9, 0x39C9, 0x39C9,
  0x39C9, 0x39C9, 0x39C9, 0x31A8, 0x95FD, 0x95FD, 0x95FD, 0x95FD, 0x95FD, 0x95FD, 0x95FD, 0x95FD,
  0x95FD, 0x95FD, 0xFF7D, 0xFF7D, 0xFF7D, 0xFF7D, 0xFF7D, 0xFF7D, 0xFF7D, 0xFF7D, 0xFF7D, 0xFF7D,
  0xFF7D, 0xFF7D, 0xFF7D, 0xFF7D, 0xFF7D, 0xFF7D, 0x95FD, 0x95FD, 0x95FD, 0x95FD, 0x95FD, 0x95FD,
  0x95FD, 0x95FD, 0x95FD, 0x95FD, 0x95FD, 0x95FD, 0x95FD, 0x95FD, 0x95FD, 0x95FD, 0x95FD, 0x95FD,
  0x95FD, 0x95FD, 0x95FD, 0x95FD, 0x95FD, 0x95FD, 0x95FD, 0x95FD, 0x95FD, 0x95FD, 0x95FD, 0x95FD,
  0x95FD, 0x95FD, 0x95FD, 0x95FD, 0x95FD, 0x95FD, 0x95FD, 0x95FD, 0x95FD, 0x95FD, 0x95FD, 0x95FD,
  0x95FD, 0x95FD, 0x95FD, 0x95FD, 0x95FD, 0x95FD, 0x95FD, 0x95FD, 0x95FD, 0x95FD, 0x95FD, 0x95FD,
  0x95FD, 0x95FD, 0x95FD, 0x95FD, 0x95FD, 0x95FD, 0x95FD, 0x95FD, 0x95FD, 0x95FD, 0x95FD, 0x95FD,
  0x95FD, 0x95FD, 0x95FD, 0x95FD, 0x95FD, 0xFF7D, 0xFF7D, 0xFF7D, 0xFF7D, 0xFF7D, 0xFF7D, 0xFF7D,
  0xFF7D, 0xFF7D, 0xFF7D, 0xFF7D, 0xFF7D, 0xFF7D, 0xFF7D, 0xFF7D, 0xFF7D, 0xFF7D, 0xFF7D, 0xFF7D,
  0xFF7D, 0xFF7D, 0xFF7D, 0xFF7D, 0xFF7D, 0xFF7D, 0xFF7D, 0xFF7D, 0xFF7D, 0xFF7D, 0xFF7D, 0xFF7D,
  0xFF7D, 0xFF7D, 0xFF7D, 0xFF7D, 0xFF7D, 0xFF7D, 0xFF7D, 0xFF7D, 0xFF7D, 0xFF7D, 0xFF7D, 0xFF7D,
  0xFF7D, 0xFF7D, 0xFF7D, 0xFF7D, 0xFF7D, 0xFF7D, 0xFF7D, 0xFF7D, 0x95FD, 0x95FD, 0x95FD, 0x95FD,
  0x95FD, 0x95FD, 0x95FD, 0x95FD, 0x95FD, 0x95FD, 0x95FD, 0x95FD, 0x95FD, 0x95FD, 0x95FD, 0x95FD,
  0x95FD, 0x95FD, 0x95FD, 0x95FD, 0x95FD, 0x95FD, 0x95FD, 0x95FD, 0x95FD, 0x95FD, 0x95FD, 0x95FD,
  0x95FD, 0x95FD, 0x95FD, 0x95FD, 0x95FD, 0x95FD, 0x95FD, 0x95FD, 0x95FD, 0x95FD, 0x95FD, 0x95FD,
  0x95FD, 0x95FD, 0x95FD, 0x95FD, 0x95FD, 0x95FD, 0x95FD, 0x95FD, 0x95FD, 0x95FD, 0x95FD, 0x95FD,
  0x95FD, 0x95FD, 0x95FD, 0x95FD, 0x95FD, 0x95FD, 0xFEF6, 0xFEF6, 0xFEF6, 0xFEF6, 0xFEF6, 0xFEF6,
  0xFEF6, 0xFEF6, 0xFEF6, 0xFEF6, 0xFF57, 0xFF57, 0xFF57, 0xFF57, 0xFF57, 0xFF57, 0xFF57, 0xFF57,
  0xFF57, 0xFF57, 0xFFBA, 0xFFBA, 0xFFBA, 0xFFBA, 0xFFBA, 0xFFBA, 0xFFBA, 0xFFBA, 0xFFBA, 0xFFBA,
  0xFFBA, 0xFFBA, 0xFFBA, 0xFFBA, 0xEF5D, 0xEF5D, 0xEF5D, 0xD987, 0xD987, 0xD987, 0xD987, 0xD987,
  0xEF5D, 0xEF5D, 0xEF5D, 0xEF5D, 0xEF5D, 0xEF5D, 0xEF5D, 0x420A, 0x420A, 0x420A, 0x420A, 0x420A,
  0x420A, 0x420A, 0x420A, 0x420A, 0x420A, 0x420A, 0x420A, 0x420A, 0x420A, 0x420A, 0x420A, 0x420A,
  0x420A, 0x420A, 0x420A, 0x420A, 0x420A, 0x420A, 0x420A, 0x420A, 0x420A, 0x420A, 0x420A, 0x420A,
  0x420A, 0x420A, 0x420A, 0x420A, 0x420A, 0x420A, 0x420A, 0x420A, 0x420A, 0x420A, 0x420A, 0x420A,
  0x420A, 0x420A, 0x420A, 0x420A, 0x420A, 0x420A, 0x420A, 0x420A, 0x420A, 0x420A, 0x420A, 0x420A,
  0x420A, 0x420A, 0x420A, 0x420A, 0x420A, 0x420A, 0x39E9, 0x39E9, 0x39E9, 0x39E9, 0x39E9, 0x420A,
  0xDE79, 0xDE79, 0x8539, 0x8539, 0x8539, 0x8539, 0x8539, 0x8539, 0xDE79, 0xDE79, 0xDE79, 0xDE79,
  0xDE79, 0xDE79, 0xDE79, 0xDE79, 0xDE79, 0xDE79, 0xDE79, 0xDE79, 0xDE79, 0xDE79, 0xDE79, 0xDE79,
  0xDE79, 0xDE79, 0xDE79, 0xDE79, 0x8539, 0x8539, 0x8539, 0x8539, 0x8539, 0x8539, 0x8539, 0x8539,
  0x8539, 0x8539, 0x8539, 0x8539, 0x8539, 0x8539, 0x8539, 0x8539, 0x8539, 0x8539, 0x8539, 0x8539,
  0x8539, 0x8539, 0x8539, 0x8539, 0x8539, 0x8539, 0x8539, 0x8539, 0x8539, 0x8539, 0x8539, 0x8539,
  0x8539, 0x8539, 0x8539, 0x8539, 0x8539, 0x8539, 0x8539, 0x8539, 0x8539, 0x8539, 0x8539, 0x8539,
  0x8539, 0x8539, 0x8539, 0x8539, 0x8539, 0x8539, 0x8539, 0x8539, 0x8539, 0x8539, 0x8539, 0x8539,
  0x8539, 0x8539, 0x8539, 0x8539, 0x8539, 0x8539, 0x8539, 0x8539, 0x8539, 0x8539, 0x8539, 0x8539,
  0x8539, 0x8539, 0xDE79, 0xDE79, 0xDE79, 0xDE79, 0xDE79, 0xDE79, 0xDE79, 0xDE79, 0xDE79, 0xDE79,
  0xDE79, 0xDE79, 0xDE79, 0xDE79, 0xDE79, 0xDE79, 0xDE79, 0xDE79, 0xDE79, 0xDE79, 0xDE79, 0xDE79,
  0xDE79, 0xDE79, 0xDE79, 0xDE79, 0xDE79, 0xDE79, 0xDE79, 0xDE79, 0xDE79, 0xDE79, 0xDE79, 0xDE79,
  0xDE79, 0xDE79, 0xDE79, 0xDE79, 0xDE79, 0xDE79, 0xDE79, 0xDE79, 0xDE79, 0xDE79, 0xDE79, 0xDE79,
  0xDE79, 0xDE79, 0xCC12, 0xCC12, 0x8539, 0x8539, 0x8539, 0x8539, 0x8539, 0x8539, 0x8539, 0x8539,
  0x8539, 0x8539, 0x8539, 0x8539, 0x8539, 0x8539, 0x8539, 0x8539, 0x8539, 0x8539, 0x8539, 0x8539,
  0x8539, 0x8539, 0x8539, 0x8539, 0x8539, 0x8539, 0x8539, 0x8539, 0x8539, 0x8539, 0x8539, 0x8539,
  0x8539, 0x8539, 0x8539, 0x8539, 0x8539, 0x8539, 0x8539, 0x8539, 0x8539, 0x8539, 0x8539, 0x8539,
  0x8539, 0x8539, 0x8539, 0x8539, 0x8539, 0x8539, 0x8539, 0x8539, 0x8539, 0x8539, 0x8539, 0x8539,
  0x8539, 0x8539, 0xDE13, 0xDE13, 0xDE13, 0xDE13, 0xDE13, 0xDE13, 0xDE13, 0xDE13, 0xDE13, 0xDE13,
  0xDE54, 0xDE54, 0xDE54, 0xDE54, 0xDE54, 0xDE54, 0xDE54, 0xDE54, 0xDE54, 0xDEB6, 0xDEB6, 0xDEB6,
  0xDEB6, 0xDEB6, 0xDEB6, 0xDEB6, 0xDEB6, 0xDEB6, 0xDEB6, 0xDEB6, 0xDEB6, 0xCE59, 0xCE59, 0xCE59,
  0xB966, 0xB966, 0xB966, 0xB946, 0xCE59, 0xCE59, 0xCE59, 0xCE59, 0xCE59, 0xCE59, 0xCE59, 0x39C9,
  0x39C9, 0x39C9, 0x39C9, 0x39C9, 0x39C9, 0x39C9, 0x39C9, 0x39C9, 0x39C9, 0x39C9, 0x39C9, 0x39C9,
  0x39C9, 0x39C9, 0x39C9, 0x39C9, 0x39C9, 0x39C9, 0x39C9, 0x39C9, 0x39C9, 0x39C9, 0x39C9, 0x39C9,
  0x39C9, 0x39C9, 0x39C9, 0x39C9, 0x39C9, 0x39C9, 0x39C9, 0x39C9, 0x39C9, 0x39C9, 0x39C9, 0x39C9,
  0x39C9, 0x39C9, 0x39C9, 0x39C9, 0x39C9, 0x39C9, 0x39C9, 0x39C9, 0x39C9, 0x39C9, 0x39C9, 0x39C9,
  0x39C9, 0x39C9, 0x39C9, 0x39C9, 0x39C9, 0x39C9, 0x39C9, 0x39C9, 0x31A8, 0x31A8, 0x31A8, 0x31A8,
  0x31A8, 0x31A8, 0x39C9, 0x8539, 0x31A8, 0x8539, 0x3B78, 0x3A2E, 0xFF7D, 0xFF7D, 0xFF7D, 0xFF7D,
  0xFF7D, 0x95FD, 0x95FD, 0xFF7D, 0xFF7D, 0xFF7D, 0xFF7D, 0xFF7D, 0xFF7D, 0xFF7D, 0xFF7D, 0xFF7D,
  0xFF7D, 0xFF7D, 0xFF7D, 0xFF7D, 0xFF7D, 0xFF7D, 0xFF7D, 0xFF7D, 0xFF7D, 0xFF7D, 0xFF7D, 0xFF7D,
  0xFF7D, 0x95FD, 0x95FD, 0x95FD, 0x95FD, 0x95FD, 0x95FD, 0x95FD, 0x95FD, 0x95FD, 0x95FD, 0x95FD,
  0x95FD, 0x95FD, 0x95FD, 0x95FD, 0x95FD, 0x95FD, 0x95FD, 0x95FD, 0x95FD, 0x95FD, 0x95FD, 0x95FD,
  0x95FD, 0x95FD, 0x95FD, 0x95FD, 0x95FD, 0x95FD, 0x95FD, 0x95FD, 0x95FD, 0x95FD, 0x95FD, 0x95FD,
  0x95FD, 0x95FD, 0x95FD, 0x95FD, 0x95FD, 0x95FD, 0x95FD, 0x95FD, 0x95FD, 0x95FD, 0x95FD, 0x95FD,
  0x95FD, 0x95FD, 0x95FD, 0x95FD, 0x95FD, 0x95FD, 0x95FD, 0x95FD, 0x95FD, 0x95FD, 0x95FD, 0x95FD,
  0x95FD, 0x95FD, 0x95FD, 0x95FD, 0x95FD, 0x95FD, 0x95FD, 0x95FD, 0x95FD, 0x95FD, 0xECB5, 0xFF7D,
  0xFF7D, 0xFF7D, 0xFF7D, 0xFF7D, 0xFF7D, 0xFF7D, 0xFF7D, 0xFF7D, 0xFF7D, 0xFF7D, 0xFF7D, 0xFF7D,
  0xFF7D, 0xFF7D, 0xFF7D, 0xFF7D, 0xFF7D, 0xFF7D, 0xFF7D, 0xFF7D, 0xFF7D, 0xFF7D, 0xFF7D, 0xFF7D,
  0xFF7D, 0xFF7D, 0xFF7D, 0xFF7D, 0x6BD5, 0x6BD5, 0x6BD5, 0x6BD5, 0x6BD5, 0x6BD5, 0x6BD5, 0x6BD5,
  0x6BD5, 0x6BD5, 0x6BD5, 0x6BD5, 0x6BD5, 0x6BD5, 0xFF7D, 0xFF7D, 0xFF7D, 0xECB5, 0xECB5, 0xECB5,
  0x95FD, 0x95FD, 0x95FD, 0x95FD, 0x95FD, 0x95FD, 0x95FD, 0x95FD, 0x95FD, 0x95FD, 0x95FD, 0x95FD,
  0x95FD, 0x95FD, 0x95FD, 0x95FD, 0x95FD, 0x95FD, 0x95FD, 0x95FD, 0x95FD, 0x95FD, 0x95FD, 0x95FD,
  0x95FD, 0x95FD, 0x95FD, 0x95FD, 0x95FD, 0x95FD, 0x95FD, 0x95FD, 0x95FD, 0x95FD, 0x95FD, 0x95FD,
  0x95FD, 0x95FD, 0x95FD, 0x95FD, 0x95FD, 0x95FD, 0x95FD, 0x95FD, 0x95FD, 0x95FD, 0x95FD, 0x95FD,
  0x95FD, 0x95FD, 0x95FD, 0x95FD, 0x95FD, 0x95FD, 0x95FD, 0x95FD, 0x95FD, 0x95FD, 0xFEF6, 0xFEF6,
  0xFEF6, 0xFEF6, 0xFEF6, 0xFEF6, 0xFEF6, 0xFEF6, 0xFEF6, 0xFF57, 0xFF57, 0xFF57, 0xFF57, 0xFF57,
  0xFF57, 0xFF57, 0xFF57, 0xFF57, 0xFF57, 0xFFBA, 0xFFBA, 0xFFBA, 0xFFBA, 0xFFBA, 0xFFBA, 0xFFBA,
  0xFFBA, 0xFFBA, 0xEF5D, 0xEF5D, 0xEF5D, 0xD9A7, 0xD9A7, 0xD9A7, 0xD9A7, 0xEF5D, 0xEF5D, 0xEF5D,
  0xEF5D, 0xEF5D, 0xEF5D, 0xEF5D, 0x420A, 0x420A, 0x420A, 0x420A, 0x420A, 0x420A, 0x420A, 0x420A,
  0x420A, 0x420A, 0x420A, 0x420A, 0x420A, 0x420A, 0x420A, 0x420A, 0x420A, 0x420A, 0x420A, 0x420A,
  0x420A, 0x420A, 0x420A, 0x420A, 0x420A, 0x420A, 0x420A, 0x420A, 0x420A, 0x420A, 0x420A, 0x420A,
  0x420A, 0x420A, 0x420A, 0x420A, 0x420A, 0x420A, 0x420A, 0x420A, 0x420A, 0x420A, 0x420A, 0x420A,
  0x420A, 0x420A, 0x420A, 0x420A, 0x420A, 0x420A, 0x420A, 0x420A, 0x420A, 0x420A, 0x39E9, 0x39E9,
  0x39E9, 0x39E9, 0x39E9, 0x39E9, 0x420A, 0x95FD, 0x95FD, 0x95FD, 0x95FD, 0x95FD, 0xF3E4, 0x4271,
  0x39E9, 0x4271, 0x2D4C, 0x4271, 0xDE79, 0xDE79, 0xDE79, 0xDE79, 0xDE79, 0xDE79, 0xDE79, 0xDE79,
  0xDE79, 0xDE79, 0xDE79, 0xDE79, 0xDE79, 0xDE79, 0xDE79, 0xDE79, 0xDE79, 0xDE79, 0xDE79, 0xDE79,
  0xDE79, 0xDE79, 0xDE79, 0xDE79, 0xDE79, 0xDE79, 0xDE79, 0xDE79, 0xDE79, 0x8539, 0x8539, 0x8539,
  0x8539, 0x8539, 0x8539, 0x8539, 0x8539, 0x8539, 0x8539, 0x8539, 0x8539, 0x8539, 0x8539, 0x8539,
  0x8539, 0x8539, 0x8539, 0x8539, 0x8539, 0x8539, 0x8539, 0x8539, 0x8539, 0x8539, 0x8539, 0x8539,
  0x8539, 0x8539, 0x8539, 0x8539, 0x8539, 0x8539, 0x8539, 0x8539, 0x8539, 0x8539, 0x8539, 0x8539,
  0x8539, 0x8539, 0x8539, 0x8539, 0x8539, 0x8539, 0x8539, 0x8539, 0x8539, 0x8539, 0x8539, 0x8539,
  0x8539, 0x8539, 0x8539, 0x8539, 0x8539, 0x8539, 0x8539, 0x8539, 0x8539, 0x8539, 0x8539, 0x8539,
  0x8539, 0x8539, 0x8539, 0x8539, 0x8539, 0xCC12, 0xCC12, 0xCC12, 0xDE79, 0xDE79, 0xDE79, 0xDE79,
  0xDE79, 0xDE79, 0xDE79, 0xDE79, 0xDE79, 0xDE79, 0xDE79, 0xDE79, 0xDE79, 0xDE79, 0xDE79, 0xDE79,
  0xDE79, 0xDE79, 0xDE79, 0xDE79, 0xDE79, 0xDE79, 0xDE79, 0xDE79, 0x5B52, 0x5B52, 0x5B52, 0x5B52,
  0x5B52, 0x5B52, 0x5B52, 0x5B52, 0x5B52, 0x5B52, 0x5B52, 0x5B52, 0x5B52, 0x5B52, 0x5B52, 0x5B52,
  0x5B52, 0x5B52, 0x5B52, 0x5B52, 0x5B52, 0x5B52, 0x5B52, 0xCC12, 0x8539, 0x8539, 0x8539, 0x8539,
  0x8539, 0x8539, 0x8539, 0x8539, 0x8539, 0x8539, 0x8539, 0x8539, 0x8539, 0x8539, 0x8539, 0x8539,
  0x8539, 0x8539, 0x8539, 0x8539, 0x8539, 0x8539, 0x8539, 0x8539, 0x8539, 0x8539, 0x8539, 0x8539,
  0x8539, 0x8539, 0x8539, 0x8539, 0x8539, 0x8539, 0x8539, 0x8539, 0x8539, 0x8539, 0x8539, 0x8539,
  0x8539, 0x8539, 0x8539, 0x8539, 0x8539, 0x8539, 0x8539, 0x8539, 0x8539, 0x8539, 0x8539, 0x8539,
  0x8539, 0x8539, 0x8539, 0x8539, 0x8539, 0xDE13, 0xDE13, 0xDE13, 0xDE13, 0xDE13, 0xDE13, 0xDE13,
  0xDE13, 0xDE13, 0xDE13, 0xDE54, 0xDE54, 0xDE54, 0xDE54, 0xDE54, 0xDE54, 0xDE54, 0xDE54, 0xDE54,
  0xDEB6, 0xDEB6, 0xDEB6, 0xDEB6, 0xDEB6, 0xDEB6, 0xDEB6, 0xCE59, 0xCE59, 0xCE59, 0xB966, 0xB966,
  0xB966, 0xB966, 0xCE59, 0xCE59, 0xCE59, 0xCE59, 0xCE59, 0xCE59, 0x39C9, 0x39C9, 0x39C9, 0x39C9,
  0x39C9, 0x39C9, 0x39C9, 0x39C9, 0x39C9, 0x39C9, 0x39C9, 0x39C9, 0x39C9, 0x39C9, 0x39C9, 0x39C9,
  0x39C9, 0x39C9, 0x39C9, 0x39C9, 0x39C9, 0x39C9, 0x39C9, 0x39C9, 0x39C9, 0x39C9, 0x39C9, 0x39C9,
  0x39C9, 0x39C9, 0x39C9, 0x39C9, 0x39C9, 0x39C9, 0x39C9, 0x39C9, 0x39C9, 0x39C9, 0x39C9, 0x39C9,
  0x39C9, 0x39C9, 0x39C9, 0x39C9, 0x39C9, 0x39C9, 0x39C9, 0x39C9, 0x39C9, 0x39C9, 0x39C9, 0x39C9,
  0x31A8, 0x31A8, 0x31A8, 0x31A8, 0x31A8, 0x31A8, 0x39C9, 0x8539, 0x8539, 0x8539, 0x8539, 0x8539,
  0x3A2E, 0x3A2E, 0x3A2E, 0x3A2E, 0x3A2E, 0x3A2E, 0x3A2E, 0x3A2E, 0x31A8, 0x3A2E, 0x3A2E, 0x3A2E,
  0xFF7D, 0xFF7D, 0xFF7D, 0xFF7D, 0xFF7D, 0xFF7D, 0xFF7D, 0xFF7D, 0xFF7D, 0xFF7D, 0xFF7D, 0xFF7D,
  0xFF7D, 0xFF7D, 0xFF7D, 0xFF7D, 0xFF7D, 0xFF7D, 0xFF7D, 0xFF7D, 0xFF7D, 0xFF7D, 0xFF7D, 0xFF7D,
  0xFF7D, 0xFF7D, 0xFF7D, 0xFF7D, 0xFF7D, 0x95FD, 0x95FD, 0x95FD, 0x95FD, 0x95FD, 0x95FD, 0x95FD,
  0x95FD, 0x95FD, 0x95FD, 0x95FD, 0x95FD, 0x95FD, 0x95FD, 0x95FD, 0x95FD, 0x95FD, 0x95FD, 0x95FD,
  0x95FD, 0x95FD, 0x95FD, 0x95FD, 0x95FD, 0x95FD, 0x95FD, 0x95FD, 0x95FD, 0x95FD, 0x95FD, 0x95FD,
  0x95FD, 0x95FD, 0x95FD, 0x95FD, 0x95FD, 0x95FD, 0x95FD, 0x95FD, 0x95FD, 0x95FD, 0x95FD, 0x95FD,
  0x95FD, 0x95FD, 0x95FD, 0x95FD, 0x95FD, 0x95FD, 0x95FD, 0x95FD, 0x95FD, 0x95FD, 0x95FD, 0x95FD,
  0x95FD, 0x95FD, 0x95FD, 0x95FD, 0x95FD, 0x95FD, 0x95FD, 0x95FD, 0x95FD, 0x95FD, 0x95FD, 0x95FD,
  0x95FD, 0x95FD, 0xECB5, 0xECB5, 0xECB5, 0xECB5, 0xFF7D, 0xFF7D, 0xFF7D, 0xFF7D, 0xFF7D, 0xFF7D,
  0xFF7D, 0xFF7D, 0xFF7D, 0xFF7D, 0xFF7D, 0xFF7D, 0xFF7D, 0xFF7D, 0xFF7D, 0xFF7D, 0xFF7D, 0xFF7D,
  0xFF7D, 0x6BD5, 0x6BD5, 0x6BD5, 0x6BD5, 0x6BD5, 0x6BD5, 0x6BD5, 0x6BD5, 0x6BD5, 0x6BD5, 0x6BD5,
  0x6BD5, 0x6BD5, 0x6BD5, 0x6BD5, 0x6BD5, 0x6BD5, 0x6BD5, 0x6BD5, 0x6BD5, 0x6BD5, 0x6BD5, 0x6BD5,
  0x6BD5, 0x6BD5, 0x6BD5, 0x6BD5, 0x6BD5, 0x6BD5, 0x6BD5, 0x95FD, 0x95FD, 0x95FD, 0x95FD, 0x95FD,
  0x95FD, 0x95FD, 0x95FD, 0x95FD, 0x95FD, 0x95FD, 0x95FD, 0x95FD, 0x95FD, 0x95FD, 0x95FD, 0x95FD,
  0x95FD, 0x95FD, 0x95FD, 0x95FD, 0x95FD, 0x95FD, 0x95FD, 0x95FD, 0x95FD, 0x95FD, 0x95FD, 0x95FD,
  0x95FD, 0x95FD, 0x95FD, 0x95FD, 0x95FD, 0x95FD, 0x95FD, 0x95FD, 0x95FD, 0x95FD, 0x95FD, 0x95FD,
  0x95FD, 0x95FD, 0x95FD, 0x95FD, 0x95FD, 0x95FD, 0x95FD, 0x95FD, 0x95FD, 0x95FD, 0x95FD, 0x95FD,
  0x95FD, 0xFEF6, 0xFEF6, 0xFEF6, 0xFEF6, 0xFEF6, 0xFEF6, 0xFEF6, 0xFEF6, 0xFEF6, 0xFEF6, 0xFF57,
  0xFF57, 0xFF57, 0xFF57, 0xFF57, 0xFF57, 0xFF57, 0xFF57, 0xFFBA, 0xFFBA, 0xFFBA, 0xFFBA, 0xFFBA,
  0xEF5D, 0xEF5D, 0xEF5D, 0xD9A7, 0xD9A7, 0xD9A7, 0xD9A7, 0xEF5D, 0xEF5D, 0xEF5D, 0xEF5D, 0xEF5D,
  0x422A, 0x422A, 0x422A, 0x422A, 0x422A, 0x422A, 0x422A, 0x422A, 0x422A, 0x422A, 0x422A, 0x422A,
  0x422A, 0x422A, 0x422A, 0x422A, 0x422A, 0x422A, 0x422A, 0x422A, 0x422A, 0x422A, 0x422A, 0x422A,
  0x422A, 0x422A, 0x422A, 0x422A, 0x422A, 0x422A, 0x422A, 0x422A, 0x422A, 0x422A, 0x422A, 0x422A,
  0x422A, 0x422A, 0x422A, 0x422A, 0x422A, 0x422A, 0x422A, 0x422A, 0x422A, 0x422A, 0x422A, 0x422A,
  0x422A, 0x422A, 0x422A, 0x39E9, 0x39E9, 0x39E9, 0x39E9, 0x39E9, 0x422A, 0x95FD, 0x95FD, 0x95FD,
  0x95FD, 0x95FD, 0x4271, 0x4271, 0x4271, 0x4271, 0x4271, 0x4271, 0x4271, 0xE166, 0x43DC, 0xF79D,
  0x4271, 0x4271, 0x4271, 0x4271, 0x39E9, 0x4271, 0x4271, 0x4271, 0xDE79, 0xDE79, 0xDE79, 0xDE79,
  0xDE79, 0xDE79, 0xDE79, 0xDE79, 0xDE79, 0xDE79, 0xDE79, 0xDE79, 0xDE79, 0xDE79, 0xDE79, 0xDE79,
  0xDE79, 0xDE79, 0xDE79, 0xDE79, 0xDE79, 0xDE79, 0xDE79, 0xDE79, 0xDE79, 0xDE79, 0xDE79, 0xDE79,
  0xCC12, 0xA576, 0xA576, 0xA576, 0xA576, 0xA576, 0xA576, 0xA576, 0xA576, 0xA576, 0xA576, 0xA576,
  0xA576, 0xA576, 0xA576, 0xA576, 0xA576, 0xA576, 0xA576, 0xA576, 0xA576, 0xA576, 0xA576, 0xA576,
  0xA576, 0xA576, 0xA576, 0xA576, 0xA576, 0xA576, 0xA576, 0xA576, 0xA576, 0xA576, 0xA576, 0xA576,
  0xA576, 0xA576, 0xA576, 0xA576, 0xA576, 0xA576, 0xA576, 0xA576, 0xA576, 0xA576, 0xA576, 0xA576,
  0xA576, 0xA576, 0xA576, 0xA576, 0xA576, 0xA576, 0xA576, 0xA576, 0xA576, 0xA576, 0xA576, 0xA576,
  0xA576, 0xA576, 0xA576, 0xA576, 0xA576, 0xA576, 0xA576, 0xA576, 0xA576, 0xA576, 0xA576, 0xCC12,
  0xCC12, 0xCC12, 0xCC12, 0xCC12, 0xCC12, 0xDE79, 0xDE79, 0xDE79, 0xDE79, 0xDE79, 0xDE79, 0xDE79,
  0xDE79, 0xDE79, 0xDE79, 0xDE79, 0xDE79, 0xDE79, 0x5B52, 0x5B52, 0x5B52, 0x5B52, 0x5B52, 0x5B52,
  0x5B52, 0x5B52, 0x5B52, 0x5B52, 0x5B52, 0x5B52, 0x5B52, 0x5B52, 0x5B52, 0x5B52, 0x5B52, 0x5B52,
  0x5B52, 0x5B52, 0x5B52, 0x5B52, 0x5B52, 0x5B52, 0x5B52, 0x5B52, 0x5B52, 0x5B52, 0x5B52, 0x5B52,
  0x5B52, 0x5B52, 0x5B52, 0x5B52, 0x5B52, 0x5B52, 0xA576, 0xA576, 0xA576, 0xA576, 0xA576, 0xA576,
  0xA576, 0xA576, 0xA576, 0xA576, 0xA576, 0xA576, 0xA576, 0xA576, 0xA576, 0xA576, 0xA576, 0xA576,
  0xA576, 0xA576, 0xA576, 0xA576, 0xA576, 0xA576, 0xA576, 0xA576, 0xA576, 0xA576, 0xA576, 0xA576,
  0xA576, 0xA576, 0xA576, 0xA576, 0xA576, 0xA576, 0xA576, 0xA576, 0xA576, 0xA576, 0xA576, 0xA576,
  0xA576, 0xA576, 0xA576, 0xA576, 0xA576, 0xA576, 0xA576, 0xA576, 0xA576, 0xDE13, 0xDE13, 0xDE13,
  0xDE13, 0xDE13, 0xDE13, 0xDE13, 0xDE13, 0xDE13, 0xDE54, 0xDE54, 0xDE54, 0xDE54, 0xDE54, 0xDE54,
  0xDE54, 0xDE54, 0xDE54, 0xDEB6, 0xDEB6, 0xCE59, 0xCE59, 0xCE59, 0xB966, 0xB966, 0xB966, 0xB966,
  0xCE59, 0xCE59, 0xCE59, 0xCE59, 0xCE59, 0x39E9, 0x39E9, 0x39E9, 0x39E9, 0x39E9, 0x39E9, 0x39E9,
  0x39E9, 0x39E9, 0x39E9, 0x39E9, 0x39E9, 0x39E9, 0x39E9, 0x39E9, 0x39E9, 0x39E9, 0x39E9, 0x39E9,
  0x39E9, 0x39E9, 0x39E9, 0x39E9, 0x39E9, 0x39E9, 0x39E9, 0x39E9, 0x39E9, 0x39E9, 0x39E9, 0x39E9,
  0x39E9, 0x39E9, 0x39E9, 0x39E9, 0x39E9, 0x39E9, 0x39E9, 0x39E9, 0x39E9, 0x39E9, 0x39E9, 0x39E9,
  0x39E9, 0x39E9, 0x39E9, 0x39E9, 0x39E9, 0x31A8, 0x31A8, 0x31A8, 0x31A8, 0x31A8, 0x31A8, 0xA576,
  0xA576, 0xD699, 0xA576, 0xA576, 0x3A2E, 0x3A2E, 0x3A2E, 0x3A2E, 0x3A2E, 0x3A2E, 0x3A2E, 0x3A2E,
  0x3A2E, 0xD699, 0x3A2E, 0x3A2E, 0x3A2E, 0x3A2E, 0x3A2E, 0x3A2E, 0x3A2E, 0x3A2E, 0x3A2E, 0x3A2E,
  0x31A8, 0x3A2E, 0x3A2E, 0x3A2E, 0xFF7D, 0xFF7D, 0xFF7D, 0xFF7D, 0xFF7D, 0xFF7D, 0xFF7D, 0xFF7D,
  0xFF7D, 0xFF7D, 0xFF7D, 0xFF7D, 0xFF7D, 0xFF7D, 0xFF7D, 0xFF7D, 0xFF7D, 0xFF7D, 0xFF7D, 0xFF7D,
  0xFF7D, 0xFF7D, 0xFF7D, 0xFF7D, 0xFF7D, 0xFF7D, 0xFF7D, 0xECB5, 0xECB5, 0xBE3A, 0xBE3A, 0xBE3A,
  0xBE3A, 0xBE3A, 0xBE3A, 0xBE3A, 0xBE3A, 0xBE3A, 0xBE3A, 0xBE3A, 0xBE3A, 0xBE3A, 0xBE3A, 0xBE3A,
  0xBE3A, 0xBE3A, 0xBE3A, 0xBE3A, 0xBE3A, 0xBE3A, 0xBE3A, 0xBE3A, 0xBE3A, 0xBE3A, 0xBE3A, 0xBE3A,
  0xBE3A, 0xBE3A, 0xBE3A, 0xBE3A, 0xBE3A, 0xBE3A, 0xBE3A, 0xBE3A, 0xBE3A, 0xBE3A, 0xBE3A, 0xBE3A,
  0xBE3A, 0xBE3A, 0xBE3A, 0xBE3A, 0xBE3A, 0xBE3A, 0xBE3A, 0xBE3A, 0xBE3A, 0xBE3A, 0xBE3A, 0xBE3A,
  0xBE3A, 0xBE3A, 0xBE3A, 0xBE3A, 0xBE3A, 0xBE3A, 0xBE3A, 0xBE3A, 0xBE3A, 0xBE3A, 0xBE3A, 0xBE3A,
  0xBE3A, 0xBE3A, 0xBE3A, 0xBE3A, 0xBE3A, 0xBE3A, 0xBE3A, 0xBE3A, 0xECB5, 0xECB5, 0xECB5, 0xECB5,
  0xECB5, 0xECB5, 0xECB5, 0xECB5, 0xECB5, 0xECB5, 0xECB5, 0xECB5, 0xFF7D, 0xFF7D, 0xFF7D, 0xFF7D,
  0x6BD5, 0x6BD5, 0x6BD5, 0x6BD5, 0x6BD5, 0x6BD5, 0x6BD5, 0x6BD5, 0x6BD5, 0x6BD5, 0x6BD5, 0x6BD5,
  0x6BD5, 0x6BD5, 0x6BD5, 0x6BD5, 0x6BD5, 0x6BD5, 0x6BD5, 0x6BD5, 0x6BD5, 0x6BD5, 0x6BD5, 0x6BD5,
  0x6BD5, 0x6BD5, 0x6BD5, 0x6BD5, 0x6BD5, 0x6BD5, 0x6BD5, 0x6BD5, 0x6BD5, 0x6BD5, 0x6BD5, 0x6BD5,
  0x6BD5, 0x6BD5, 0x6BD5, 0x6BD5, 0x6BD5, 0x6BD5, 0xBE3A, 0xBE3A, 0xBE3A, 0xBE3A, 0xBE3A, 0xBE3A,
  0xBE3A, 0xBE3A, 0xBE3A, 0xBE3A, 0xBE3A, 0xBE3A, 0xBE3A, 0xBE3A, 0xBE3A, 0xBE3A, 0xBE3A, 0xBE3A,
  0xBE3A, 0xBE3A, 0xBE3A, 0xBE3A, 0xBE3A, 0xBE3A, 0xBE3A, 0xBE3A, 0xBE3A, 0xBE3A, 0xBE3A, 0xBE3A,
  0xBE3A, 0xBE3A, 0xBE3A, 0xBE3A, 0xBE3A, 0xBE3A, 0xBE3A, 0xBE3A, 0xBE3A, 0xBE3A, 0xBE3A, 0x6BD5,
  0x6BD5, 0x6BD5, 0x6BD5, 0x6BD5, 0x6BD5, 0x6BD5, 0x6BD5, 0x6BD5, 0xFEF6, 0xFEF6, 0xFEF6, 0xFEF6,
  0xFEF6, 0xFEF6, 0xFF57, 0xFF57, 0xFF57, 0xFF57, 0xFF57, 0xFF57, 0xFF57, 0xFF57, 0xEF3C, 0xEF3C,
  0xEF3C, 0xD9A7, 0xD9A7, 0xD9A7, 0xD9A7, 0xEF5D, 0xEF5D, 0xEF5D, 0xEF5D, 0x422A, 0x422A, 0x422A,
  0x422A, 0x422A, 0x422A, 0x422A, 0x422A, 0x422A, 0x422A, 0x422A, 0x422A, 0x422A, 0x422A, 0x422A,
  0x422A, 0x422A, 0x422A, 0x422A, 0x422A, 0x422A, 0x422A, 0x422A, 0x422A, 0x422A, 0x422A, 0x422A,
  0x422A, 0x422A, 0x422A, 0x422A, 0x422A, 0x422A, 0x422A, 0x422A, 0x422A, 0x422A, 0x422A, 0x422A,
  0x422A, 0x422A, 0x422A, 0x422A, 0x422A, 0x422A, 0x422A, 0x39E9, 0x39E9, 0x39E9, 0x39E9, 0x39E9,
  0x39E9, 0xBE3A, 0xBE3A, 0xBE3A, 0xBE3A, 0xBE3A, 0xBE3A, 0x4271, 0x4271, 0x4271, 0x4271, 0x4271,
  0x4271, 0x4271, 0x4271, 0xFE26, 0x4271, 0x4271, 0x4271, 0x4271, 0x4271, 0x4271, 0x4271, 0xE187,
  0x4271, 0xFE26, 0x4271, 0x4271, 0x4271, 0x4271, 0x4271, 0x4271, 0x39E9, 0x4271, 0x4271, 0x4271,
  0xD679, 0xD679, 0xD679, 0xD679, 0xD679, 0xD679, 0xD679, 0xDE79, 0xDE79, 0xDE79, 0xDE79, 0xDE79,
  0xDE79, 0xDE79, 0xDE79, 0xDE79, 0xDE79, 0xDE79, 0xDE79, 0xDE79, 0xDE79, 0xDE79, 0xDE79, 0xDE79,
  0xDE79, 0xDE79, 0xDE79, 0xCC12, 0xCC12, 0xA576, 0xA576, 0xA576, 0xA576, 0xA576, 0xA576, 0xA576,
  0xA576, 0xA576, 0xA576, 0xA576, 0xA576, 0xA576, 0xA576, 0xA576, 0xA576, 0xA576, 0xA576, 0xA576,
  0xA576, 0xA576, 0xA576, 0xA576, 0xA576, 0xA576, 0xA576, 0xA576, 0xA576, 0xA576, 0xA576, 0xA576,
  0xA576, 0xA576, 0xA576, 0xA576, 0xA576, 0xA576, 0xA576, 0xA576, 0xA576, 0xA576, 0xA576, 0xA576,
  0xA576, 0xA576, 0xA576, 0xA576, 0xA576, 0xA576, 0xA576, 0xA576, 0xA576, 0xA576, 0xA576, 0xA576,
  0xA576, 0xA576, 0xA576, 0xA576, 0xA576, 0xA576, 0xA576, 0xA576, 0xA576, 0xA576, 0xA576, 0xA576,
  0xA576, 0xA576, 0xA576, 0xA576, 0xA576, 0xA576, 0xCC12, 0xCC12, 0xCC12, 0xCC12, 0xCC12, 0xCC12,
  0xCC12, 0xCC12, 0xCC12, 0xCC12, 0xCC12, 0xCC12, 0x5B52, 0x5B52, 0x5B52, 0x5B52, 0x5B52, 0x5B52,
  0x41E9, 0x41E9, 0x41E9, 0x41E9, 0x41E9, 0x41E9, 0x41E9, 0x41E9, 0x41E9, 0x41E9, 0x41E9, 0x41E9,
  0x41E9, 0x41E9, 0x41E9, 0x41E9, 0x41E9, 0x41E9, 0x41E9, 0x41E9, 0x41E9, 0x41E9, 0x41E9, 0x41E9,
  0x41E9, 0x41E9, 0x41E9, 0x41E9, 0x41E9, 0x41E9, 0x41E9, 0x41E9, 0x41E9, 0x41E9, 0x41E9, 0x41E9,
  0x41E9, 0x41E9, 0x41E9, 0x41E9, 0x41E9, 0x41E9, 0x41E9, 0x41E9, 0x41E9, 0x41E9, 0x41E9, 0x41E9,
  0x41E9, 0x41E9, 0x41E9, 0x41E9, 0x41E9, 0x41E9, 0x41E9, 0x41E9, 0x41E9, 0x41E9, 0x41E9, 0x41E9,
  0x41E9, 0x41E9, 0x41E9, 0x41E9, 0x41E9, 0x41E9, 0x41E9, 0x41E9, 0x41E9, 0x41E9, 0x41E9, 0x41E9,
  0x41E9, 0x41E9, 0x41E9, 0x41E9, 0x41E9, 0x41E9, 0x41E9, 0x41E9, 0x41E9, 0x5B52, 0x5B52, 0x5B52,
  0x5B52, 0x5B52, 0x5B52, 0x5B52, 0x5B52, 0x5B52, 0x5B52, 0x5B52, 0x5B52, 0x5B52, 0xDE54, 0xDE54,
  0xDE54, 0xDE54, 0xDE54, 0xCE58, 0xCE58, 0xCE58, 0xB986, 0xB986, 0xB986, 0xB966, 0xCE59, 0xCE59,
  0xCE59, 0xCE59, 0x39E9, 0x39E9, 0x39E9, 0x39E9, 0x39E9, 0x39E9, 0x39E9, 0x39E9, 0x39E9, 0x39E9,
  0x39E9, 0x39E9, 0x39E9, 0x39E9, 0x39E9, 0x39E9, 0x39E9, 0x39E9, 0x39E9, 0x39E9, 0x39E9, 0x39E9,
  0x39E9, 0x39E9, 0x39E9, 0x39E9, 0x39E9, 0x39E9, 0x39E9, 0x39E9, 0x39E9, 0x39E9, 0x39E9, 0x39E9,
  0x39E9, 0x39E9, 0x39E9, 0x39E9, 0x39E9, 0x39E9, 0x39E9, 0x39E9, 0x39E9, 0x31A8, 0x31A8, 0x31A8,
  0x31A8, 0x31A8, 0x31A8, 0xA576, 0xA576, 0xA576, 0xA576, 0xA576, 0xA576, 0x3A2E, 0x3A2E, 0x3A2E,
  0x3A2E, 0x3A2E, 0x3A2E, 0x3A2E, 0x3B78, 0x3A2E, 0x3A2E, 0x3A2E, 0x3A2E, 0x3A2E, 0x3A2E, 0x3A2E,
  0x3A2E, 0x3A2E, 0x3A2E, 0x3A2E, 0x3A2E, 0x3A2E, 0x3A2E, 0x3A2E, 0x24AB, 0x3B78, 0x3A2E, 0x3A2E,
  0xD69A, 0x3A2E, 0xD343, 0x3A2E, 0x31A8, 0xD343, 0xC966, 0xD69A, 0xF77D, 0xF77D, 0xF77D, 0xF77D,
  0xF77D, 0xF77D, 0xF77D, 0xF77D, 0xF77D, 0xF77D, 0xF77D, 0xF77D, 0xF77D, 0xF77D, 0xF77D, 0xFF7D,
  0xFF7D, 0xFF7D, 0xFF7D, 0xFF7D, 0xFF7D, 0xFF7D, 0xFF7D, 0xFF7D, 0xFF7D, 0xFF7D, 0xECB5, 0xECB5,
  0xBE3A, 0xBE3A, 0xBE3A, 0xBE3A, 0xBE3A, 0xBE3A, 0xBE3A, 0xBE3A, 0xBE3A, 0xBE3A, 0xBE3A, 0xBE3A,
  0xBE3A, 0xBE3A, 0xBE3A, 0xBE3A, 0xBE3A, 0xBE3A, 0xBE3A, 0xBE3A, 0xBE3A, 0xBE3A, 0xBE3A, 0xBE3A,
  0xBE3A, 0xBE3A, 0xBE3A, 0xBE3A, 0xBE3A, 0xBE3A, 0xBE3A, 0xBE3A, 0xBE3A, 0xBE3A, 0xBE3A, 0xBE3A,
  0xBE3A, 0xBE3A, 0xBE3A, 0xBE3A, 0xBE3A, 0xBE3A, 0xBE3A, 0xBE3A, 0xBE3A, 0xBE3A, 0xBE3A, 0xBE3A,
  0xBE3A, 0xBE3A, 0xBE3A, 0xBE3A, 0xBE3A, 0xBE3A, 0xBE3A, 0xBE3A, 0xBE3A, 0xBE3A, 0xBE3A, 0xBE3A,
  0xBE3A, 0xBE3A, 0xBE3A, 0xBE3A, 0xBE3A, 0xBE3A, 0xBE3A, 0xBE3A, 0xBE3A, 0xBE3A, 0xBE3A, 0xBE3A,
  0xBE3A, 0xBE3A, 0xBE3A, 0xBE3A, 0xBE3A, 0xECB5, 0xECB5, 0xECB5, 0xECB5, 0xECB5, 0xECB5, 0xECB5,
  0x6BD5, 0x6BD5, 0x6BD5, 0x6BD5, 0x6BD5, 0x6BD5, 0x6BD5, 0x6BD5, 0x4A4B, 0x4A4B, 0x4A4B, 0x4A4B,
  0x4A4B, 0x4A4B, 0x4A4B, 0x4A4B, 0x4A4B, 0x4A4B, 0x4A4B, 0x4A4B, 0x4A4B, 0x4A4B, 0x4A4B, 0x4A4B,
  0x4A4B, 0x4A4B, 0x4A4B, 0x4A4B, 0x4A4B, 0x4A4B, 0x4A4B, 0x4A4B, 0x4A4B, 0x4A4B, 0x4A4B, 0x4A4B,
  0x4A4B, 0x4A4B, 0x4A4B, 0x4A4B, 0x4A4B, 0x4A4B, 0x4A4B, 0x4A4B, 0x4A4B, 0x4A4B, 0x4A4B, 0x4A4B,
  0x4A4B, 0x4A4B, 0x4A4B, 0x4A4B, 0x4A4B, 0x4A4B, 0x4A4B, 0x4A4B, 0x4A4B, 0x4A4B, 0x4A4B, 0x4A4B,
  0x4A4B, 0x4A4B, 0x4A4B, 0x4A4B, 0x4A4B, 0x4A4B, 0x4A4B, 0x4A4B, 0x4A4B, 0x4A4B, 0x4A4B, 0x4A4B,
  0x4A4B, 0x4A4B, 0x4A4B, 0x4A4B, 0x4A4B, 0x4A4B, 0x4A4B, 0x4A4B, 0x4A4B, 0x4A4B, 0x4A4B, 0x4A4B,
  0x4A4B, 0x4A4B, 0x4A4B, 0x4A4B, 0x4A4B, 0x6BD5, 0x6BD5, 0x6BD5, 0x6BD5, 0x6BD5, 0x6BD5, 0x6BD5,
  0x6BD5, 0x6BD5, 0x6BD5, 0x6BD5, 0x6BD5, 0x6BD5, 0x6BD5, 0x6BD5, 0xEF3C, 0xEF3C, 0xEF3C, 0xD9C7,
  0xD9C7, 0xD9C7, 0xEF3C, 0xEF3C, 0xEF3C, 0xEF5D, 0x422A, 0x422A, 0x422A, 0x422A, 0x422A, 0x422A,
  0x422A, 0x422A, 0x422A, 0x422A, 0x422A, 0x422A, 0x422A, 0x422A, 0x422A, 0x422A, 0x422A, 0x422A,
  0x422A, 0x422A, 0x422A, 0x422A, 0x422A, 0x422A, 0x422A, 0x422A, 0x422A, 0x422A, 0x422A, 0x422A,
  0x422A, 0x422A, 0x422A, 0x422A, 0x422A, 0x422A, 0x422A, 0x422A, 0x422A, 0x422A, 0x422A, 0x39E9,
  0x39E9, 0x39E9, 0x39E9, 0x39E9, 0x39E9, 0xFEF6, 0xFEF6, 0xFEF6, 0xFEF6, 0xBE3A, 0xBE3A, 0x4271,
  0x4271, 0x4271, 0x4271, 0x4271, 0x4271, 0x4271, 0x4271, 0x4271, 0x4271, 0x4271, 0x4271, 0x4271,
  0x2D4C, 0xF3E4, 0x2D4C, 0x4271, 0x4271, 0x4271, 0xF3E4, 0x4271, 0x4271, 0x4271, 0x4271, 0x4271,
  0x4271, 0x4271, 0x4271, 0x4271, 0x4271, 0xF79E, 0x4271, 0x4271, 0x4271, 0xF3E4, 0x4271, 0x4271,
  0x39E9, 0x31EE, 0x31EE, 0x31EE, 0x29AD, 0xD679, 0xD679, 0xD679, 0xD679, 0xD679, 0xD679, 0xD679,
  0xD679, 0xD679, 0xD679, 0xD679, 0xD679, 0xD679, 0xD679, 0xD679, 0xD679, 0xD679, 0xD679, 0xD679,
  0xD679, 0xD679, 0xDE79, 0xCC12, 0xCC12, 0xCC12, 0xCC12, 0xA576, 0xA576, 0xA576, 0xA576, 0xA576,
  0xA576, 0xA576, 0xA576, 0xA576, 0xA576, 0xA576, 0xA576, 0xA576, 0xA576, 0xA576, 0xA576, 0xA576,
  0xA576, 0xA576, 0xA576, 0xA576, 0xA576, 0xA576, 0xA576, 0xA576, 0xA576, 0xA576, 0xA576, 0xA576,
  0xA576, 0xA576, 0xA576, 0xA576, 0xA576, 0xA576, 0xA576, 0xA576, 0xA576, 0xA576, 0xA576, 0xA576,
  0xA576, 0xA576, 0xA576, 0xA576, 0xA576, 0xA576, 0xA576, 0xA576, 0xA576, 0xA576, 0xA576, 0xA576,
  0xA576, 0xA576, 0xA576, 0xA576, 0xA576, 0xA576, 0xA576, 0xA576, 0xA576, 0xA576, 0xA576, 0xA576,
  0xA576, 0xA576, 0xA576, 0xA576, 0xA576, 0xA576, 0xA576, 0xA576, 0xA576, 0xA576, 0xA576, 0xA576,
  0xA576, 0xA576, 0xA576, 0xA576, 0xA576, 0xA576, 0x5B52, 0x5B52, 0x5B52, 0x5B52, 0x5B52, 0x5B52,
  0x5B52, 0x5B52, 0x5B52, 0x5B52, 0x2103, 0x2103, 0x2103, 0x2103, 0xD658, 0xD658, 0xD658, 0x2103,
  0x2103, 0x2103, 0xD658, 0xD658, 0xD658, 0x2103, 0x2103, 0x2103, 0xD658, 0xD658, 0xD658, 0x2103,
  0x2103, 0x2103, 0x2103, 0xD658, 0xD658, 0xD658, 0x2103, 0x2103, 0x2103, 0xD658, 0xD658, 0xD658,
  0x2103, 0x2103, 0x2103, 0xD658, 0xD658, 0xD658, 0x2103, 0x2103, 0x2103, 0x2103, 0xD658, 0xD658,
  0xD658, 0x2103, 0x2103, 0x2103, 0xD658, 0xD658, 0xD658, 0x2103, 0x2103, 0x2103, 0xD658, 0xD658,
  0xD658, 0x2103, 0x2103, 0x2103, 0x2103, 0xD658, 0xD658, 0xD658, 0x2103, 0x2103, 0x2103, 0xD658,
  0xD658, 0xD658, 0x2103, 0x2103, 0x2103, 0xD658, 0xD658, 0xD658, 0x2103, 0x2103, 0x2103, 0x2103,
  0x41E9, 0x5B52, 0x5B52, 0x5B52, 0x5B52, 0x5B52, 0x5B52, 0x5B52, 0x5B52, 0x5B52, 0x5B52, 0x5B52,
  0x5B52, 0xCE58, 0xCE58, 0xCE58, 0xB986, 0xB986, 0xCE58, 0xCE58, 0xCE58, 0xCE58, 0x41E9, 0x41E9,
  0x41E9, 0x41E9, 0x41E9, 0x41E9, 0x41E9, 0x41E9, 0x41E9, 0x41E9, 0x41E9, 0x41E9, 0x41E9, 0x41E9,
  0x41E9, 0x41E9, 0x41E9, 0x41E9, 0x41E9, 0x41E9, 0x41E9, 0x41E9, 0x41E9, 0x41E9, 0x41E9, 0x41E9,
  0x41E9, 0x41E9, 0x41E9, 0x41E9, 0x41E9, 0x41E9, 0x41E9, 0x41E9, 0x41E9, 0x41E9, 0x41E9, 0x41E9,
  0x41E9, 0x31A8, 0x31A8, 0x31A8, 0x31A8, 0x31A8, 0x31A8, 0xDE54, 0xDE13, 0xDE13, 0xDD65, 0xDE13,
  0xDE13, 0x422E, 0x422E, 0x422E, 0x422E, 0x422E, 0x422E, 0x3A2E, 0x3B78, 0xC966, 0x3A2E, 0x3A2E,
  0x3A2E, 0x3A2E, 0x3A2E, 0x3A2E, 0x3A2E, 0x3A2E, 0x3A2E, 0xD699, 0x3A2E, 0x3A2E, 0x3A2E, 0x3A2E,
  0x3A2E, 0x24AB, 0xD364, 0x3A2E, 0x3A2E, 0x3A2E, 0x3A2E, 0x3A2E, 0x3A2E, 0x3A2E, 0x3A2E, 0x24AB,
  0x3A2E, 0x29AC, 0x29AC, 0x29AC, 0x29AC, 0x29AC, 0x29AC, 0x29AC, 0x31A8, 0x29AC, 0x29AC, 0x24AB,
  0x29EF, 0x29EF, 0x29EF, 0x29EF, 0x29EF, 0x29EF, 0x29EF, 0x29EF, 0x29EF, 0x29EF, 0x29EF, 0xF77D,
  0xF77D, 0xF77D, 0xF77D, 0xF77D, 0xF77D, 0xF77D, 0xF77D, 0xF77D, 0xF77D, 0xF77D, 0xF77D, 0xF77D,
  0xF77D, 0xF77D, 0xF77D, 0xF77D, 0xF77D, 0xF77D, 0xBE3A, 0xBE3A, 0xBE3A, 0xBE3A, 0xBE3A, 0xBE3A,
  0xBE3A, 0xBE3A, 0xBE3A, 0xBE3A, 0xBE3A, 0xBE3A, 0xBE3A, 0xBE3A, 0xBE3A, 0xBE3A, 0xBE3A, 0xBE3A,
  0xBE3A, 0xBE3A, 0xBE3A, 0xBE3A, 0xBE3A, 0xBE3A, 0xBE3A, 0xBE3A, 0xBE3A, 0xBE3A, 0xBE3A, 0xBE3A,
  0xBE3A, 0xBE3A, 0xBE3A, 0xBE3A, 0xBE3A, 0xBE3A, 0xBE3A, 0xBE3A, 0xBE3A, 0xBE3A, 0xBE3A, 0xBE3A,
  0xBE3A, 0xBE3A, 0xBE3A, 0xBE3A, 0xBE3A, 0xBE3A, 0xBE3A, 0xBE3A, 0xBE3A, 0xBE3A, 0xBE3A, 0xBE3A,
  0xBE3A, 0xBE3A, 0xBE3A, 0xBE3A, 0xBE3A, 0xBE3A, 0xBE3A, 0xBE3A, 0xBE3A, 0xBE3A, 0xBE3A, 0xBE3A,
  0xBE3A, 0xBE3A, 0xBE3A, 0xBE3A, 0xBE3A, 0xBE3A, 0xBE3A, 0xBE3A, 0xBE3A, 0xBE3A, 0xBE3A, 0xBE3A,
  0x6BD5, 0x6BD5, 0x6BD5, 0x6BD5, 0x6BD5, 0x6BD5, 0x6BD5, 0x6BD5, 0x6BD5, 0x6BD5, 0x6BD5, 0x6BD5,
  0x2924, 0x2924, 0x2924, 0x2924, 0xF75C, 0xF75C, 0xF75C, 0x2924, 0x2924, 0x2924, 0xF75C, 0xF75C,
  0xF75C, 0x2924, 0x2924, 0x2924, 0xF75C, 0xF75C, 0xF75C, 0x2924, 0x2924, 0x2924, 0x2924, 0xF75C,
  0xF75C, 0xF75C, 0x2924, 0x2924, 0x2924, 0xF75C, 0xF75C, 0xF75C, 0x2924, 0x2924, 0x2924, 0xF75C,
  0xF75C, 0xF75C, 0x2924, 0x2924, 0x2924, 0x2924, 0xF75C, 0xF75C, 0xF75C, 0x2924, 0x2924, 0x2924,
  0xF75C, 0xF75C, 0xF75C, 0x2924, 0x2924, 0x2924, 0xF75C, 0xF75C, 0xF75C, 0x2924, 0x2924, 0x2924,
  0x2924, 0xF75C, 0xF75C, 0xF75C, 0x2924, 0x2924, 0x2924, 0xF75C, 0xF75C, 0xF75C, 0x2924, 0x2924,
  0x2924, 0xF75C, 0xF75C, 0xF75C, 0x2924, 0x2924, 0x2924, 0x2924, 0x4A4B, 0x6BD5, 0x6BD5, 0x6BD5,
  0x6BD5, 0x4B30, 0x4B30, 0x4B30, 0x4B30, 0xEF3C, 0xEF3C, 0xD9E8, 0xD9E8, 0xD9C7, 0xD9C7, 0xD9C7,
  0xEF3C, 0xEF3C, 0x4A4A, 0x4A4A, 0x4A4A, 0x4A4A, 0x4A4A, 0x4A4A, 0x4A4A, 0x4A4A, 0x4A4A, 0x4A4A,
  0x4A4A, 0x4A4A, 0x4A4A, 0x4A4A, 0x4A4A, 0x4A4A, 0x4A4A, 0x4A4A, 0x4A4A, 0x4A4A, 0x4A4A, 0x4A4A,
  0x4A4A, 0x4A4A, 0x4A4A, 0x4A4A, 0x4A4A, 0x4A4A, 0x4A4A, 0x4A4A, 0x4A4A, 0x4A4A, 0x4A4A, 0x4A4A,
  0x4A4A, 0x4A4A, 0x4A4A, 0x3A09, 0x3A09, 0x3A09, 0x3A09, 0x3A09, 0x3A09, 0xFF57, 0xFF57, 0x4BFB,
  0x3A09, 0xFF57, 0x4A91, 0x4A91, 0x4A91, 0x4A91, 0x4BFB, 0x4A91, 0xE1A7, 0x4A91, 0xE1A7, 0x4A91,
  0x4A91, 0x4A91, 0x4A91, 0x4271, 0xFE26, 0x4271, 0x4271, 0x4271, 0x4271, 0x4271, 0xF79D, 0x4271,
  0x4271, 0x4271, 0x4271, 0xF79D, 0x4271, 0xFE26, 0xFE26, 0xE187, 0x4271, 0x4271, 0x4271, 0x4271,
  0x4BFC, 0x3A0F, 0x3A0F, 0x2D4C, 0x3A0F, 0x3A0F, 0x3A0F, 0x3A0F, 0x3A0F, 0x31EE, 0x31EE, 0x31EE,
  0x31EE, 0x31EE, 0x31EE, 0x31EE, 0x39E9, 0x2D4C, 0x31EE, 0x31EE, 0x29AD, 0x29AD, 0x29AD, 0x29AD,
  0x29AD, 0x29AD, 0x29AD, 0x29AD, 0x29AD, 0x29AD, 0x29AD, 0x29AD, 0x29AD, 0x29AD, 0x29AD, 0x29AD,
  0x29AD, 0x29AD, 0x29AD, 0x29AD, 0x29AD, 0x29AD, 0xD679, 0xD679, 0xD679, 0xD679, 0xD679, 0xD679,
  0xD679, 0xD679, 0xD679, 0xD679, 0xD679, 0xD679, 0xD679, 0xD679, 0xD679, 0xD679, 0xA576, 0xA576,
  0xA576, 0xA576, 0x3AAE, 0x3AAE, 0x3AAE, 0x3AAE, 0x3AAE, 0x3AAE, 0x3AAE, 0x3AAE, 0x3AAE, 0x3AAE,
  0xA576, 0xA576, 0xA576, 0xA576, 0xA576, 0xA576, 0xA576, 0xA576, 0xA576, 0xA576, 0xA576, 0xA576,
  0xA576, 0xA576, 0xA576, 0xA576, 0xA576, 0xA576, 0xA576, 0xA576, 0xA576, 0xA576, 0xA576, 0xA576,
  0xA576, 0xA576, 0xA576, 0xA576, 0xA576, 0xA576, 0xA576, 0xA576, 0xA576, 0xA576, 0xA576, 0xA576,
  0xA576, 0xA576, 0xA576, 0xA576, 0xA576, 0xA576, 0xA576, 0xA576, 0xA576, 0xA576, 0xA576, 0xA576,
  0xA576, 0xA576, 0xA576, 0xA576, 0xA576, 0x5B52, 0x5B52, 0x5B52, 0x5B52, 0x5B52, 0x5B52, 0x5B52,
  0x5B52, 0x5B52, 0x5B52, 0x5B52, 0x5B52, 0x5B52, 0x5B52, 0x5B52, 0x2103, 0x2103, 0x2103, 0x2103,
  0xD658, 0xD658, 0xD658, 0x2103, 0x2103, 0x2103, 0xD658, 0xD658, 0xD658, 0x2103, 0x2103, 0x2103,
  0xD658, 0xD658, 0xD658, 0x2103, 0x2103, 0x2103, 0x2103, 0xD658, 0xD658, 0xD658, 0x2103, 0x2103,
  0x2103, 0xD658, 0xD658, 0xD658, 0x2103, 0x2103, 0x2103, 0xD658, 0xD658, 0xD658, 0x2103, 0x2103,
  0x2103, 0x2103, 0xD658, 0xD658, 0xD658, 0x2103, 0x2103, 0x2103, 0xD658, 0xD658, 0xD658, 0x2103,
  0x2103, 0x2103, 0xD658, 0xD658, 0xD658, 0x2103, 0x2103, 0x2103, 0x2103, 0xD658, 0xD658, 0xD658,
  0x2103, 0x2103, 0x2103, 0xD658, 0xD658, 0xD658, 0x2103, 0x2103, 0x2103, 0xD658, 0xD658, 0xD658,
  0x2103, 0x2103, 0x2103, 0x2103, 0x41E9, 0x5B52, 0x3AAE, 0x3AAE, 0x3AAE, 0xCE38, 0xCE38, 0xCE38,
  0xCE38, 0xB9A7, 0xB9A7, 0xCE38, 0xCE38, 0xCE58, 0x41E9, 0x41E9, 0x41E9, 0x41E9, 0x41E9, 0x41E9,
  0x41E9, 0x41E9, 0x41E9, 0x41E9, 0x41E9, 0x41E9, 0x41E9, 0x41E9, 0x41E9, 0x41E9, 0x41E9, 0x41E9,
  0x41E9, 0x41E9, 0x41E9, 0x41E9, 0x41E9, 0x41E9, 0x41E9, 0x41E9, 0x41E9, 0x41E9, 0x41E9, 0x41E9,
  0x41E9, 0x41E9, 0x41E9, 0x41E9, 0x31A8, 0x31A8, 0x31A8, 0x31A8, 0x31A8, 0x31A8, 0x31A8, 0xDEB6,
  0x4378, 0xDEB6, 0xC986, 0xDEB6, 0x422E, 0x422E, 0x422E, 0x422E, 0x31A8, 0x422E, 0x422E, 0xD699,
  0x422E, 0x422E, 0x422E, 0x422E, 0x422E, 0x422E, 0x422E, 0x422E, 0x422E, 0x422E, 0x422E, 0x3A2E,
  0xD364, 0x3A2E, 0xC966, 0x3A2E, 0x3A2E, 0x3A2E, 0xD364, 0xDD65, 0xD699, 0x3A2E, 0x3A2E, 0xC966,
  0x31CD, 0x31CD, 0x31CD, 0x31CD, 0x31CD, 0xD699, 0x31CD, 0x31CD, 0xC966, 0x31CD, 0x31CD, 0x31CD,
  0xD699, 0x3B78, 0x31CD, 0xC966, 0x31CD, 0x29AC, 0x29AC, 0x29AC, 0x29AC, 0x29AC, 0x29AC, 0x29AC,
  0x31A8, 0x29AC, 0x29AC, 0x29AC, 0x9DFF, 0x9DFF, 0x29EF, 0x29EF, 0x29EF, 0x29EF, 0x29EF, 0x29EF,
  0x29EF, 0x29EF, 0x29EF, 0x29EF, 0x29EF, 0x29EF, 0x29EF, 0x29EF, 0x29EF, 0x29EF, 0x29EF, 0x29EF,
  0x29EF, 0x29EF, 0x29EF, 0x29EF, 0x29EF, 0x29EF, 0x29EF, 0x29EF, 0x29EF, 0x29EF, 0x29EF, 0x29EF,
  0xF77D, 0xF77D, 0xF77D, 0xF77D, 0xF77D, 0xF77D, 0xF77D, 0xF77D, 0xF77D, 0xF77D, 0xF77D, 0xF77D,
  0xF77D, 0x4B30, 0x4B30, 0x4B30, 0x4B30, 0x4B30, 0x4B30, 0x4B30, 0x4B30, 0x4B30, 0x4B30, 0x4B30,
  0xBE3A, 0xBE3A, 0xBE3A, 0xBE3A, 0xBE3A, 0xBE3A, 0xBE3A, 0xBE3A, 0xBE3A, 0xBE3A, 0xBE3A, 0xBE3A,
  0xBE3A, 0xBE3A, 0xBE3A, 0xBE3A, 0xBE3A, 0xBE3A, 0xBE3A, 0xBE3A, 0xBE3A, 0xBE3A, 0xBE3A, 0xBE3A,
  0xBE3A, 0xBE3A, 0xBE3A, 0xBE3A, 0xBE3A, 0xBE3A, 0xBE3A, 0xBE3A, 0xBE3A, 0xBE3A, 0xBE3A, 0xBE3A,
  0xBE3A, 0xBE3A, 0xBE3A, 0xBE3A, 0xBE3A, 0xBE3A, 0xBE3A, 0xBE3A, 0xBE3A, 0xBE3A, 0xBE3A, 0x6BD5,
  0x6BD5, 0x6BD5, 0x6BD5, 0x6BD5, 0x6BD5, 0x6BD5, 0x6BD5, 0x6BD5, 0x6BD5, 0x6BD5, 0x6BD5, 0x6BD5,
  0x6BD5, 0x6BD5, 0x6BD5, 0x6BD5, 0xF75C, 0xF75C, 0xF75C, 0xF75C, 0x2924, 0x2924, 0x2924, 0xF75C,
  0xF75C, 0xF75C, 0x2924, 0x2924, 0x2924, 0xF75C, 0xF75C, 0xF75C, 0x2924, 0x2924, 0x2924, 0xF75C,
  0xF75C, 0xF75C, 0xF75C, 0x2924, 0x2924, 0x2924, 0xF75C, 0xF75C, 0xF75C, 0x2924, 0x2924, 0x2924,
  0xF75C, 0xF75C, 0xF75C, 0x2924, 0x2924, 0x2924, 0xF75C, 0xF75C, 0xF75C, 0xF75C, 0x2924, 0x2924,
  0x2924, 0xF75C, 0xF75C, 0xF75C, 0x2924, 0x2924, 0x2924, 0xF75C, 0xF75C, 0xF75C, 0x2924, 0x2924,
  0x2924, 0xF75C, 0xF75C, 0xF75C, 0xF75C, 0x2924, 0x2924, 0x2924, 0xF75C, 0xF75C, 0xF75C, 0x2924,
  0x2924, 0x2924, 0xF75C, 0xF75C, 0xF75C, 0x2924, 0x2924, 0x2924, 0xF75C, 0xF75C, 0xF75C, 0xF75C,
  0x4A4B, 0x4B30, 0xEF3C, 0xEF3C, 0xEF3C, 0xD9E8, 0xD9E8, 0xD9E8, 0xD9E8, 0xEF3C, 0xEF3C, 0x526B,
  0x526B, 0x526B, 0x526B, 0x526B, 0x526B, 0x526B, 0x526B, 0x526B, 0x526B, 0x526B, 0x526B, 0x526B,
  0x526B, 0x526B, 0x526B, 0x526B, 0x526B, 0x526B, 0x526B, 0x526B, 0x526B, 0x526B, 0x526B, 0x526B,
  0x526B, 0x526B, 0x526B, 0x526B, 0x526B, 0x526B, 0x3A09, 0x3A09, 0x3A09, 0x3A09, 0x3A09, 0x3A09,
  0xFFBA, 0xFFBA, 0xFFBA, 0xFFBA, 0xFFBA, 0x4A91, 0x4A91, 0x4A91, 0x4A91, 0xF79D, 0x4A91, 0x4A91,
  0x4A91, 0x4A91, 0xE1A7, 0x4A91, 0x3A09, 0x4A91, 0x4A91, 0x4A91, 0x4A91, 0x4A91, 0x4A91, 0x4A91,
  0x4A91, 0x4A91, 0x4A91, 0x4A91, 0x356D, 0x2D4C, 0x4A91, 0x4271, 0x4271, 0x2D4C, 0x4271, 0x4271,
  0x3A0F, 0x3A0F, 0x3A0F, 0xFE26, 0x3A0F, 0xE187, 0x3A0F, 0x4BFC, 0x3A0F, 0x3A0F, 0x3A0F, 0x3A0F,
  0x3A0F, 0x3A0F, 0x3A0F, 0x3A0F, 0x4BFC, 0x3A0F, 0xF79E, 0x3A0F, 0x3A0F, 0x3A0F, 0x3A0F, 0x3A0F,
  0x3A0F, 0x31EE, 0x31EE, 0x2D4C, 0xFE25, 0x31EE, 0xE166, 0x31EE, 0x39E9, 0x31EE, 0x31EE, 0x31EE,
  0x29AD, 0x29AD, 0x29AD, 0x853B, 0x853B, 0x853B, 0x853B, 0x853B, 0x853B, 0x853B, 0x853B, 0x853B,
  0x29AD, 0x29AD, 0x29AD, 0x29AD, 0x29AD, 0x29AD, 0x29AD, 0x29AD, 0x29AD, 0x29AD, 0x29AD, 0x29AD,
  0x29AD, 0x29AD, 0x29AD, 0x29AD, 0x29AD, 0x29AD, 0x29AD, 0x29AD, 0x29AD, 0x29AD, 0x29AD, 0x29AD,
  0x29AD, 0x29AD, 0x29AD, 0x29AD, 0x29AD, 0x29AD, 0xD679, 0xD679, 0xD679, 0xD679, 0xD679, 0xD679,
  0xD679, 0xD679, 0xD679, 0xD679, 0xD679, 0x3AAE, 0x3AAE, 0x3AAE, 0x3AAE, 0x3AAE, 0x3AAE, 0x3AAE,
  0xBD94, 0xBD94, 0xBD94, 0xBD94, 0xBD94, 0xBD94, 0xBD94, 0xBD94, 0xBD94, 0xBD94, 0xBD94, 0xBD94,
  0xBD94, 0xBD94, 0xBD94, 0xBD94, 0xBD94, 0xBD94, 0xBD94, 0xBD94, 0xBD94, 0xBD94, 0xBD94, 0xBD94,
  0xBD94, 0xBD94, 0xBD94, 0xBD94, 0xBD94, 0xBD94, 0xBD94, 0xBD94, 0xBD94, 0xBD94, 0xBD94, 0xBD94,
  0xBD94, 0xBD94, 0xBD94, 0xBD94, 0xBD94, 0x5B52, 0x5B52, 0x5B52, 0x5B52, 0x5B52, 0x5B52, 0x5B52,
  0x5B52, 0x5B52, 0x5B52, 0x5B52, 0x5B52, 0x5B52, 0x5B52, 0x5B52, 0x5B52, 0x5B52, 0x5B52, 0x5B52,
  0xD658, 0xD658, 0xD658, 0xD658, 0x2103, 0x2103, 0x2103, 0xD658, 0xD658, 0xD658, 0x2103, 0x2103,
  0x2103, 0xD658, 0xD658, 0xD658, 0x2103, 0x2103, 0x2103, 0xD658, 0xD658, 0xD658, 0xD658, 0x2103,
  0x2103, 0x2103, 0xD658, 0xD658, 0xD658, 0x2103, 0x2103, 0x2103, 0xD658, 0xD658, 0xD658, 0x2103,
  0x2103, 0x2103, 0xD658, 0xD658, 0xD658, 0xD658, 0x2103, 0x2103, 0x2103, 0xD658, 0xD658, 0xD658,
  0x2103, 0x2103, 0x2103, 0xD658, 0xD658, 0xD658, 0x2103, 0x2103, 0x2103, 0xD658, 0xD658, 0xD658,
  0xD658, 0x2103, 0x2103, 0x2103, 0xD658, 0xD658, 0xD658, 0x2103, 0x2103, 0x2103, 0xD658, 0xD658,
  0xD658, 0x2103, 0x2103, 0x2103, 0xD658, 0xD658, 0xD658, 0xD658, 0x41E9, 0xCE38, 0xB9A7, 0xB9A7,
  0xB9A7, 0xB9A7, 0xCE38, 0xCE38, 0xCE38, 0x4209, 0x4209, 0x4209, 0x4209, 0x4209, 0x4209, 0x4209,
  0x4209, 0x4209, 0x4209, 0x4209, 0x4209, 0x4209, 0x4209, 0x4209, 0x4209, 0x4209, 0x4209, 0x4209,
  0x4209, 0x4209, 0x4209, 0x4209, 0x4209, 0x4209, 0x4209, 0x4209, 0x39C8, 0x39C8, 0x31A8, 0x31A8,
  0x31A8, 0x31A8, 0x4209, 0xDEB6, 0xDEB6, 0x424E, 0x424E, 0x424E, 0x424E, 0xD384, 0x424E, 0x424E,
  0x4397, 0xD364, 0x422E, 0xD699, 0x422E, 0x422E, 0x422E, 0x422E, 0x422E, 0xC986, 0x422E, 0x422E,
  0x31A8, 0x422E, 0x422E, 0x422E, 0x422E, 0xDD65, 0x4378, 0x422E, 0x24AB, 0xC986, 0x422E, 0x31CD,
  0x31CD, 0x31CD, 0x31CD, 0x31CD, 0xC966, 0xC966, 0x31CD, 0x31CD, 0x31CD, 0x31CD, 0x31CD, 0x31CD,
  0x31CD, 0x31CD, 0x31CD, 0x31CD, 0x31CD, 0x31CD, 0x31CD, 0x31CD, 0xD364, 0x31CD, 0x3B78, 0x24AB,
  0xC146, 0x31CD, 0xD699, 0x31CD, 0x31CD, 0x31CD, 0x3B78, 0x31CD, 0x31CD, 0x3B58, 0x24AB, 0x29AC,
  0xD343, 0x29AC, 0x29AC, 0x29AC, 0x31A8, 0x29AC, 0x29AC, 0x29AC, 0x29EF, 0x29EF, 0x29EF, 0x29EF,
  0x29EF, 0x29EF, 0x29EF, 0x29EF, 0x29EF, 0x29EF, 0x29EF, 0x29EF, 0x29EF, 0x29EF, 0x29EF, 0x9DFF,
  0x9DFF, 0x9DFF, 0x9DFF, 0x9DFF, 0x9DFF, 0x9DFF, 0x29EF, 0x29EF, 0x29EF, 0x29EF, 0x29EF, 0x29EF,
  0x29EF, 0x29EF, 0x29EF, 0x29EF, 0x29EF, 0x29EF, 0x29EF, 0x29EF, 0x29EF, 0x29EF, 0x29EF, 0x29EF,
  0x29EF, 0x29EF, 0x29EF, 0x29EF, 0x29EF, 0x29EF, 0x29EF, 0x29EF, 0x29EF, 0x29EF, 0x29EF, 0x29EF,
  0xF77D, 0xF77D, 0xF77D, 0xF77D, 0xF77D, 0xF77D, 0xF77D, 0xF77D, 0xF77D, 0xF77D, 0x4B30, 0x4B30,
  0xDE77, 0xDE77, 0xDE77, 0xDE77, 0xDE77, 0xDE77, 0xDE77, 0xDE77, 0xDE77, 0xDE77, 0xDE77, 0xDE77,
  0xDE77, 0xDE77, 0xDE77, 0xDE77, 0xDE77, 0xDE77, 0xDE77, 0xDE77, 0xDE77, 0xDE77, 0xDE77, 0x4B30,
  0x4B30, 0x4B30, 0x4B30, 0x4B30, 0x4B30, 0x4B30, 0x4B30, 0x4B30, 0x4B30, 0x4B30, 0x4B30, 0x6BD5,
  0x6BD5, 0x6BD5, 0x6BD5, 0x6BD5, 0x6BD5, 0x6BD5, 0x6BD5, 0x6BD5, 0x6BD5, 0x6BD5, 0x6BD5, 0x6BD5,
  0x6BD5, 0x6BD5, 0x6BD5, 0x6BD5, 0x6BD5, 0x6BD5, 0x6BD5, 0x6BD5, 0x4A4B, 0x4A4B, 0x4A4B, 0x4A4B,
  0x4A4B, 0x4A4B, 0x4A4B, 0x4A4B, 0x4A4B, 0x4A4B, 0x4A4B, 0x4A4B, 0x4A4B, 0x4A4B, 0x4A4B, 0x4A4B,
  0x4A4B, 0x4A4B, 0x4A4B, 0x4A4B, 0x4A4B, 0x4A4B, 0x4A4B, 0x4A4B, 0x4A4B, 0x4A4B, 0x4A4B, 0x4A4B,
  0x4A4B, 0x4A4B, 0x4A4B, 0x4A4B, 0x4A4B, 0x4A4B, 0x4A4B, 0x4A4B, 0x4A4B, 0x4A4B, 0x4A4B, 0x4A4B,
  0x4A4B, 0x4A4B, 0x4A4B, 0x4A4B, 0x4A4B, 0x4A4B, 0x4A4B, 0x4A4B, 0x4A4B, 0x4A4B, 0x4A4B, 0x4A4B,
  0x4A4B, 0x4A4B, 0x4A4B, 0x4A4B, 0x4A4B, 0x4A4B, 0x4A4B, 0x4A4B, 0x4A4B, 0x4A4B, 0x4A4B, 0x4A4B,
  0x4A4B, 0x4A4B, 0x4A4B, 0x4A4B, 0x4A4B, 0x4A4B, 0x4A4B, 0x4A4B, 0x4A4B, 0x4A4B, 0x4A4B, 0x4A4B,
  0x4A4B, 0x4A4B, 0x4A4B, 0x4A4B, 0x4A4B, 0xDA08, 0xDA08, 0xEF3C, 0xEF3C, 0xEF3C, 0x526B, 0x526B,
  0x526B, 0x526B, 0x526B, 0x526B, 0x526B, 0x526B, 0x526B, 0x526B, 0x526B, 0x526B, 0x526B, 0x526B,
  0x526B, 0x526B, 0x526B, 0x526B, 0x526B, 0x526B, 0x526B, 0x526B, 0x526B, 0x526B, 0x526B, 0x420A,
  0x420A, 0x420A, 0x420A, 0x420A, 0x52B1, 0x52B1, 0x420A, 0x52B1, 0x3D6D, 0x52B1, 0x52B1, 0x52B1,
  0x52B1, 0x52B1, 0x52B1, 0x52B1, 0xF77D, 0x52B1, 0x52B1, 0x52B1, 0x52B1, 0x4A91, 0x4A91, 0xFE26,
  0x4A91, 0x4A91, 0x4A91, 0x4A91, 0x4A91, 0xF79D, 0x4A91, 0xF79D, 0x3A09, 0x4A91, 0xF79D, 0x3A0F,
  0x3A0F, 0x3A0F, 0x3A0F, 0x3A0F, 0x3A0F, 0xF3E4, 0x3A0F, 0x3A0F, 0x3A0F, 0x3A0F, 0x3A0F, 0x3A0F,
  0x3A0F, 0x3A0F, 0x3A0F, 0x3A0F, 0x3A0F, 0x3A0F, 0x3A0F, 0x3A0F, 0xF79D, 0x3A0F, 0xF79D, 0x3A0F,
  0x3A0F, 0xF79D, 0x2D4C, 0x3A0F, 0xF3E4, 0x3A0F, 0x2D4C, 0xE166, 0x3A0F, 0xF3C4, 0x43DC, 0x3A0F,
  0x3A0F, 0x3A0F, 0x3A0F, 0x3A0F, 0xFE25, 0x31EE, 0x39E9, 0x39E9, 0x39E9, 0x39E9, 0x39E9, 0x39E9,
  0x39E9, 0x39E9, 0x39E9, 0x39E9, 0x29AD, 0x29AD, 0x29AD, 0x29AD, 0x29AD, 0x29AD, 0x29AD, 0x29AD,
  0x29AD, 0x29AD, 0x29AD, 0x29AD, 0x29AD, 0x29AD, 0x29AD, 0x29AD, 0x29AD, 0x29AD, 0x29AD, 0x29AD,
  0x29AD, 0x29AD, 0x29AD, 0x29AD, 0x29AD, 0x29AD, 0x29AD, 0x29AD, 0x853B, 0x853B, 0x853B, 0x853B,
  0x853B, 0x29AD, 0x29AD, 0x29AD, 0x29AD, 0x29AD, 0x29AD, 0x29AD, 0x29AD, 0x29AD, 0x29AD, 0x29AD,
  0x29AD, 0x29AD, 0x29AD, 0x29AD, 0x29AD, 0x29AD, 0x29AD, 0x29AD, 0x29AD, 0x29CD, 0x29CD, 0x29CD,
  0x29CD, 0x29CD, 0x29CD, 0xD679, 0xD679, 0xD679, 0xD679, 0xD679, 0xD679, 0xD679, 0xD679, 0xD679,
  0xD679, 0xD679, 0xD679, 0xD679, 0xBD94, 0xBD94, 0xBD94, 0xBD94, 0xBD94, 0xBD94, 0xBD94, 0xBD94,
  0x3AAE, 0x3AAE, 0x3AAE, 0x3AAE, 0x3AAE, 0x3AAE, 0x3AAE, 0x3AAE, 0x3AAE, 0x3AAE, 0x3AAE, 0x3AAE,
  0x3AAE, 0x3AAE, 0x3AAE, 0x3AAE, 0x3AAE, 0x3AAE, 0x3AAE, 0x3AAE, 0x3AAE, 0x3AAE, 0x3AAE, 0x5B52,
  0x5B52, 0x5B52, 0x5B52, 0x5B52, 0x5B52, 0x5B52, 0x5B52, 0x5B52, 0x5B52, 0x5B52, 0x5B52, 0x5B52,
  0x5B52, 0x5B52, 0x5B52, 0x5B52, 0x41E9, 0x41E9, 0x41E9, 0x41E9, 0x41E9, 0x41E9, 0x41E9, 0x41E9,
  0x41E9, 0x41E9, 0x41E9, 0x41E9, 0x41E9, 0x41E9, 0x41E9, 0x41E9, 0x41E9, 0x41E9, 0x41E9, 0x41E9,
  0x41E9, 0x41E9, 0x41E9, 0x41E9, 0x41E9, 0x41E9, 0x41E9, 0x41E9, 0x41E9, 0x41E9, 0x41E9, 0x1082,
  0x1082, 0x1082, 0x1082, 0x1082, 0x1082, 0x1082, 0x1082, 0x1082, 0x1082, 0x1082, 0x1082, 0x1082,
  0x1082, 0x1082, 0x1082, 0x1082, 0x1082, 0x1082, 0x41E9, 0x41E9, 0x41E9, 0x41E9, 0x41E9, 0x41E9,
  0x41E9, 0x41E9, 0x41E9, 0x41E9, 0x41E9, 0x41E9, 0x41E9, 0x41E9, 0x41E9, 0x41E9, 0x41E9, 0x41E9,
  0x41E9, 0x41E9, 0x41E9, 0x41E9, 0x41E9, 0x41E9, 0x41E9, 0x41E9, 0x41E9, 0x41E9, 0x41E9, 0x41E9,
  0x41E9, 0x4A29, 0x4A29, 0x4A29, 0x4A29, 0x4A29, 0x4A29, 0x4A29, 0x4A29, 0x4A29, 0x4A29, 0x4A29,
  0x4A29, 0x4A29, 0x4A29, 0x4A29, 0x4A29, 0x4A29, 0x4A29, 0x4A29, 0x4A29, 0x4A29, 0x4A29, 0x4A29,
  0x4A29, 0x39C8, 0x39C8, 0x39C8, 0x39C8, 0x39C8, 0x39C8, 0x4A6F, 0x4A6F, 0x4A6F, 0x4A6F, 0x34AB,
  0x424E, 0x424E, 0x39C8, 0x424E, 0xD679, 0x424E, 0x4397, 0x424E, 0x424E, 0x424E, 0x424E, 0x424E,
  0x424E, 0x424E, 0xC986, 0x424E, 0xDD65, 0x422E, 0x422E, 0xC986, 0x422E, 0x422E, 0x2CAB, 0x31ED,
  0xD364, 0x31ED, 0x31ED, 0x31ED, 0x31A8, 0x31ED, 0x31ED, 0xD364, 0x31CD, 0x31CD, 0x31CD, 0x31CD,
  0x31CD, 0x3B78, 0x31CD, 0xDD65, 0x31CD, 0xDD65, 0x31CD, 0xC966, 0x31CD, 0x31CD, 0x31CD, 0xD364,
  0x31CD, 0x31CD, 0x31CD, 0x31CD, 0x31CD, 0x24AB, 0x31CD, 0x31CD, 0x31CD, 0x24AB, 0x31CD, 0x31CD,
  0x31CD, 0x31A8, 0x31A8, 0x31A8, 0x31A8, 0x31A8, 0x31A8, 0x31A8, 0x31A8, 0x31A8, 0x31A8, 0x31A8,
  0x31A8, 0x31A8, 0x24AB, 0x29AC, 0x29AC, 0x3B58, 0x29AC, 0xD69A, 0x31A8, 0x29AC, 0x29AC, 0x29AC,
  0x29EF, 0x29EF, 0x29EF, 0x29EF, 0x29EF, 0x29EF, 0x29EF, 0x29EF, 0x29EF, 0x29EF, 0x29EF, 0x29EF,
  0x29EF, 0x29EF, 0x29EF, 0x29EF, 0x29EF, 0x29EF, 0x29EF, 0x29EF, 0x29EF, 0x29EF, 0x29EF, 0x29EF,
  0x29EF, 0x29EF, 0x29EF, 0x29EF, 0x29EF, 0x29EF, 0x29EF, 0x29EF, 0x29EF, 0x29EF, 0x29EF, 0x29EF,
  0x29EF, 0x29EF, 0x29EF, 0x29EF, 0x9DFF, 0x9DFF, 0x9DFF, 0x29EF, 0x29EF, 0x29EF, 0x29EF, 0x29EF,
  0x29EF, 0x29EF, 0x29EF, 0x29EF, 0x29EF, 0x320F, 0x320F, 0x320F, 0x320F, 0x320F, 0x320F, 0x320F,
  0x320F, 0x320F, 0x320F, 0x320F, 0x320F, 0x320F, 0xF77D, 0xF77D, 0xF77D, 0xF77D, 0xF77D, 0xF77D,
  0xF77D, 0xF77D, 0xF77D, 0xF77D, 0xF77D, 0xF77D, 0xF77D, 0xF77D, 0xF77D, 0x4B30, 0x4B30, 0x4B30,
  0x4B30, 0x4B30, 0x4B30, 0x4B30, 0x4B30, 0x4B30, 0x4B30, 0x4B30, 0x4B30, 0x4B30, 0x4B30, 0x4B30,
  0x4B30, 0x4B30, 0x4B30, 0x4B30, 0x4B30, 0x4B30, 0x4B30, 0x4B30, 0x4B30, 0x6BD5, 0x6BD5, 0x6BD5,
  0x6BD5, 0x6BD5, 0x6BD5, 0x6BD5, 0x6BD5, 0x6BD5, 0x6BD5, 0x6BD5, 0x6BD5, 0x6BD5, 0x6BD5, 0x6BD5,
  0x5ACD, 0x5ACD, 0x5ACD, 0x5ACD, 0x6BD5, 0x6BD5, 0x6BD5, 0x6BD5, 0x6BD5, 0x6BD5, 0x6BD5, 0x6BD5,
  0x6BD5, 0x6BD5, 0x6BD5, 0x6BD5, 0x6BD5, 0x6BD5, 0x6BD5, 0x6BD5, 0x6BD5, 0x6BD5, 0x6BD5, 0x6BD5,
  0x6BD5, 0x6BD5, 0x6BD5, 0x6BD5, 0x6BD5, 0x6BD5, 0x6BD5, 0x10A3, 0x10A3, 0x10A3, 0x10A3, 0x10A3,
  0x10A3, 0x10A3, 0x10A3, 0x10A3, 0x10A3, 0x10A3, 0x10A3, 0x10A3, 0x10A3, 0x10A3, 0x10A3, 0x10A3,
  0x10A3, 0x10A3, 0x6BD5, 0x6BD5, 0x6BD5, 0x6BD5, 0x6BD5, 0x6BD5, 0x6BD5, 0x6BD5, 0x6BD5, 0x6BD5,
  0x6BD5, 0x6BD5, 0x6BD5, 0x6BD5, 0x6BD5, 0x6BD5, 0x6BD5, 0x6BD5, 0x6BD5, 0x4B30, 0x4B30, 0xEF1B,
  0xDA49, 0xDA49, 0xDA28, 0xDA28, 0xDA28, 0x5ACD, 0x5ACD, 0x5ACD, 0x5ACD, 0x5A8B, 0x5A8B, 0x5A8B,
  0x5A8B, 0x5A8B, 0x5A8B, 0x5A8B, 0x5A8B, 0x5A8B, 0x5A8B, 0x5A8B, 0x5A8B, 0x5A8B, 0x5A8B, 0x5A8B,
  0x5A8B, 0x5A8B, 0x5A8B, 0x5A8B, 0x422A, 0x422A, 0x420A, 0x420A, 0x420A, 0x52D1, 0x52D1, 0x52D1,
  0x52D1, 0x52D1, 0x52D1, 0x52D1, 0x52D1, 0x541B, 0x52D1, 0x52D1, 0x52B1, 0x52B1, 0x420A, 0x52B1,
  0x52B1, 0x52B1, 0x52B1, 0x52B1, 0x52B1, 0x52B1, 0x52B1, 0x52B1, 0x52B1, 0x52B1, 0x52B1, 0x52B1,
  0x3A2F, 0x3A2F, 0x3A2F, 0x3A2F, 0x3A2F, 0x3A2F, 0x3A2F, 0x3A2F, 0x3A2F, 0x3A2F, 0x3A2F, 0x3A2F,
  0x3A09, 0x3A2F, 0x3A2F, 0x3A0F, 0x3A0F, 0x3A0F, 0x3A0F, 0x3A0F, 0x3A0F, 0x3A0F, 0x3A0F, 0x3A0F,
  0x3A0F, 0x4BFC, 0x3A0F, 0x3A0F, 0x3A0F, 0x3A0F, 0x3A0F, 0x3A0F, 0x39E9, 0x39E9, 0x39E9, 0x39E9,
  0x39E9, 0x39E9, 0x39E9, 0x39E9, 0x39E9, 0x39E9, 0x39E9, 0x39E9, 0x39E9, 0x3A0F, 0x3A0F, 0x3A0F,
  0x2D4C, 0x3A0F, 0x4BFC, 0x3A0F, 0x3A0F, 0xFE26, 0x3A0F, 0x3A0F, 0x3A0F, 0x31EE, 0x31EE, 0x31EE,
  0x31EE, 0xFE25, 0x31EE, 0x31EE, 0x39E9, 0x2D4C, 0x31EE, 0x31EE, 0x29AD, 0x29AD, 0x29AD, 0x29AD,
  0x29AD, 0x29AD, 0x29AD, 0x29AD, 0x29AD, 0x29AD, 0x29AD, 0x29AD, 0x29AD, 0x29AD, 0x29AD, 0x29AD,
  0x29AD, 0x29AD, 0x29AD, 0x29AD, 0x29AD, 0x29AD, 0x29AD, 0x29AD, 0x29AD, 0x29AD, 0x29AD, 0x29AD,
  0x29AD, 0x29AD, 0x29AD, 0x29AD, 0x29AD, 0x29AD, 0x29AD, 0x29AD, 0x29AD, 0x29AD, 0x29AD, 0x29AD,
  0x29AD, 0x29AD, 0x29AD, 0x853B, 0x853B, 0x853B, 0x853B, 0x853B, 0x853B, 0x853B, 0x853B, 0x853B,
  0x853B, 0x853A, 0x853A, 0x853A, 0x853A, 0x853A, 0x853A, 0x853A, 0x853A, 0x29CD, 0x29CD, 0x29CD,
  0x29CD, 0x29CD, 0x29CD, 0x29CD, 0x29CD, 0x29CD, 0x29CD, 0x29CD, 0x29CD, 0xD679, 0xD679, 0xD679,
  0xD679, 0xD679, 0xD679, 0xD679, 0xD679, 0xD679, 0xD679, 0xD679, 0xD679, 0xD679, 0xD679, 0x3AAE,
  0x3AAE, 0x3AAE, 0x3AAE, 0x3AAE, 0x3AAE, 0x3AAE, 0x3AAE, 0x3AAE, 0x3AAE, 0x3AAE, 0x3AAE, 0x3AAE,
  0x3AAE, 0x3AAE, 0x3AAE, 0x3AAE, 0x3AAE, 0x3AAE, 0x3AAE, 0x3AAE, 0x5B52, 0x5B52, 0x5B52, 0x5B52,
  0x5B52, 0x5B52, 0x5B52, 0x5B52, 0x5B52, 0x5B52, 0x5B52, 0x5B52, 0x4A6B, 0x4A6B, 0x4A6B, 0x4A6B,
  0x5B52, 0x5B52, 0x5B52, 0x5B52, 0x5B52, 0x5B52, 0x5B52, 0x5B52, 0x5B52, 0x5B52, 0x5B52, 0x5B52,
  0x5B52, 0x5B52, 0x5B52, 0x5B52, 0x5B52, 0x5B52, 0x5B52, 0x5B52, 0x5B52, 0x5B52, 0x5B52, 0x5B52,
  0x5B52, 0x5B52, 0x5B52, 0x1082, 0x1082, 0xD945, 0xD945, 0xD945, 0xD945, 0xD945, 0xD945, 0xD945,
  0xD945, 0xD945, 0xD945, 0xD945, 0xD945, 0xD945, 0xD945, 0xD945, 0x1082, 0x1082, 0x5B52, 0x5B52,
  0x5B52, 0x5B52, 0x5B52, 0x5B52, 0x5B52, 0x5B52, 0x5B52, 0x5B52, 0x5B52, 0x5B52, 0x5B52, 0x5B52,
  0x5B52, 0x5B52, 0x3AAE, 0x3AAE, 0xCE37, 0xC208, 0xC208, 0xB9E7, 0xB9E7, 0xB9E7, 0xCE38, 0x4A49,
  0x4A49, 0x4A6B, 0x4A6B, 0x4A6B, 0x4A6B, 0x4A49, 0x4A49, 0x4A49, 0x4A49, 0x4A49, 0x4A49, 0x4A49,
  0x4A49, 0x4A49, 0x4A49, 0x4A49, 0x4A49, 0x4A49, 0x4A49, 0x39C8, 0x39C8, 0x39C8, 0x39C8, 0x39C8,
  0x3AAE, 0x4A6F, 0x39C8, 0x4A6F, 0x4A6F, 0x4A6F, 0x4A6F, 0x4A6F, 0x4A6F, 0x34AB, 0x4A6F, 0x4A6F,
  0x4A6F, 0x4A6F, 0xC986, 0x4B97, 0x424E, 0x424E, 0x39C8, 0xD384, 0x424E, 0x424E, 0x424E, 0x424E,
  0xD699, 0x31ED, 0x2CAB, 0x31ED, 0x31ED, 0x31ED, 0xDD65, 0x31ED, 0xD364, 0x31ED, 0x31ED, 0x31ED,
  0x31ED, 0xD699, 0x31ED, 0x31ED, 0x31ED, 0x31ED, 0xD364, 0x31ED, 0x31A8, 0x31ED, 0x31ED, 0x31CD,
  0x31CD, 0x31CD, 0x31CD, 0x31A8, 0x31A8, 0x31A8, 0x31A8, 0x31A8, 0x31A8, 0x31A8, 0x31A8, 0x31A8,
  0x31A8, 0x31A8, 0x31A8, 0x31A8, 0x31CD, 0x31CD, 0x31CD, 0x31CD, 0x31CD, 0x31CD, 0x31CD, 0x31CD,
  0x31CD, 0x31CD, 0x31CD, 0x31CD, 0x31CD, 0xD69A, 0x31CD, 0x3B58, 0x31CD, 0x31CD, 0x31CD, 0x31CD,
  0x24AB, 0x31CD, 0xD699, 0x3A0E, 0x3A0E, 0x3A0E, 0x3A0E, 0x3A0E, 0x3A0E, 0x3A0E, 0x3A0E, 0x3A0E,
  0x31A8, 0x3A0E, 0x3A0E, 0x24AB, 0x29EF, 0x29EF, 0x29EF, 0x29EF, 0x29EF, 0x29EF, 0x29EF, 0x29EF,
  0x29EF, 0x29EF, 0x29EF, 0x29EF, 0x29EF, 0x29EF, 0x29EF, 0x29EF, 0x29EF, 0x29EF, 0x29EF, 0x29EF,
  0x29EF, 0x29EF, 0x29EF, 0x29EF, 0x29EF, 0x29EF, 0x29EF, 0x29EF, 0x29EF, 0x29EF, 0x29EF, 0x29EF,
  0x29EF, 0x29EF, 0x29EF, 0x29EF, 0x29EF, 0x29EF, 0x29EF, 0x29EF, 0x29EF, 0x29EF, 0x29EF, 0x29EF,
  0x29EF, 0x29EF, 0x29EF, 0x29EF, 0x29EF, 0x29EF, 0x29EF, 0x29EF, 0x29EF, 0x320F, 0x320F, 0x320F,
  0x320F, 0x320F, 0x320F, 0x320F, 0x320F, 0x9DFF, 0x9DFF, 0x9DFF, 0x9DFF, 0x9DFF, 0x9DFF, 0x320F,
  0x320F, 0x320F, 0x320F, 0x320F, 0x320F, 0x320F, 0x320F, 0x320F, 0x320F, 0x320F, 0x320F, 0x320F,
  0xF77D, 0xF77D, 0xF77D, 0xF77D, 0xF77D, 0xF77D, 0xF77D, 0xF77D, 0xF77D, 0xF77D, 0xF77D, 0xF77D,
  0x4B30, 0x4B30, 0x4B30, 0x4B30, 0x4B30, 0x4B30, 0x4B30, 0x4B30, 0x4B30, 0x4B30, 0x4B30, 0x4B30,
  0x4B30, 0x4B30, 0x4B30, 0x4B30, 0x4B30, 0x4B30, 0x6BD5, 0x6BD5, 0x6BD5, 0x6BD5, 0x6BD5, 0x6BD5,
  0x6BD5, 0x6BD5, 0x6BD5, 0x6BD5, 0x5ACD, 0x5ACD, 0x5ACD, 0x5ACD, 0x6BD5, 0x6BD5, 0x6BD5, 0x6BD5,
  0x6BD5, 0x6BD5, 0x6BD5, 0x6BD5, 0x6BD5, 0x6BD5, 0x6BD5, 0x6BD5, 0x6BD5, 0x6BD5, 0x6BD5, 0x6BD5,
  0x6BD5, 0x6BD5, 0x6BD5, 0x6BD5, 0x6BD5, 0x6BD5, 0x6BD5, 0x6BD5, 0x6BD5, 0x6BD5, 0x6BD5, 0x10A3,
  0x10A3, 0xF986, 0xF986, 0xF986, 0xF986, 0xF986, 0xF986, 0xF986, 0xF986, 0xF986, 0xF986, 0xF986,
  0xF986, 0xF986, 0xF986, 0xF986, 0x10A3, 0x10A3, 0x4B30, 0x4B30, 0x4B30, 0x4B30, 0x4B30, 0x4B30,
  0x4B30, 0x4B30, 0x4B30, 0x4B30, 0x4B30, 0x4B30, 0x4B30, 0x4B30, 0x4B30, 0xDA69, 0xDA69, 0xDA69,
  0xDA49, 0xDA49, 0xDA49, 0xEF1B, 0x5AAB, 0x5AAB, 0x5AAB, 0x5AAB, 0x5AAB, 0x5ACD, 0x5ACD, 0x5ACD,
  0x5ACD, 0x5AAB, 0x5AAB, 0x5AAB, 0x5AAB, 0x5AAB, 0x5AAB, 0x5AAB, 0x5AAB, 0x422A, 0x422A, 0x422A,
  0x422A, 0x422A, 0x422A, 0xF75C, 0x5AD1, 0x5AD1, 0x5AD1, 0x5AD1, 0x5C3B, 0x5AD1, 0x422A, 0x5AD1,
  0x5AD1, 0x52D1, 0x52D1, 0x52D1, 0x52D1, 0x424F, 0x424F, 0x424F, 0x424F, 0xF77D, 0x424F, 0x424F,
  0x424F, 0x424F, 0x420A, 0x424F, 0x424F, 0x424F, 0xF405, 0x424F, 0x3A2F, 0x3A2F, 0x4BFB, 0xE1A7,
  0x3A2F, 0x3A2F, 0x3A2F, 0x3A2F, 0x3A2F, 0x4BFB, 0x3A2F, 0x3A2F, 0x3A2F, 0x4BFC, 0x3A09, 0x3A09,
  0x3A09, 0x3A09, 0x3A09, 0x3A09, 0x39E9, 0x39E9, 0x39E9, 0x39E9, 0x39E9, 0x39E9, 0x39E9, 0x3A0F,
  0x3A0F, 0x3A0F, 0x3A0F, 0x3A0F, 0xF79D, 0x3A0F, 0xF79D, 0x3A0F, 0x3A0F, 0x4BFC, 0x3A0F, 0x3A0F,
  0x3A0F, 0xE187, 0x3A0F, 0xE187, 0xE187, 0x3A0F, 0xFE26, 0x3A0F, 0x3A0F, 0x4271, 0x4271, 0x4271,
  0x4271, 0x4271, 0x4271, 0x4271, 0x4271, 0x4271, 0x4271, 0x4271, 0xF3C4, 0x4271, 0x4271, 0x4271,
  0x4271, 0x4271, 0x4271, 0x4271, 0x4271, 0x4271, 0x4271, 0x4271, 0x39E9, 0x4271, 0x4271, 0x4271,
  0x29AD, 0x29AD, 0x29AD, 0x29AD, 0x29AD, 0x29AD, 0x29AD, 0x29AD, 0x29AD, 0x29AD, 0x29AD, 0x29AD,
  0x29AD, 0x29AD, 0x29AD, 0x29AD, 0x29AD, 0x29AD, 0x29AD, 0x29AD, 0x29AD, 0x29AD, 0x29AD, 0x29AD,
  0x29AD, 0x29AD, 0x29AD, 0x29AD, 0x29AD, 0x29AD, 0x29AD, 0x29AD, 0x29AD, 0x29AD, 0x29AD, 0x29AD,
  0x29AD, 0x29AD, 0x29AD, 0x29AD, 0x29AD, 0x29AD, 0x29AD, 0x29AD, 0x29AD, 0x29AD, 0x29AD, 0x29AD,
  0x29AD, 0x29AD, 0x29AD, 0x29AD, 0x29AD, 0x29CD, 0x29CD, 0x29CD, 0x29CD, 0x29CD, 0x29CD, 0x29CD,
  0x29CD, 0x29CD, 0x29CD, 0x29CD, 0x29CD, 0x29CD, 0x29CD, 0x29CD, 0x29CD, 0x29CD, 0x29CD, 0x853A,
  0x853A, 0x853A, 0x853A, 0x853A, 0x853A, 0x853A, 0x853A, 0x853A, 0x853A, 0x29ED, 0x29ED, 0x29ED,
  0x29ED, 0x29ED, 0x29ED, 0x29ED, 0x29ED, 0xD679, 0xD679, 0xD679, 0xD679, 0xD679, 0xD679, 0xD679,
  0xD679, 0xD679, 0x3AAE, 0x3AAE, 0x3AAE, 0x3AAE, 0x3AAE, 0x3AAE, 0x3AAE, 0x3AAE, 0x3AAE, 0x3AAE,
  0x3AAE, 0x3AAE, 0x3AAE, 0x3AAE, 0x5B52, 0x5B52, 0x5B52, 0x5B52, 0x5B52, 0x2287, 0x2287, 0x2287,
  0x4A6B, 0x4A6B, 0x4A6B, 0x4A6B, 0x5B52, 0x5B52, 0x5B52, 0x5B52, 0x5B52, 0x5B52, 0x5B52, 0x5B52,
  0x5B52, 0x5B52, 0x5B52, 0x5B52, 0x5B52, 0x5B52, 0x5B52, 0x5B52, 0x5B52, 0x5B52, 0x5B52, 0x5B52,
  0x5B52, 0x5B52, 0x5B52, 0x5B52, 0x5B52, 0x3AAE, 0x3AAE, 0x1082, 0x1082, 0xD945, 0xD945, 0xD945,
  0xD945, 0xD945, 0xD945, 0xD945, 0xD945, 0xD945, 0xD945, 0xD945, 0xD945, 0xD945, 0xD945, 0xD945,
  0x1082, 0x1082, 0x3AAE, 0x3AAE, 0x3AAE, 0x3AAE, 0x3AAE, 0x3AAE, 0x3AAE, 0x3AAE, 0x3AAE, 0x3AAE,
  0x3AAE, 0x3AAE, 0xCE17, 0xC248, 0xC248, 0xC228, 0x5A8A, 0x5A8A, 0x5A8A, 0x5A8A, 0x5A8A, 0x5A8A,
  0x5A8A, 0x5A8A, 0x5A8A, 0x5A8A, 0x5A8A, 0x4A6B, 0x4A6B, 0x4A6B, 0x4A6B, 0x5A8A, 0x41E9, 0x41E9,
  0x39E8, 0x39E8, 0x39E8, 0x39E8, 0x39E8, 0x528F, 0x528F, 0xDD66, 0x39E8, 0x528F, 0x528F, 0x528F,
  0x4A6F, 0x4A6F, 0x4A6F, 0x4A6F, 0xD385, 0x4B97, 0x39C8, 0x4A6F, 0x3A0D, 0x3A0D, 0x3A0D, 0xDD66,
  0x3A0D, 0x39ED, 0x39ED, 0x39ED, 0x39ED, 0x39ED, 0x39ED, 0x39ED, 0x39ED, 0x39ED, 0x39C8, 0x39ED,
  0x39ED, 0xDD65, 0x39ED, 0x39ED, 0x31ED, 0x31A8, 0x31A8, 0x31A8, 0x31A8, 0x31A8, 0x31A8, 0x31A8,
  0x31A8, 0x31A8, 0x31A8, 0x31A8, 0x31A8, 0x31A8, 0x31ED, 0x31ED, 0x31ED, 0x31ED, 0x2CAB, 0x31ED,
  0x31A8, 0x31ED, 0x31ED, 0x24AB, 0xD699, 0x31CD, 0x31CD, 0x31CD, 0x31CD, 0xD699, 0x31CD, 0x3A2E,
  0x3A2E, 0x3B78, 0x3A2E, 0x3A2E, 0x3A2E, 0x3A2E, 0x3A2E, 0x3A2E, 0x3A2E, 0x3A2E, 0x3A2E, 0x3A2E,
  0x3A2E, 0x3A2E, 0x3A2E, 0x3A2E, 0x3A2E, 0x3A0E, 0x3A0E, 0x3A0E, 0x3A0E, 0x3A0E, 0x3A0E, 0x3A0E,
  0x3A0E, 0x3A0E, 0x3A0E, 0x3A0E, 0x3A0E, 0xC146, 0x3A0E, 0x3A0E, 0x3A0E, 0x3A0E, 0x3A0E, 0x3A0E,
  0x3A0E, 0x3A0E, 0x3A0E, 0x3A0E, 0x31A8, 0x3A0E, 0xC146, 0x3A0E, 0x29EF, 0x29EF, 0x29EF, 0x29EF,
  0x29EF, 0x29EF, 0x29EF, 0x29EF, 0x29EF, 0x29EF, 0x29EF, 0x29EF, 0x29EF, 0x29EF, 0x29EF, 0x29EF,
  0x29EF, 0x29EF, 0x29EF, 0x29EF, 0x29EF, 0x29EF, 0x29EF, 0x29EF, 0x29EF, 0x29EF, 0x29EF, 0x29EF,
  0x29EF, 0x29EF, 0x29EF, 0x29EF, 0x29EF, 0x29EF, 0x29EF, 0x29EF, 0x29EF, 0x29EF, 0x29EF, 0x29EF,
  0x29EF, 0x29EF, 0x29EF, 0x29EF, 0x29EF, 0x29EF, 0x29EF, 0x29EF, 0x29EF, 0x29EF, 0x29EF, 0x29EF,
  0x29EF, 0x320F, 0x320F, 0x320F, 0x320F, 0x320F, 0x320F, 0x320F, 0x320F, 0x320F, 0x320F, 0x320F,
  0x320F, 0x320F, 0x320F, 0x320F, 0x320F, 0x320F, 0x320F, 0x320F, 0x320F, 0x320F, 0x320F, 0x320F,
  0x320F, 0x320F, 0x320F, 0x320F, 0x9DFF, 0x9DFE, 0x9DFE, 0x9DFE, 0x9DFE, 0x9DFE, 0x9DFE, 0x9DFE,
  0x9DFE, 0x322F, 0x322F, 0x322F, 0x322F, 0x322F, 0x322F, 0x322F, 0x322F, 0xF77D, 0xF75D, 0xF75D,
  0xF75D, 0xF75D, 0xF75D, 0xF75D, 0xF75D, 0xF75D, 0xF75D, 0xF75D, 0xF75D, 0x4B30, 0x4B30, 0x4B30,
  0x4B30, 0x4B30, 0x6BD5, 0x2AE8, 0x2AE8, 0x2AE8, 0x2AE8, 0x2AE8, 0x5ACD, 0x5ACD, 0x5ACD, 0x5ACD,
  0x6BD5, 0x6BD5, 0x6BD5, 0x6BD5, 0x6BD5, 0x6BD5, 0x6BD5, 0x6BD5, 0x6BD5, 0x6BD5, 0x6BD5, 0x6BD5,
  0x6BD5, 0x6BD5, 0x6BD5, 0x6BD5, 0x6BD5, 0x6BD5, 0x6BD5, 0x6BD5, 0x6BD5, 0x6BD5, 0x4B30, 0x4B30,
  0x4B30, 0x4B30, 0x4B30, 0x10A3, 0x10A3, 0x10A3, 0x10A3, 0x10A3, 0x10A3, 0x10A3, 0x10A3, 0x10A3,
  0x10A3, 0x10A3, 0x10A3, 0x10A3, 0x10A3, 0x10A3, 0x10A3, 0x10A3, 0x10A3, 0x10A3, 0x4B30, 0x4B30,
  0x4B30, 0x4B30, 0x4B30, 0x4B30, 0x4B30, 0x4B30, 0xEEF9, 0xE2EA, 0xE2CA, 0xE2CA, 0xDAAA, 0xEF1A,
  0x6B0C, 0x6B0C, 0x6B0C, 0x6B0C, 0x6B0C, 0x6B0C, 0x6B0C, 0x6B0C, 0x6B0C, 0x6B0C, 0x6B0C, 0x6B0C,
  0x6B0C, 0x5ACD, 0x5ACD, 0x4A4A, 0x4A4A, 0x4A4A, 0x6331, 0x6331, 0x4A4A, 0x6311, 0x6311, 0xF75C,
  0x6311, 0x5AF1, 0x5AF1, 0x5AF1, 0x422A, 0x456D, 0x5AF1, 0x5AF1, 0x5AD1, 0xFE27, 0x4A6F, 0x4A6F,
  0x3D6D, 0x4A6F, 0x422A, 0x4A6F, 0x4A6F, 0x4A6F, 0x4A6F, 0x4A6F, 0x4A6F, 0x424F, 0x424F, 0x420A,
  0x420A, 0x420A, 0x420A, 0x420A, 0x420A, 0x420A, 0x3A09, 0x3A09, 0x3A09, 0x3A09, 0x3A09, 0x3A09,
  0x3A09, 0x4BFB, 0x3A2F, 0x3A2F, 0x3A2F, 0x3A2F, 0xFE26, 0x3A2F, 0x3A2F, 0x3A2F, 0x3A2F, 0x356D,
  0x4271, 0x4271, 0x4271, 0x4271, 0x4271, 0x4271, 0x4271, 0x4271, 0x3A09, 0x4271, 0x4271, 0x4271,
  0x4271, 0x4271, 0xF79D, 0x4271, 0x4271, 0x4271, 0x4271, 0xF3E4, 0x4271, 0x4271, 0x4271, 0x4271,
  0x4271, 0x4271, 0x4271, 0x4271, 0x4271, 0x4271, 0x4271, 0x4271, 0x4271, 0x4271, 0x4271, 0x4271,
  0xF79D, 0x4271, 0x4271, 0x4271, 0x4271, 0x4271, 0x4271, 0xFE25, 0x4271, 0x4271, 0x4271, 0x4271,
  0x4271, 0x4271, 0x4271, 0x4271, 0x4271, 0x4271, 0x4271, 0x4271, 0x4271, 0x4271, 0x4271, 0x4271,
  0x39E9, 0x4271, 0xFE25, 0x4271, 0x29AD, 0x29AD, 0x29AD, 0x29AD, 0x29AD, 0x29AD, 0x29AD, 0x29AD,
  0x29AD, 0x29AD, 0x29AD, 0x29AD, 0x29AD, 0x29AD, 0x29AD, 0x29AD, 0x29AD, 0x29AD, 0x29AD, 0x29AD,
  0x29AD, 0x29AD, 0x29AD, 0x29AD, 0x29AD, 0x29AD, 0x29AD, 0x29AD, 0x29AD, 0x29AD, 0x29AD, 0x29AD,
  0x29AD, 0x29AD, 0x29AD, 0x29AD, 0x29AD, 0x29AD, 0x29AD, 0x29AD, 0x29AD, 0x29AD, 0x29AD, 0x29AD,
  0x29AD, 0x29AD, 0x29AD, 0x29AD, 0x29AD, 0x29AD, 0x29AD, 0x29AD, 0x29AD, 0x29CD, 0x29CD, 0x29CD,
  0x29CD, 0x29CD, 0x29CD, 0x29CD, 0x29CD, 0x29CD, 0x29CD, 0x29CD, 0x29CD, 0x29CD, 0x29CD, 0x29CD,
  0x29CD, 0x29CD, 0x29CD, 0x29CD, 0x29CD, 0x29CD, 0x29CD, 0x29CD, 0x29CD, 0x29CD, 0x29CD, 0x29CD,
  0x29CD, 0x29ED, 0x29ED, 0x29ED, 0x29ED, 0x29ED, 0x29ED, 0x29ED, 0x29ED, 0x29ED, 0x8D3A, 0x8D3A,
  0x8D3A, 0x8D3A, 0x8D3A, 0x8D3A, 0x8D3A, 0x8D3A, 0x8D3A, 0x8D3A, 0x8D3A, 0x8D3A, 0x8D3A, 0x8D3A,
  0x8D3A, 0x8D3A, 0x8D3A, 0x8D3A, 0xD679, 0xD659, 0xD659, 0xD659, 0xD659, 0xD659, 0xD659, 0xD659,
  0xD659, 0x2287, 0x2287, 0x2287, 0x4A6B, 0x4A6B, 0x4A6B, 0x4A6B, 0x2287, 0x5B52, 0x5B52, 0x5B52,
  0x5B52, 0x5B52, 0x5B52, 0x5B52, 0x5B52, 0x5B52, 0x5B52, 0x5B52, 0x5B52, 0x5B52, 0x5B52, 0x5B52,
  0x5B52, 0x5B52, 0x5B52, 0x2287, 0x2287, 0x2287, 0x2287, 0x2287, 0x2287, 0x2287, 0x2287, 0x3AAE,
  0x3AAE, 0x3AAE, 0x3AAE, 0x3AAE, 0x3AAE, 0x3AAE, 0x3AAE, 0x3AAE, 0x3AAE, 0x3AAE, 0x3AAE, 0x3AAE,
  0x2287, 0x2287, 0x2287, 0x2287, 0x2287, 0x2287, 0x2287, 0x2287, 0x2287, 0x3AAE, 0x3AAE, 0xD5F5,
  0xC2EA, 0xC2C9, 0xC2A9, 0xC289, 0xCE16, 0x62CB, 0x62CB, 0x62CB, 0x62CB, 0x62CB, 0x62CB, 0x62CB,
  0x62CB, 0x62CB, 0x4229, 0x4209, 0x4209, 0x4209, 0x4209, 0x4209, 0x4209, 0x4A6B, 0x4A6B, 0x4A6B,
  0x4A6B, 0x5AAF, 0xD3C6, 0x5AAF, 0x41E9, 0x424D, 0x424D, 0xD3A5, 0x424D, 0x424D, 0x424D, 0x422D,
  0x39E8, 0x422D, 0x422D, 0x422D, 0x422D, 0x422D, 0x39C8, 0x39C8, 0x39C8, 0x39C8, 0x39C8, 0x39C8,
  0x39C8, 0x39C8, 0x39C8, 0x39C8, 0x39C8, 0x39C8, 0x39C8, 0x39ED, 0x39ED, 0x39ED, 0x39ED, 0x39ED,
  0x4378, 0xC986, 0x39C8, 0x39ED, 0xDD65, 0x39ED, 0x39ED, 0x39ED, 0x31ED, 0x31ED, 0x422E, 0x422E,
  0x422E, 0x422E, 0x422E, 0x422E, 0x422E, 0x4378, 0x422E, 0x422E, 0x3A2E, 0x3A2E, 0x3A2E, 0x3A2E,
  0x24AB, 0x3A2E, 0x3A2E, 0x3A2E, 0x31A8, 0x3A2E, 0x3A2E, 0x3A2E, 0x3A2E, 0x3A2E, 0x3A2E, 0x3A2E,
  0x3A2E, 0xC966, 0x3A2E, 0x3A2E, 0x3A2E, 0x3A2E, 0x3A2E, 0x3B78, 0x3A2E, 0xD699, 0xD364, 0x3A2E,
  0x3A2E, 0x3A2E, 0x3A2E, 0x3A2E, 0x3A2E, 0xC966, 0x3A2E, 0x3A2E, 0x3A2E, 0x3A0E, 0xD343, 0x3A0E,
  0x3A0E, 0x3A0E, 0x3A0E, 0x3A0E, 0x3A0E, 0x3A0E, 0x3A0E, 0x3A0E, 0x3A0E, 0x3A0E, 0x3A0E, 0x3A0E,
  0x3A0E, 0x3A0E, 0x3A0E, 0x3A0E, 0x3A0E, 0x3A0E, 0x3A0E, 0x3A0E, 0x31A8, 0x3A0E, 0x3A0E, 0x3A0E,
  0x29EF, 0x29EF, 0x29EF, 0x29EF, 0x29EF, 0x29EF, 0x29EF, 0x29EF, 0x29EF, 0x29EF, 0x29EF, 0x29EF,
  0x29EF, 0x29EF, 0x29EF, 0x29EF, 0x29EF, 0x29EF, 0x29EF, 0x29EF, 0x29EF, 0x29EF, 0x29EF, 0x29EF,
  0x29EF, 0x29EF, 0x29EF, 0x29EF, 0x29EF, 0x29EF, 0x29EF, 0x29EF, 0x29EF, 0x29EF, 0x29EF, 0x29EF,
  0x29EF, 0x29EF, 0x29EF, 0x29EF, 0x29EF, 0x29EF, 0x29EF, 0x29EF, 0x29EF, 0x29EF, 0x29EF, 0x29EF,
  0x29EF, 0x29EF, 0x29EF, 0x29EF, 0x29EF, 0x320F, 0x320F, 0x320F, 0x320F, 0x320F, 0x320F, 0x320F,
  0x320F, 0x320F, 0x320F, 0x320F, 0x320F, 0x320F, 0x320F, 0x320F, 0x320F, 0x320F, 0x320F, 0x320F,
  0x320F, 0x320F, 0x320F, 0x320F, 0x320F, 0x320F, 0x320F, 0x320F, 0x320F, 0x322F, 0x322F, 0x322F,
  0x322F, 0x322F, 0x322F, 0x322F, 0x322F, 0x322F, 0x322F, 0x322F, 0x322F, 0x322F, 0x322F, 0x322F,
  0x322F, 0x322F, 0x9DFE, 0x9DFE, 0x9DFE, 0x9DFE, 0x9DFE, 0x9DFE, 0x9DFE, 0x9DFE, 0x9DFE, 0x9DFE,
  0x9DFE, 0xA5FE, 0xA5FE, 0xA5FE, 0xA5FE, 0xA5FE, 0xA5FE, 0xA5FE, 0xF75D, 0xF75C, 0xF75C, 0xF75C,
  0x5ACD, 0x5ACD, 0x5ACD, 0x5ACD, 0xF75C, 0xF75C, 0xF75C, 0x6BD5, 0x6BD5, 0x6BD5, 0x6BD5, 0x6BD5,
  0x6BD5, 0x6BD5, 0x6BD5, 0x6BD5, 0x6BD5, 0x6BD5, 0x6BD5, 0x6BD5, 0x6BD5, 0x2AE8, 0x2AE8, 0x2AE8,
  0x2AE8, 0x2AE8, 0x2AE8, 0x2AE8, 0x2AE8, 0x2AE8, 0x2AE8, 0x2AE8, 0x2AE8, 0x2AE8, 0x4B30, 0x4B30,
  0x4B30, 0x4B30, 0x4B30, 0x4B30, 0x4B30, 0x2AE8, 0x2AE8, 0x2AE8, 0x2AE8, 0x2AE8, 0x2AE8, 0x2AE8,
  0x2AE8, 0x2AE8, 0x2AE8, 0x2AE8, 0x2AE8, 0xE3AC, 0xE38C, 0xE36C, 0xE34B, 0xF6D9, 0x838D, 0x838D,
  0x838D, 0x838D, 0x838D, 0x838D, 0x5A8B, 0x5A8B, 0x528B, 0x528B, 0x526A, 0x526A, 0xF73A, 0x526A,
  0x7371, 0xF468, 0x526A, 0x7351, 0x5ACF, 0x5ACD, 0x5ACD, 0x5ACD, 0x5ACD, 0xFE27, 0x52AF, 0x52AF,
  0x4A4A, 0x528F, 0x528F, 0x528F, 0x528F, 0x422A, 0x422A, 0x422A, 0x422A, 0x422A, 0x422A, 0x422A,
  0x422A, 0x422A, 0x4A6F, 0x4A6F, 0x4A6F, 0x52B1, 0x422A, 0x541B, 0x52B1, 0x52B1, 0x52B1, 0xF77D,
  0x52B1, 0x52B1, 0x52B1, 0xFE26, 0x52B1, 0x52B1, 0x52B1, 0x4A91, 0x4A91, 0x4A91, 0x420A, 0x4A91,
  0x4A91, 0x4A91, 0x4A91, 0x4A91, 0x4A91, 0x4A91, 0x4A91, 0x4A91, 0x4A91, 0x4A91, 0x4A91, 0xFE26,
  0x4A91, 0x4A91, 0xF79D, 0x4A91, 0x4271, 0x4271, 0x4271, 0x4271, 0x4271, 0xE187, 0x4271, 0x4271,
  0x3A09, 0xF79D, 0x4271, 0x4271, 0xE187, 0xF79D, 0xF79D, 0x4271, 0x4271, 0x4271, 0x4271, 0x4271,
  0x4271, 0x4271, 0x4271, 0xFE25, 0x4271, 0x4271, 0x4271, 0x4271, 0x2D4C, 0x4271, 0x4271, 0x4271,
  0x4271, 0x4271, 0x4271, 0x4271, 0x4271, 0x4271, 0x4271, 0x4271, 0x4271, 0x4271, 0x4271, 0x4271,
  0x4271, 0x4271, 0x43DC, 0x4271, 0x4271, 0xFE25, 0x4271, 0xFE25, 0xF79E, 0x4271, 0x4271, 0x4271,
  0x4271, 0x4271, 0x4271, 0x4271, 0x39E9, 0x4271, 0x4271, 0x4271, 0xBDD7, 0xBDD7, 0xBDD7, 0xBDD7,
  0xBDD7, 0xBDD7, 0xBDD7, 0xBDD7, 0xBDD7, 0xBDD7, 0xBDD7, 0xBDD7, 0xBDD7, 0xBDD7, 0xBDD7, 0xBDD7,
  0xBDD7, 0xBDD7, 0xBDD7, 0xBDD7, 0xBDD7, 0xBDD7, 0x29AD, 0x29AD, 0x29AD, 0x29AD, 0x29AD, 0x29AD,
  0x29AD, 0x29AD, 0x29AD, 0x29AD, 0x29AD, 0x29AD, 0x29AD, 0x29AD, 0x29AD, 0x29AD, 0x29AD, 0x29AD,
  0x29AD, 0x29AD, 0x29AD, 0x29AD, 0x29AD, 0x29AD, 0x29AD, 0x29AD, 0x29AD, 0x29AD, 0x29AD, 0x29AD,
  0x29AD, 0x29CD, 0x29CD, 0x29CD, 0x29CD, 0x29CD, 0x29CD, 0x29CD, 0x29CD, 0x29CD, 0x29CD, 0x29CD,
  0x29CD, 0x29CD, 0x29CD, 0x29CD, 0x29CD, 0x29CD, 0x29CD, 0x29CD, 0x29CD, 0x29CD, 0x29CD, 0x29CD,
  0x29CD, 0x29CD, 0x29CD, 0x29CD, 0x29CD, 0x29ED, 0x29ED, 0x29ED, 0x29ED, 0x29ED, 0x29ED, 0x29ED,
  0x29ED, 0x29ED, 0x29ED, 0x29ED, 0x29ED, 0x29ED, 0x29ED, 0x29ED, 0x29ED, 0x29ED, 0x31ED, 0x31ED,
  0x31ED, 0x31ED, 0x31ED, 0x31ED, 0x31ED, 0x31ED, 0x31ED, 0x31ED, 0x31ED, 0x320D, 0x320D, 0x320D,
  0x320D, 0x320D, 0x320D, 0x320D, 0x8D3A, 0x8D3A, 0x8D3A, 0x8D3A, 0x4A6B, 0x4A6B, 0x4A6B, 0x4A6B,
  0x8D39, 0x8D39, 0xD658, 0xD658, 0xD658, 0xD658, 0xD658, 0xD658, 0xD658, 0xD638, 0xD638, 0x5B52,
  0x5B52, 0x5B52, 0x5B52, 0x2287, 0x2287, 0x2287, 0x2287, 0x2287, 0x2287, 0x2287, 0x2287, 0x2287,
  0x2287, 0x2287, 0x2287, 0x2287, 0x2287, 0x2287, 0x2287, 0x2287, 0x2287, 0x2287, 0x2287, 0x2287,
  0x2287, 0x2287, 0x2287, 0x2287, 0x2287, 0x2287, 0x2287, 0x2287, 0x2287, 0x2287, 0x2287, 0x2287,
  0x2287, 0xD5D5, 0x836C, 0x836C, 0x836C, 0x836C, 0x526A, 0x526A, 0x5249, 0x5249, 0x4A49, 0x4A49,
  0x4A49, 0x732F, 0x4A29, 0xD3E7, 0x4A29, 0x5AAD, 0x5A8D, 0x4229, 0x63D6, 0x528D, 0x4209, 0x528D,
  0x526D, 0x4A6B, 0x4A6B, 0x41E9, 0x41E9, 0x41E9, 0x41E9, 0x41E9, 0x39E8, 0x39E8, 0x39E8, 0x39E8,
  0x39E8, 0x424D, 0xD678, 0x422D, 0x39E8, 0x4A6F, 0x4A6F, 0xD679, 0x4A6F, 0x4A6F, 0x4A6F, 0x4A6F,
  0x4A6F, 0x424E, 0x39C8, 0x424E, 0x424E, 0x424E, 0x424E, 0x424E, 0x424E, 0x424E, 0x424E, 0x424E,
  0x424E, 0x424E, 0x424E, 0x2CAB, 0xC986, 0x422E, 0x39C8, 0x422E, 0x422E, 0x422E, 0x422E, 0x422E,
  0x422E, 0xD699, 0x422E, 0x422E, 0x422E, 0x422E, 0x422E, 0x422E, 0xD364, 0x422E, 0x422E, 0x422E,
  0x3A2E, 0x3A2E, 0x3A2E, 0x3A2E, 0x3A2E, 0x3A2E, 0x3A2E, 0x3B78, 0x31A8, 0x3A2E, 0x3A2E, 0x3A2E,
  0x3A2E, 0x3A2E, 0x3A2E, 0x3A2E, 0x3A2E, 0x24AB, 0x3A2E, 0x3A2E, 0x3A2E, 0x24AB, 0x3A2E, 0x3A2E,
  0x3A2E, 0x3A2E, 0x3A2E, 0xDD64, 0x3A2E, 0x3A2E, 0x3A2E, 0x3A2E, 0x3B58, 0x3A2E, 0x3A2E, 0x3A2E,
  0x3A2E, 0x3A0E, 0x3A0E, 0x3A0E, 0x3A0E, 0xDD64, 0x3A0E, 0xD69A, 0x3A0E, 0x3B58, 0x3A0E, 0x3A0E,
  0x3A0E, 0x24AB, 0x3A0E, 0x3A0E, 0x3A0E, 0x3A0E, 0x3A0E, 0x3A0E, 0x3A0E, 0x3A0E, 0x24AB, 0x3A0E,
  0x31A8, 0xDD64, 0x3A0E, 0x3A0E, 0xD6BB, 0xD6BB, 0xD6BB, 0xD6BB, 0xD6BB, 0xD6BB, 0xD6BB, 0xD6BB,
  0xD6BB, 0xD6BB, 0xD6BB, 0xD6BB, 0xD6BB, 0xD6BB, 0xD6BB, 0xD6BB, 0xD6BB, 0xD6BB, 0xD6BB, 0xD6BB,
  0xD6BB, 0xD6BB, 0xD6BB, 0xD6BB, 0xD6BB, 0xD6BB, 0xD6BB, 0xD6BB, 0xD6BB, 0xD6BB, 0xD6BB, 0xD6BB,
  0xD6BB, 0xD6BB, 0xD6BB, 0xD6BB, 0xD6BB, 0xD6BB, 0xD6BB, 0xD6BB, 0xD6BB, 0xD6BB, 0xD6BB, 0xD6BB,
  0xD6BB, 0xD6BB, 0xD6BB, 0xD6BB, 0xD6BB, 0xD6BB, 0xD6BB, 0xD6BB, 0x29EF, 0x320F, 0x320F, 0x320F,
  0x320F, 0x320F, 0x320F, 0x320F, 0x320F, 0x320F, 0x320F, 0x320F, 0x320F, 0x320F, 0x320F, 0x320F,
  0x320F, 0x320F, 0x320F, 0x320F, 0x320F, 0x320F, 0x320F, 0x320F, 0x320F, 0x320F, 0x320F, 0x320F,
  0x320F, 0x322F, 0x322F, 0x322F, 0x322F, 0x322F, 0x322F, 0x322F, 0x322F, 0x322F, 0x322F, 0x322F,
  0x322F, 0x322F, 0x322F, 0x322F, 0x322F, 0x322F, 0x3A2F, 0x3A2F, 0x3A2F, 0x3A2F, 0x3A2F, 0x3A2F,
  0x3A2F, 0x3A2F, 0x3A2F, 0x3A2F, 0x3A2F, 0x3A4F, 0x3A4F, 0x3A4F, 0x3A4F, 0x3A4F, 0x3A4F, 0x3A4F,
  0x3A4F, 0x426F, 0x426F, 0x426F, 0x5ACD, 0x5ACD, 0x5ACD, 0x5ACD, 0x426F, 0x426F, 0xA5FD, 0xA5FD,
  0xA5FD, 0xA5FD, 0xADFD, 0xADFD, 0xADFD, 0xADFD, 0xF73B, 0xF73B, 0xF73B, 0xF73B, 0xF73B, 0xF73B,
  0xF71B, 0xF71B, 0xF71A, 0xF71A, 0xF71A, 0x2AE8, 0x2AE8, 0x2AE8, 0x2AE8, 0x2AE8, 0x2AE8, 0x2AE8,
  0x2AE8, 0x2AE8, 0x2AE8, 0x2AE8, 0x2AE8, 0x2AE8, 0x2AE8, 0x2AE8, 0x2AE8, 0x2AE8, 0x2AE8, 0x2AE8,
  0x2AE8, 0x2AE8, 0x2AE8, 0x2AE8, 0x2AE8, 0x2AE8, 0x2AE8, 0x2AE8, 0x7B4C, 0x732C, 0x6B0C, 0x6B0C,
  0x6AEB, 0x62EB, 0x62EB, 0x62CB, 0x62CB, 0x83B0, 0x5AAB, 0x7B70, 0x5AAB, 0x6D8E, 0x528B, 0x528B,
  0x526A, 0x526A, 0x526A, 0x526A, 0x526A, 0x526A, 0x4A4A, 0x4A4A, 0x4A4A, 0x5ACD, 0x5ACD, 0x5ACD,
  0x5ACD, 0xFE27, 0xF75C, 0x5AF1, 0x4A4A, 0x5AD1, 0x5AD1, 0x5AD1, 0x5AD1, 0x5AD1, 0x5AD1, 0xF426,
  0x422A, 0x52D1, 0x52D1, 0x52D1, 0x52D1, 0x52D1, 0x52D1, 0x3D6D, 0x52D1, 0x52B1, 0x422A, 0x52B1,
  0x52B1, 0x52B1, 0xF405, 0x52B1, 0x52B1, 0x52B1, 0x52B1, 0x52B1, 0x52B1, 0x52B1, 0x52B1, 0x4A91,
  0x4A91, 0x4A91, 0x420A, 0xE1A7, 0x4A91, 0xE1A7, 0x4BFB, 0x4A91, 0x4A91, 0x4A91, 0x4A91, 0x4A91,
  0x4A91, 0x4A91, 0x4A91, 0x4A91, 0xFE26, 0x4A91, 0xFE26, 0x4A91, 0x4271, 0x4271, 0x4271, 0x4271,
  0x4271, 0x4271, 0x2D4C, 0x4271, 0x3A09, 0x4271, 0x4271, 0x4271, 0x4271, 0x2D4C, 0x4271, 0x4BFC,
  0x4271, 0xF3E4, 0x4271, 0xF79D, 0x4271, 0x4271, 0x4271, 0x4271, 0xE166, 0x4271, 0xFE26, 0x4271,
  0x43DC, 0x4271, 0x4271, 0x4271, 0x4271, 0x43DC, 0xE187, 0x4271, 0x4271, 0x4271, 0x43DC, 0xE166,
  0x4271, 0x4271, 0x4271, 0x4271, 0x4271, 0x4271, 0x4271, 0x4271, 0x4271, 0x4271, 0x4271, 0x4271,
  0x4271, 0x4271, 0x4271, 0x4271, 0x4271, 0x4271, 0xF3C4, 0x4271, 0x39E9, 0x4271, 0x4271, 0x4271,
  0xBDD7, 0xBDD7, 0xBDD7, 0xBDD7, 0xBDD7, 0xBDD7, 0xBDD7, 0xBDD7, 0xBDD7, 0xBDD7, 0xBDD7, 0xBDD7,
  0xBDD7, 0xBDD7, 0xBDD7, 0xBDD7, 0xBDD7, 0xBDD7, 0xBDD7, 0xBDD7, 0xBDD7, 0xBDD7, 0xBDD7, 0xBDD7,
  0xBDD7, 0xBDD7, 0xBDD7, 0xBDD7, 0xBDD7, 0xBDD7, 0xBDD7, 0xBDD7, 0xBDD7, 0xBDD7, 0xBDD7, 0xBDD7,
  0xBDD7, 0xBDD7, 0xBDD7, 0xBDD7, 0xBDD7, 0xBDD7, 0xBDD7, 0xBDD7, 0xBDD7, 0xBDD7, 0xBDD7, 0xBDD7,
  0xBDD7, 0xBDD7, 0xBDD7, 0xBDD7, 0xBDD7, 0xBDD7, 0xBDD7, 0xBDD7, 0xBDD7, 0xBDD7, 0xBDD7, 0xBDD7,
  0xBDD7, 0xBDD7, 0xBDD7, 0xBDD7, 0xBDD7, 0xBDD7, 0xBDD7, 0xBDD7, 0xBDD7, 0xBDD7, 0xBDD7, 0xBDD7,
  0xBDD7, 0xBDD7, 0xBDD7, 0xBDD7, 0xBDD7, 0xBDD7, 0xBDD7, 0xBDD7, 0x29CD, 0x29ED, 0x29ED, 0x29ED,
  0x29ED, 0x29ED, 0x29ED, 0x29ED, 0x29ED, 0x29ED, 0x29ED, 0x29ED, 0x29ED, 0x29ED, 0x29ED, 0x29ED,
  0x29ED, 0x29ED, 0x31ED, 0x31ED, 0x31ED, 0x31ED, 0x31ED, 0x31ED, 0x31ED, 0x31ED, 0x31ED, 0x31ED,
  0x31ED, 0x320D, 0x320D, 0x320D, 0x320D, 0x320D, 0x320D, 0x320D, 0x320D, 0x3A0D, 0x3A0D, 0x3A0D,
  0x4A6B, 0x4A6B, 0x4A6B, 0x4A6B, 0x3A2D, 0x3A2D, 0x3A2D, 0x422D, 0x422D, 0x422D, 0x424D, 0x424D,
  0x424D, 0x424D, 0x424D, 0x4A6D, 0x9538, 0x9538, 0x9538, 0x9D38, 0x9D38, 0x9D38, 0xD637, 0xD617,
  0xD616, 0xD616, 0xD616, 0xD5F5, 0xD5F5, 0xD5F5, 0x2287, 0x2287, 0x2287, 0x2287, 0x2287, 0x2287,
  0x2287, 0x2287, 0x2287, 0x2287, 0x2287, 0x2287, 0x2287, 0x2287, 0x2287, 0x2287, 0x2287, 0x2287,
  0x836C, 0x7B4B, 0x730B, 0x6AEB, 0x6AEB, 0x62CA, 0x5AAA, 0x5A8A, 0x5A8A, 0x5A8A, 0x526A, 0x526A,
  0x5249, 0x5249, 0x4A49, 0x4A49, 0x4A29, 0x4A29, 0x4A29, 0x62EF, 0x4A29, 0x5ACF, 0x5ACF, 0x4229,
  0xCA08, 0x5AAF, 0x4209, 0xD3C6, 0x52AF, 0x4A6B, 0x4A6B, 0x4A6B, 0x4A6B, 0x528F, 0x528F, 0xC9E7,
  0x41E9, 0x4A6F, 0x4A6F, 0xC9C7, 0x4A6F, 0x4A6F, 0x4A6F, 0x4A6F, 0x39E8, 0x4A6F, 0x4A6F, 0x4A6F,
  0x4A6F, 0x4A6F, 0x4A6F, 0x4A6F, 0xC9A6, 0x424E, 0x39C8, 0x424E, 0xC986, 0x424E, 0xD679, 0x424E,
  0x424E, 0x424E, 0x424E, 0x34AB, 0x424E, 0x424E, 0x424E, 0x422E, 0x422E, 0x422E, 0x39C8, 0x2CAB,
  0x422E, 0x422E, 0x2CAB, 0x422E, 0x422E, 0x422E, 0x422E, 0x422E, 0x422E, 0x422E, 0x422E, 0x422E,
  0x422E, 0x422E, 0xD699, 0x422E, 0x3A2E, 0x3A2E, 0x3A2E, 0xD699, 0x3A2E, 0x3A2E, 0xC966, 0x3B78,
  0x31A8, 0xD699, 0x3A2E, 0x3A2E, 0x3A2E, 0x3A2E, 0x3A2E, 0x3A2E, 0x3A2E, 0x3A2E, 0x3A2E, 0x3A2E,
  0xD699, 0x3A2E, 0x3A2E, 0x3A2E, 0x3A2E, 0x3A2E, 0x3A2E, 0x3A2E, 0xD69A, 0x3A2E, 0x3A2E, 0x3B58,
  0x24AB, 0x3B78, 0x3B78, 0x3A2E, 0x3A2E, 0x3A0E, 0x3B58, 0x3A0E, 0x3A0E, 0x3A0E, 0x3A0E, 0x3A0E,
  0xD343, 0xDD64, 0x3A0E, 0x3A0E, 0x3A0E, 0x3A0E, 0x3A0E, 0x3A0E, 0x3A0E, 0x3A0E, 0x3A0E, 0x3A0E,
  0x3A0E, 0x3A0E, 0x3A0E, 0x3A0E, 0x31A8, 0xD343, 0x3A0E, 0x3A0E, 0xD6BB, 0xD6BB, 0xD6BB, 0xD6BB,
  0xD6BB, 0xD6BB, 0xD6BB, 0xD6BB, 0xD6BB, 0xD6BB, 0xD6BB, 0xD6BB, 0xD6BB, 0xD6BB, 0xD6BB, 0xD6BB,
  0xD6BB, 0xD6BB, 0xD6BB, 0xD6BB, 0xD6BB, 0xD6BB, 0xD6BB, 0xD6BB, 0xD6BB, 0xD6BB, 0xD6BB, 0xD6BB,
  0xD6BB, 0xD6BB, 0xD6BB, 0xD6BB, 0xD6BB, 0xD6BB, 0xD6BB, 0xD6BB, 0xD6BB, 0xD6BB, 0xD6BB, 0xD6BB,
  0xD6BB, 0xD6BB, 0xD6BB, 0xD6BB, 0xD6BB, 0xD6BB, 0xD6BB, 0xD6BB, 0xD6BB, 0xD6BB, 0xD6BB, 0xD6BB,
  0xD6BB, 0xD6BA, 0xD6BA, 0xD6BA, 0xD6BA, 0xD6BA, 0xD6BA, 0xD6BA, 0xD6BA, 0xD6BA, 0xD6BA, 0xD6BA,
  0xD6BA, 0xD6BA, 0xD6BA, 0xD6BA, 0xD6BA, 0xD6BA, 0xD6BA, 0xD6BA, 0xD6BA, 0xD6BA, 0xD6BA, 0xD6BA,
  0xD6BA, 0xD6BA, 0xD6BA, 0xD6BA, 0xD6BA, 0xDEBA, 0xDEBA, 0xDEBA, 0xDEBA, 0xDEBA, 0xDEBA, 0xDEBA,
  0xDEBA, 0xDEBA, 0xDEBA, 0xDEBA, 0xDEBA, 0xDEBA, 0xDEBA, 0xDEBA, 0xDEBA, 0xDEBA, 0xDEBA, 0xDEBA,
  0xDEBA, 0xDEBA, 0xDEBA, 0xDEBA, 0xDEBA, 0xDEBA, 0xDEBA, 0xDEBA, 0xDEBA, 0xDE9A, 0xDE9A, 0xDE9A,
  0xDE9A, 0xDE9A, 0xDE9A, 0xDE9A, 0xDE9A, 0xDE9A, 0xDE9A, 0xDE9A, 0x5ACD, 0x5ACD, 0x5ACD, 0x5ACD,
  0x426F, 0x426F, 0x426F, 0x4A8F, 0x4A8F, 0x4A8F, 0x4AAF, 0x4AAF, 0x4AAF, 0x52AF, 0x52AF, 0x52CF,
  0x52CF, 0x5AEF, 0x5AEF, 0x5AF0, 0x6310, 0x6310, 0x6330, 0x6B30, 0x6B50, 0x7370, 0x7B90, 0x83B0,
  0x83D0, 0xC619, 0x2AE8, 0x2AE8, 0x2AE8, 0x2AE8, 0x2AE8, 0x2AE8, 0x2AE8, 0x2AE8, 0x2AE8, 0x2AE8,
  0x2AE8, 0x2AE8, 0x2AE8, 0x2AE8, 0x2AE8, 0x2AE8, 0x2AE8, 0x2AE8, 0x93EE, 0x8BCD, 0x838D, 0x7B6D,
  0x7B6C, 0x734C, 0x732C, 0x6B0C, 0x6B0C, 0x6AEB, 0x62EB, 0x62CB, 0x62CB, 0x83B1, 0x5AAB, 0xFE29,
  0x5AAB, 0x7371, 0x5A8B, 0x7351, 0x528B, 0x6B31, 0xFE28, 0x526A, 0x6C5A, 0x6331, 0x526A, 0x6331,
  0x6311, 0x5ACD, 0x5ACD, 0x5ACD, 0x5ACD, 0x5AF1, 0x5AF1, 0x5AF1, 0x4A4A, 0x5AD1, 0x5AD1, 0x5AD1,
  0x5AD1, 0x5AD1, 0x5C3B, 0x5AD1, 0x422A, 0x52D1, 0x52D1, 0x52D1, 0xF77C, 0x52D1, 0x52D1, 0x52D1,
  0x52D1, 0x52B1, 0x422A, 0x52B1, 0x52B1, 0x3D6D, 0x52B1, 0x52B1, 0xF79D, 0xE1C7, 0x52B1, 0x52B1,
  0x52B1, 0x52B1, 0x52B1, 0x4A91, 0x4A91, 0x4A91, 0x420A, 0x4A91, 0x4A91, 0x4A91, 0x4A91, 0x4A91,
  0x4A91, 0xF79D, 0xF79D, 0x4A91, 0x4A91, 0x2D4C, 0x4A91, 0x4A91, 0x4A91, 0x4A91, 0x4A91, 0x4A91,
  0x4271, 0xF3E4, 0x4271, 0x4271, 0x4271, 0xF79D, 0x4271, 0xF3E4, 0x3A09, 0x4271, 0x4271, 0x4271,
  0x4271, 0x4271, 0x4271, 0x4271, 0x4271, 0xFE26, 0x4271, 0x4271, 0x4271, 0xFE25, 0x4271, 0xF79E,
  0x4271, 0x4271, 0x4271, 0x4271, 0xF3E4, 0x4271, 0x4271, 0x4BFC, 0x4271, 0x4271, 0x4271, 0x4271,
  0x4271, 0xF79E, 0x4271, 0x4271, 0x4271, 0x4271, 0x4271, 0xF79E, 0xF79E, 0xF79E, 0x4271, 0x4271,
  0xF79E, 0xE166, 0x43DC, 0xFE25, 0x4271, 0x2D4C, 0x43DC, 0x4271, 0x4271, 0x4271, 0x4271, 0x4271,
  0x39E9, 0x4271, 0x4271, 0x4271, 0xBDD7, 0xBDD7, 0xBDD7, 0xBDD7, 0xBDD7, 0xBDD7, 0xBDD7, 0xBDD7,
  0xBDD7, 0xBDD7, 0xBDD7, 0xBDD7, 0xBDD7, 0xBDD7, 0xBDD7, 0xBDD7, 0xBDD7, 0xBDD7, 0xBDD7, 0xBDD7,
  0xBDD7, 0xBDD7, 0xBDD7, 0xBDD7, 0xBDD7, 0xBDD7, 0xBDD7, 0xBDD7, 0xBDD7, 0xBDD7, 0xBDD7, 0xBDD7,
  0xBDD7, 0xBDD7, 0xBDD7, 0xBDD7, 0xBDD7, 0xBDD7, 0xBDD7, 0xBDD7, 0xBDD7, 0xBDD7, 0xBDD7, 0xBDD7,
  0xBDD7, 0xBDD7, 0xBDD7, 0xBDD7, 0xBDD7, 0xBDD7, 0xBDD7, 0xBDD7, 0xBDD7, 0xBDD7, 0xBDD7, 0xBDD7,
  0xBDD7, 0xBDD7, 0xBDD7, 0xBDD7, 0xBDD7, 0xBDD7, 0xBDD7, 0xBDD7, 0xBDD7, 0xBDD7, 0xBDD7, 0xBDD7,
  0xBDD7, 0xBDD7, 0xBDD7, 0xBDD7, 0xBDD7, 0xBDD7, 0xBDD7, 0xBDD7, 0xBDD7, 0xBDD7, 0xBDD7, 0xBDD7,
  0xBDD7, 0xBDD7, 0xBDD7, 0xBDD7, 0xBDD7, 0xBDD7, 0xBDD7, 0xBDD7, 0xBDD7, 0xBDD7, 0xBDD7, 0xBDD7,
  0xBDD7, 0xBDD7, 0xBDD7, 0xBDD7, 0xBDD7, 0xBDD7, 0xBDD7, 0x2C6A, 0x2C6A, 0x2C6A, 0x2C6A, 0x2C6A,
  0x2C6A, 0x2C6A, 0x2C6A, 0xBDD7, 0xBDD7, 0xC186, 0xC186, 0xC186, 0xC186, 0xC186, 0xC186, 0xC186,
  0xBDB6, 0x3AD5, 0x3AD5, 0x3AD5, 0x4A6B, 0x4A6B, 0x4A6B, 0x4A6B, 0xDD66, 0xDD66, 0xBDB6, 0x3C8A,
  0x3C8A, 0x3C8A, 0xC1E7, 0xC1E7, 0xBDB6, 0x4B15, 0x4B15, 0xDD67, 0xDD67, 0x4C8B, 0x4C8B, 0xC228,
  0x5354, 0xC5B5, 0xD568, 0x54AB, 0xC289, 0xD568, 0x64AC, 0x73B3, 0xC594, 0x7BF3, 0x2287, 0x2287,
  0x2287, 0x2287, 0x2287, 0x2287, 0x2287, 0x2287, 0x2287, 0x2287, 0x2287, 0x2287, 0x2287, 0x2287,
  0x2287, 0x2287, 0x2287, 0x2287, 0x836C, 0x7B4B, 0x730B, 0x6AEB, 0x6AEB, 0x62CA, 0x5AAA, 0x5A8A,
  0x5A8A, 0x5A8A, 0x526A, 0x526A, 0x5249, 0x5249, 0x4A49, 0x4A49, 0x4A29, 0x4A29, 0x4A29, 0x4A29,
  0x4229, 0x4229, 0x4229, 0x4209, 0x4209, 0x4209, 0x4209, 0x4209, 0x4209, 0x4A6B, 0x4A6B, 0x41E9,
  0x41E9, 0x41E9, 0x41E9, 0x41E9, 0x39E8, 0x39E8, 0x39E8, 0x39E8, 0x39E8, 0x39E8, 0x39E8, 0x39E8,
  0x39C8, 0x39C8, 0x39C8, 0x39C8, 0x39C8, 0x39C8, 0x39C8, 0x39C8, 0x39C8, 0x39C8, 0x39C8, 0x39C8,
  0x39C8, 0x39C8, 0x39C8, 0x39C8, 0x39C8, 0x39C8, 0x39C8, 0x39C8, 0x39C8, 0x39C8, 0x39C8, 0x39C8,
  0x39C8, 0x39C8, 0x31A8, 0x31A8, 0x31A8, 0x31A8, 0x31A8, 0x31A8, 0x31A8, 0x31A8, 0x31A8, 0x31A8,
  0x31A8, 0x31A8, 0x31A8, 0x31A8, 0x31CD, 0x31CD, 0x31CD, 0x31CD, 0x31CD, 0x3B78, 0x31CD, 0x31CD,
  0x31CD, 0x31CD, 0x31CD, 0x31CD, 0x31A8, 0x24AB, 0x31CD, 0x24AB, 0x31CD, 0x31CD, 0x31CD, 0x31CD,
  0x31CD, 0xD364, 0x31CD, 0xC966, 0x29AC, 0x29AC, 0xD343, 0xD69A, 0x29AC, 0x29AC, 0x29AC, 0x29AC,
  0x29AC, 0x29AC, 0xD343, 0xC146, 0x29AC, 0x29AC, 0x29AC, 0x29AC, 0x29AC, 0x29AC, 0x29AC, 0x29AC,
  0x29AC, 0xD343, 0x29AC, 0x29AC, 0x29AC, 0x29AC, 0x29AC, 0x29AC, 0x29AC, 0x29AC, 0x29AC, 0x24AB,
  0x29AC, 0xD343, 0x29AC, 0x29AC, 0x29AC, 0xD69A, 0x29AC, 0x29AC, 0x31A8, 0x29AC, 0xD343, 0x29AC,
  0xD6BB, 0xD6BB, 0xD6BB, 0xD6BB, 0xD6BB, 0xD6BB, 0xD6BB, 0xD6BB, 0xD6BB, 0xD6BB, 0xD6BB, 0xD6BB,
  0xD6BB, 0xD6BB, 0xD6BB, 0xD6BB, 0xD6BB, 0xD6BB, 0xD6BB, 0xD6BB, 0xD6BB, 0xD6BB, 0xD6BB, 0xD6BB,
  0xD6BB, 0xD6BB, 0xD6BB, 0xD6BB, 0xD6BB, 0xD6BB, 0xD6BB, 0xD6BB, 0xD6BB, 0xD6BB, 0xD6BB, 0xD6BB,
  0xD6BB, 0xD6BB, 0xD6BB, 0xD6BB, 0xD6BB, 0xD6BB, 0xD6BB, 0xD6BB, 0xD6BB, 0xD966, 0xD6BB, 0xD6BB,
  0xD6BB, 0xD6BB, 0xD6BB, 0xD6BB, 0xD6BB, 0xD6BA, 0xD6BA, 0xD6BA, 0xD6BA, 0x3319, 0x3319, 0x3319,
  0x3319, 0x3319, 0x3319, 0x3319, 0x3319, 0x3319, 0x3319, 0x3319, 0x3319, 0x3319, 0x3319, 0x3319,
  0x3319, 0x3319, 0x3319, 0x3319, 0x3319, 0x3319, 0xD6BA, 0xD6BA, 0xD6BA, 0xDEBA, 0xDEBA, 0xFE26,
  0xFE26, 0xFE26, 0xFE26, 0xFE26, 0xFE26, 0xFE26, 0xFE26, 0xFE26, 0xFE26, 0xFE26, 0xFE26, 0xFE26,
  0xDEBA, 0xDEBA, 0xDEBA, 0x350C, 0x350C, 0x350C, 0x350C, 0x350C, 0x350C, 0x350C, 0x350C, 0xDEBA,
  0xDEBA, 0xD9C7, 0xD9C7, 0xD9C7, 0xD9C7, 0xD9C7, 0xD9C7, 0xD9C7, 0xDE9A, 0x4359, 0x4359, 0x4359,
  0x5ACD, 0x5ACD, 0x5ACD, 0x5ACD, 0xFE27, 0xFE27, 0xDE9A, 0x452C, 0x452C, 0x452C, 0xE228, 0xE228,
  0xDE99, 0x5398, 0x5398, 0xFE28, 0xFE28, 0x554D, 0x554D, 0xE289, 0x63D8, 0xDE98, 0xFE29, 0x654D,
  0xE2EA, 0xFE2A, 0x756E, 0x8456, 0xE677, 0x9496, 0x9D6E, 0x9D6E, 0xE677, 0xE677, 0xE677, 0xB4D0,
  0xB4D0, 0xC552, 0xF6B7, 0xB4AF, 0xAC6F, 0xB4AF, 0xF6B7, 0xE5F1, 0xDD8F, 0x9D6E, 0x9D6E, 0x93CC,
  0x8B8C, 0x836C, 0x838D, 0x7B6D, 0x7B4C, 0x732C, 0x6B0C, 0x6B0C, 0x6AEB, 0x62EB, 0x62CB, 0x62CB,
  0x62CB, 0x7B8E, 0x5AAB, 0x7B6E, 0x5AAB, 0x734D, 0x5A8B, 0x62EF, 0x528B, 0x5ACF, 0x5ACF, 0x526A,
  0x52AF, 0x52AF, 0x526A, 0x528F, 0xEA28, 0x5ACD, 0x5ACD, 0x5ACD, 0x5ACD, 0xF426, 0x4A6F, 0x4A6F,
  0x4A4A, 0x4A6F, 0x4A6F, 0x4A6F, 0x4A6F, 0x4A6F, 0x4A6F, 0x4A6F, 0x422A, 0x4A6F, 0x424F, 0x424F,
  0x424F, 0x424F, 0x424F, 0x424F, 0x424F, 0x424F, 0x422A, 0x424F, 0x424F, 0x424F, 0x3A2F, 0x3A2F,
  0x3A2F, 0x3A2F, 0x3A2F, 0x3A2F, 0x3A2F, 0x3A2F, 0x3A2F, 0x3A2F, 0x3A2F, 0x3A2F, 0x420A, 0x3A2F,
  0x3A2F, 0x3A2F, 0x3A2F, 0x3A2F, 0x3A0F, 0x3A0F, 0x3A0F, 0x3A0F, 0x3A0F, 0x3A0F, 0x3A0F, 0x3A0F,
  0x3A09, 0x3A09, 0x3A09, 0x3A09, 0x3A09, 0x3A09, 0x3A09, 0x3A09, 0x3A09, 0x3A09, 0x3A09, 0x3A09,
  0x39E9, 0x39E9, 0x39E9, 0x39E9, 0x39E9, 0x39E9, 0x39E9, 0x39E9, 0x39E9, 0x39E9, 0x39E9, 0x39E9,
  0x39E9, 0x39E9, 0x39E9, 0x39E9, 0x39E9, 0x39E9, 0x39E9, 0x39E9, 0x39E9, 0x39E9, 0x39E9, 0x39E9,
  0x39E9, 0x39E9, 0x39E9, 0x39E9, 0x39E9, 0x39E9, 0x39E9, 0x39E9, 0x39E9, 0x39E9, 0x39E9, 0x39E9,
  0x39E9, 0x39E9, 0x39E9, 0x39E9, 0x39E9, 0x39E9, 0x39E9, 0x39E9, 0x39E9, 0x39E9, 0x39E9, 0x39E9,
  0x39E9, 0x39E9, 0x39E9, 0x39E9, 0x39E9, 0x39E9, 0x39E9, 0x39E9, 0xBDD7, 0xBDD7, 0xBDD7, 0xC145,
  0xC145, 0xC145, 0xC145, 0xC145, 0xC145, 0xC145, 0xC145, 0xC145, 0xC145, 0xC145, 0xC145, 0xC145,
  0xC145, 0xC145, 0xC145, 0xC145, 0xC145, 0xC145, 0xC145, 0xC145, 0xC145, 0xC145, 0xC145, 0xC145,
  0xC145, 0xC145, 0xC145, 0xC145, 0xC145, 0xC145, 0xC145, 0xC145, 0xC145, 0xC145, 0xC145, 0xC145,
  0xC145, 0xC145, 0xC145, 0xC145, 0xC145, 0xC145, 0xBDD7, 0xBDD7, 0xBDD7, 0xBDD7, 0xBDD7, 0xBDD7,
  0xBDD7, 0xBDD7, 0xBDD7, 0xBDD7, 0xBDD7, 0x2A96, 0x2A96, 0x2A96, 0x2A96, 0x2A96, 0x2A96, 0x2A96,
  0x2A96, 0x2A96, 0x2A96, 0x2A96, 0x2A96, 0x2A96, 0x2A96, 0x2A96, 0x2A96, 0x2A96, 0x2A96, 0x2A96,
  0x2A96, 0x2A96, 0xBDD7, 0xBDD7, 0xBDD7, 0xBDD7, 0xBDD7, 0xDD65, 0xDD65, 0xDD65, 0xDD65, 0xDD65,
  0xDD65, 0xDD65, 0xDD65, 0xDD65, 0xDD65, 0xDD65, 0xDD65, 0xDD65, 0xBDD7, 0xBDD7, 0xBDD7, 0x2C6A,
  0x2C6A, 0x2C6A, 0x2C6A, 0x2C6A, 0x2C6A, 0x2C6A, 0x2C6A, 0xBDD7, 0xBDD7, 0xC186, 0xC186, 0xC186,
  0xC186, 0xC186, 0xC186, 0xC186, 0xBDB6, 0x3AD5, 0x3AD5, 0x3AD5, 0x4A6B, 0x4A6B, 0x4A6B, 0x4A6B,
  0xDD66, 0xDD66, 0xBDB6, 0x3C8A, 0x3C8A, 0x3C8A, 0xC1E7, 0xC1E7, 0xBDB6, 0x4B15, 0x4B15, 0xDD67,
  0xDD67, 0x4C8B, 0x4C8B, 0xC228, 0x5354, 0xC5B5, 0xD568, 0x54AB, 0xC289, 0xD568, 0x64AC, 0x6AC9,
  0xC594, 0xC5B5, 0xC5B5, 0xC595, 0xC594, 0xC594, 0x7B2A, 0xAC6F, 0xD5D4, 0x93ED, 0x93ED, 0x93CC,
  0x93CC, 0x93ED, 0x93ED, 0x93ED, 0xC50E, 0xC50E, 0xC50E, 0x7309, 0x6AC9, 0x6AEA, 0x6AC9, 0x62A9,
  0x5A89, 0x5A69, 0x5A68, 0x5A68, 0x5A8A, 0x5A8A, 0x5A8A, 0x526A, 0x5249, 0x5249, 0x4A49, 0x4A49,
  0x4A29, 0x4A29, 0x4A29, 0x4A29, 0x4229, 0x4229, 0x5AAB, 0x4229, 0x4A4D, 0x4A4D, 0x4209, 0x424D,
  0x424D, 0x4A6B, 0x4A6B, 0x4A6B, 0x4A6B, 0x422D, 0x422D, 0x422D, 0x41E9, 0x422D, 0x3A0D, 0x3A0D,
  0x3A0D, 0x3A0D, 0x3A0D, 0xD385, 0x39E8, 0x3A0D, 0x39ED, 0x39ED, 0x39ED, 0x39ED, 0x39ED, 0x39ED,
  0x39ED, 0x39ED, 0x39C8, 0x39ED, 0x39ED, 0x39ED, 0x31ED, 0x31ED, 0x31ED, 0xD364, 0xDD65, 0x31ED,
  0x31ED, 0x31ED, 0x31ED, 0x31ED, 0x31ED, 0x31ED, 0x39C8, 0x2CAB, 0x31ED, 0x31ED, 0x31ED, 0xDD65,
  0x31CD, 0x31CD, 0x31CD, 0x31CD, 0x31CD, 0x31CD, 0x31CD, 0x31CD, 0x31CD, 0x31CD, 0x31CD, 0x31CD,
  0x31CD, 0x31CD, 0x31CD, 0x31CD, 0x31CD, 0xD364, 0x31CD, 0x31CD, 0x31A8, 0x31CD, 0x31CD, 0x31CD,
  0x31CD, 0x31CD, 0x31CD, 0x31CD, 0x3B78, 0x31CD, 0x31CD, 0x31CD, 0x29AC, 0x29AC, 0x29AC, 0x29AC,
  0x29AC, 0x3B58, 0x29AC, 0x29AC, 0x29AC, 0x29AC, 0x29AC, 0x29AC, 0x29AC, 0x29AC, 0x29AC, 0x29AC,
  0x29AC, 0x29AC, 0x29AC, 0x29AC, 0xDD64, 0x29AC, 0x29AC, 0x29AC, 0x29AC, 0x29AC, 0x29AC, 0x29AC,
  0xDD64, 0x29AC, 0x29AC, 0x29AC, 0x29AC, 0xC146, 0x29AC, 0x29AC, 0x29AC, 0x29AC, 0x29AC, 0x29AC,
  0x31A8, 0x29AC, 0x29AC, 0x29AC, 0xD6BB, 0xD6BB, 0xD6BB, 0xD966, 0xD966, 0xD966, 0xD966, 0xD966,
  0xD966, 0xD966, 0xD966, 0xD966, 0xD966, 0xD966, 0xD966, 0xD966, 0xD966, 0xD966, 0xD966, 0xD966,
  0xD966, 0xD966, 0xD966, 0xD966, 0xD966, 0xD966, 0xD966, 0xD966, 0xD966, 0xD966, 0xD966, 0xD966,
  0xD966, 0xD966, 0xD966, 0xD966, 0xD966, 0xD966, 0xD966, 0xD966, 0xD966, 0xD966, 0xD966, 0xD966,
  0xD966, 0xD966, 0xD6BB, 0xD6BB, 0xD6BB, 0xD6BB, 0xD6BB, 0xD6BB, 0xD6BB, 0xD6BA, 0xD6BA, 0xD6BA,
  0xD6BA, 0x3319, 0x3319, 0x3319, 0x3319, 0x3319, 0x3319, 0x3319, 0x3319, 0x3319, 0x3319, 0x3319,
  0x3319, 0x3319, 0x3319, 0x3319, 0x3319, 0x3319, 0x3319, 0x3319, 0x3319, 0x3319, 0xD6BA, 0xD6BA,
  0xD6BA, 0xDEBA, 0xDEBA, 0xFE26, 0xFE26, 0xFE26, 0xFE26, 0xFE26, 0xFE26, 0xFE26, 0xFE26, 0xFE26,
  0xFE26, 0xFE26, 0xFE26, 0xFE26, 0xDEBA, 0xDEBA, 0xDEBA, 0x350C, 0x350C, 0x350C, 0x350C, 0x350C,
  0x350C, 0x350C, 0x350C, 0xDEBA, 0xDEBA, 0xD9C7, 0xD9C7, 0xD9C7, 0xD9C7, 0xD9C7, 0xD9C7, 0xD9C7,
  0xDE9A, 0x4359, 0x4359, 0x4359, 0x5ACD, 0x5ACD, 0x5ACD, 0x5ACD, 0xFE27, 0xFE27, 0xDE9A, 0x452C,
  0x452C, 0x452C, 0xE228, 0xE228, 0xDE99, 0x5398, 0x5398, 0xFE28, 0xFE28, 0x554D, 0x554D, 0xE289,
  0x63D8, 0xDE98, 0xFE29, 0x62A9, 0x6AA9, 0x72EA, 0xDE99, 0xDE99, 0xDE99, 0xDE99, 0xF73A, 0x6ACA,
  0x730A, 0x834B, 0xB4F2, 0xF719, 0x93EE, 0x93EE, 0x93EE, 0x8BAD, 0x8BAD, 0x93EE, 0x93EE, 0x93EE,
  0xE167, 0xE167, 0xE167, 0xE167, 0xE167, 0xE167, 0xE167, 0xE167, 0xE2AA, 0xF71B, 0x62CA, 0x62A9,
  0x5A89, 0x5A89, 0x5A69, 0x5A69, 0x5A69, 0x7B8E, 0x5AAB, 0x7B6E, 0x5AAB, 0x734D, 0x5A8B, 0x732D,
  0x528B, 0x732D, 0x526A, 0x526A, 0x526A, 0x526A, 0x4A4A, 0x4A4A, 0x4A4A, 0x5ACD, 0x5ACD, 0x4A4A,
  0x4A4A, 0x4A4A, 0xF77C, 0x4A6F, 0x4A4A, 0x4A6F, 0x4A6F, 0x4A6F, 0x4A6F, 0x541B, 0x4A6F, 0x4A6F,
  0x422A, 0x4A6F, 0x424F, 0x424F, 0x424F, 0xE1C7, 0x424F, 0xE1C7, 0x424F, 0x424F, 0x422A, 0x424F,
  0x424F, 0x424F, 0x3A2F, 0x3A2F, 0x3A2F, 0x3A2F, 0x4BFB, 0x4BFB, 0x3A2F, 0x3A2F, 0x3A2F, 0xE1A7,
  0x4BFB, 0x3A2F, 0x420A, 0x3A2F, 0x3A2F, 0x3A2F, 0x3A2F, 0x3A2F, 0xF3E4, 0x3A0F, 0x3A0F, 0x3A0F,
  0x3A0F, 0x3A0F, 0xFE26, 0x3A0F, 0x3A0F, 0x3A0F, 0xF79D, 0x3A0F, 0xE187, 0x3A0F, 0x3A0F, 0x3A0F,
  0xF3E4, 0x3A0F, 0x3A0F, 0x3A0F, 0x3A09, 0x3A0F, 0x3A0F, 0xF79D, 0x3A0F, 0x3A0F, 0x3A0F, 0x3A0F,
  0x3A0F, 0x3A0F, 0xFE26, 0x3A0F, 0x31EE, 0x31EE, 0x31EE, 0x31EE, 0x31EE, 0x31EE, 0xF79E, 0xE166,
  0x31EE, 0x31EE, 0x31EE, 0x31EE, 0x31EE, 0x31EE, 0x31EE, 0x31EE, 0x31EE, 0x31EE, 0x31EE, 0x31EE,
  0x31EE, 0x31EE, 0x31EE, 0x31EE, 0x31EE, 0x31EE, 0x31EE, 0xE166, 0x31EE, 0x31EE, 0x31EE, 0x31EE,
  0xF79E, 0x31EE, 0x31EE, 0x31EE, 0x31EE, 0x31EE, 0x31EE, 0x31EE, 0x39E9, 0x31EE, 0x31EE, 0x31EE,
  0xBDD7, 0xBDD7, 0xBDD7, 0xC145, 0xC145, 0xC145, 0xC145, 0xC145, 0xC145, 0xC145, 0xC145, 0xC145,
  0xC145, 0xC145, 0xC145, 0xC145, 0xC145, 0xC145, 0xC145, 0xC145, 0xC145, 0xC145, 0xC145, 0xC145,
  0xC145, 0xC145, 0xC145, 0xC145, 0xC145, 0xC145, 0xC145, 0xC145, 0xC145, 0xC145, 0xC145, 0xC145,
  0xC145, 0xC145, 0xC145, 0xC145, 0xC145, 0xC145, 0xC145, 0xC145, 0xC145, 0xC145, 0xBDD7, 0xBDD7,
  0xBDD7, 0xBDD7, 0xBDD7, 0xBDD7, 0xBDD7, 0xBDD7, 0xBDD7, 0xBDD7, 0xBDD7, 0x2A96, 0x2A96, 0x2A96,
  0x2A96, 0x2A96, 0x2A96, 0x2A96, 0x2A96, 0x2A96, 0x2A96, 0x2A96, 0x2A96, 0x2A96, 0x2A96, 0x2A96,
  0x2A96, 0x2A96, 0x2A96, 0x2A96, 0x2A96, 0x2A96, 0xBDD7, 0xBDD7, 0xBDD7, 0xBDD7, 0xBDD7, 0xDD65,
  0xDD65, 0xDD65, 0xDD65, 0xDD65, 0xDD65, 0xDD65, 0xDD65, 0xDD65, 0xDD65, 0xDD65, 0xDD65, 0xDD65,
  0xBDD7, 0xBDD7, 0xBDD7, 0x2C6A, 0x2C6A, 0x2C6A, 0x2C6A, 0x2C6A, 0x2C6A, 0x2C6A, 0x2C6A, 0xBDD7,
  0xBDD7, 0xC186, 0xC186, 0xC186, 0xC186, 0xC186, 0xC186, 0xC186, 0xBDB6, 0x3AD5, 0x3AD5, 0x3AD5,
  0x4A6B, 0x4A6B, 0x4A6B, 0x4A6B, 0xDD66, 0xDD66, 0xBDB6, 0x3C8A, 0x3C8A, 0x3C8A, 0xC1E7, 0xC1E7,
  0xBDB6, 0x4B15, 0x4B15, 0xDD67, 0xDD67, 0x4C8B, 0x49E7, 0x4A07, 0x5227, 0xBDB6, 0xBDB6, 0xBDB6,
  0xBDB6, 0xBDB6, 0x8A15, 0x8A15, 0x8A15, 0x8A15, 0x8A15, 0x8A15, 0x8A15, 0x8A15, 0x8A15, 0x732C,
  0x732C, 0x732C, 0x6ACA, 0x6ACA, 0xC146, 0xDAED, 0xDAED, 0xDAED, 0xDAED, 0xDAED, 0xDAED, 0xDAED,
  0xDAED, 0xDAED, 0xDAED, 0xDAED, 0xDAED, 0xDAED, 0xDAED, 0xC146, 0xD638, 0xC1E7, 0xC1E7, 0x4A08,
  0x4A08, 0x4A07, 0x4A07, 0x41E7, 0x41E7, 0x62EC, 0x4A29, 0x62CB, 0x4A29, 0x62CB, 0x5AAB, 0x4229,
  0x5AAB, 0x5AAB, 0x4209, 0x5AAB, 0x5AAB, 0x4A6B, 0x4A6B, 0x4A6B, 0x4A6B, 0x528B, 0x41E9, 0x41E9,
  0x39E8, 0x39E8, 0x39E8, 0x39E8, 0x39E8, 0x526B, 0x526B, 0x526B, 0x39E8, 0x4A6B, 0x39ED, 0x39ED,
  0x39ED, 0xD384, 0x39ED, 0x39ED, 0x39ED, 0x39ED, 0x39C8, 0x39ED, 0x4A4B, 0x39ED, 0x31ED, 0x2CAB,
  0x31ED, 0x31ED, 0x31ED, 0x31ED, 0x31ED, 0x2CAB, 0x31ED, 0x31ED, 0x31ED, 0x31ED, 0x39C8, 0x31ED,
  0x31ED, 0x31ED, 0x31ED, 0x31ED, 0x31CD, 0x31CD, 0x31CD, 0x31CD, 0x31CD, 0x3B78, 0x3B78, 0xC966,
  0x31CD, 0x31CD, 0x31CD, 0x31CD, 0x31CD, 0x31CD, 0xD699, 0x31CD, 0x24AB, 0x31CD, 0x31CD, 0x31CD,
  0x31A8, 0x31CD, 0x31CD, 0x31CD, 0x31CD, 0x31CD, 0xD364, 0x31CD, 0x31CD, 0x31CD, 0x31CD, 0x31CD,
  0x29AC, 0x29AC, 0x24AB, 0x3B58, 0xDD64, 0x29AC, 0x29AC, 0x29AC, 0xDD64, 0x29AC, 0x29AC, 0x29AC,
  0x29AC, 0x29AC, 0x29AC, 0xC146, 0x29AC, 0x29AC, 0x29AC, 0x29AC, 0xD343, 0x29AC, 0x24AB, 0x29AC,
  0x29AC, 0x29AC, 0x29AC, 0x24AB, 0x29AC, 0x29AC, 0x29AC, 0x29AC, 0x29AC, 0x29AC, 0x29AC, 0x29AC,
  0xD343, 0x29AC, 0x29AC, 0x29AC, 0x31A8, 0x29AC, 0x29AC, 0xDD64, 0xD6BB, 0xD6BB, 0xD6BB, 0xD966,
  0xD966, 0xD966, 0xD966, 0xD966, 0xD966, 0xD966, 0xD966, 0xD966, 0xD966, 0xD966, 0xD966, 0xD966,
  0xD966, 0xD966, 0xD966, 0xD966, 0xD966, 0xD966, 0xD966, 0xD966, 0xD966, 0xD966, 0xD966, 0xD966,
  0xD966, 0xD966, 0xD966, 0xD966, 0xD966, 0xD966, 0xD966, 0xD966, 0xD966, 0xD966, 0xD966, 0xD966,
  0xD966, 0xD966, 0xD966, 0xD966, 0xD966, 0xD966, 0xD6BB, 0xD6BB, 0xD6BB, 0xD6BB, 0xD6BB, 0xD6BB,
  0xD6BB, 0xD6BA, 0xD6BA, 0xD6BA, 0xD6BA, 0x3319, 0x3319, 0x3319, 0x3319, 0x3319, 0x3319, 0x3319,
  0x3319, 0x3319, 0x3319, 0x3319, 0x3319, 0x3319, 0x3319, 0x3319, 0x3319, 0x3319, 0x3319, 0x3319,
  0x3319, 0x3319, 0xD6BA, 0xD6BA, 0xD6BA, 0xDEBA, 0xDEBA, 0xFE26, 0xFE26, 0xFE26, 0xFE26, 0xFE26,
  0xFE26, 0xFE26, 0xFE26, 0xFE26, 0xFE26, 0xFE26, 0xFE26, 0xFE26, 0xDEBA, 0xDEBA, 0xDEBA, 0x350C,
  0x350C, 0x350C, 0x350C, 0x350C, 0x350C, 0x350C, 0x350C, 0xDEBA, 0xDEBA, 0xD9C7, 0xD9C7, 0xD9C7,
  0xD9C7, 0xD9C7, 0xD9C7, 0xD9C7, 0xDE9A, 0x4359, 0x4359, 0x4359, 0x5ACD, 0x5ACD, 0x5ACD, 0x5ACD,
  0xFE27, 0xFE27, 0xDE9A, 0x452C, 0x452C, 0x452C, 0xE228, 0xE228, 0xDE99, 0x5398, 0x4A07, 0x5228,
  0x5228, 0x5228, 0xDE9A, 0xDE9A, 0xDE9A, 0xA258, 0xA258, 0xD43E, 0xD43E, 0xD43E, 0xD43E, 0xD43E,
  0xD43E, 0xD43E, 0xD43E, 0xD43E, 0xD43E, 0xD43E, 0xD43E, 0xD43E, 0xD43E, 0xD43E, 0xA258, 0xA258,
  0xE167, 0xFB6F, 0xFB6F, 0xFB6F, 0xFB6F, 0xFB6F, 0xFBA3, 0xFBA3, 0xFBA3, 0xFBA3, 0xFBA3, 0xFBA3,
  0xFBA3, 0xFBA3, 0xFBA3, 0xFBA3, 0xFBA3, 0x4A07, 0x49E7, 0xDA28, 0xF73C, 0xDA08, 0xF75C, 0xD9E8,
  0x5248, 0x4A28, 0x4A28, 0x4A28, 0x4A28, 0x4A28, 0x6B2D, 0x526A, 0x6B2D, 0x6B2D, 0x526A, 0x630D,
  0x630D, 0x5ACD, 0x5ACD, 0x5ACD, 0x5ACD, 0x62ED, 0x62ED, 0x62ED, 0x4A4A, 0x5ACD, 0x5ACD, 0x5ACD,
  0x5ACD, 0x422A, 0x422A, 0x422A, 0x422A, 0x422A, 0x422A, 0x422A, 0x422A, 0x422A, 0x5ACD, 0x5ACD,
  0x5ACD, 0x5ACD, 0x422A, 0x5ACD, 0x52AC, 0x52AC, 0x52AC, 0x52AC, 0x52AC, 0x52AC, 0x52AC, 0x52AC,
  0x52AC, 0x54EB, 0x54EB, 0xF3E5, 0x3A2F, 0x3A2F, 0x420A, 0x3A2F, 0x3A2F, 0x3A2F, 0x3A2F, 0x4BFB,
  0x3A0F, 0x3A0F, 0xF79D, 0x3A0F, 0x3A0F, 0x3A0F, 0x3A0F, 0x3A0F, 0x3A0F, 0x3A0F, 0x3A0F, 0x3A0F,
  0x3A0F, 0x3A0F, 0x2D4C, 0x3A0F, 0x3A0F, 0x3A0F, 0x3A0F, 0x3A0F, 0x3A09, 0x3A0F, 0x3A0F, 0x3A0F,
  0x4BFC, 0x3A0F, 0xE187, 0x3A0F, 0x3A0F, 0x3A0F, 0x3A0F, 0x3A0F, 0x31EE, 0x31EE, 0x31EE, 0x31EE,
  0x31EE, 0x31EE, 0x31EE, 0x31EE, 0x31EE, 0xF3C4, 0x31EE, 0x31EE, 0x31EE, 0xFE25, 0x31EE, 0x31EE,
  0xF3C4, 0x31EE, 0x31EE, 0x31EE, 0xE166, 0x31EE, 0x31EE, 0x31EE, 0x31EE, 0x31EE, 0x43DC, 0x31EE,
  0x31EE, 0x31EE, 0x31EE, 0x31EE, 0x31EE, 0x31EE, 0x31EE, 0x31EE, 0x31EE, 0xF3C4, 0x31EE, 0x31EE,
  0x39E9, 0x31EE, 0x31EE, 0x31EE, 0xBDD7, 0xBDD7, 0xBDD7, 0xC145, 0xC145, 0xC145, 0xC145, 0xC145,
  0xC145, 0xC145, 0xC145, 0xC145, 0xC145, 0xC145, 0xC145, 0xC145, 0xC145, 0xC145, 0xC145, 0xC145,
  0xC145, 0xC145, 0xC145, 0xC145, 0xC145, 0xC145, 0xC145, 0xC145, 0xC145, 0xC145, 0xC145, 0xC145,
  0xC145, 0xC145, 0xC145, 0xC145, 0xC145, 0xC145, 0xC145, 0xC145, 0xC145, 0xC145, 0xC145, 0xC145,
  0xC145, 0xC145, 0xBDD7, 0xBDD7, 0xBDD7, 0xBDD7, 0xBDD7, 0xBDD7, 0xBDD7, 0xBDD7, 0xBDD7, 0xBDD7,
  0xBDD7, 0x2A96, 0x2A96, 0x2A96, 0x2A96, 0x2A96, 0x2A96, 0x2A96, 0x2A96, 0x2A96, 0x2A96, 0x2A96,
  0x2A96, 0x2A96, 0x2A96, 0x2A96, 0x2A96, 0x2A96, 0x2A96, 0x2A96, 0x2A96, 0x2A96, 0xBDD7, 0xBDD7,
  0xBDD7, 0xBDD7, 0xBDD7, 0xDD65, 0xDD65, 0xDD65, 0xDD65, 0xDD65, 0xDD65, 0xDD65, 0xDD65, 0xDD65,
  0xDD65, 0xDD65, 0xDD65, 0xDD65, 0xBDD7, 0xBDD7, 0xBDD7, 0x2C6A, 0x2C6A, 0x2C6A, 0x2C6A, 0x2C6A,
  0x2C6A, 0x2C6A, 0x2C6A, 0xBDD7, 0xBDD7, 0xC186, 0xC186, 0xC186, 0xC186, 0xC186, 0xC186, 0xC186,
  0xBDB6, 0x3AD5, 0x3AD5, 0x3AD5, 0x4A6B, 0x4A6B, 0x4A6B, 0x4A6B, 0xDD66, 0xDD66, 0xBDB6, 0x3C8A,
  0x3C8A, 0x3986, 0x39A6, 0x39A6, 0xBDB6, 0x41C6, 0x41C6, 0x41C7, 0xBDB7, 0xBDB7, 0x346A, 0x346A,
  0xB9A7, 0x8A15, 0x8A15, 0xBBBA, 0xBBBA, 0xBBBA, 0xBBBA, 0xBBBA, 0xBBBA, 0xBBBA, 0xBBBA, 0xBBBA,
  0xBBBA, 0xBBBA, 0xBBBA, 0xBBBA, 0xBBBA, 0xBBBA, 0x8A15, 0x8A15, 0xDB23, 0xDB23, 0xC146, 0x78C4,
  0x78C4, 0x52F5, 0x20E7, 0x4AD5, 0x4AD5, 0x4AD5, 0x4AD5, 0x20E7, 0x20E7, 0x20E7, 0x20E7, 0x20E7,
  0x20E7, 0xDB23, 0x39A6, 0x39A6, 0x3985, 0xDB23, 0xDB23, 0xC1A7, 0xD658, 0xB9A6, 0xD658, 0xB986,
  0x41C7, 0x41C7, 0x39C7, 0x39C7, 0x39C7, 0x39C7, 0x39C7, 0x5AAB, 0x5AAB, 0x4A6B, 0x4A6B, 0x4A6B,
  0x4A6B, 0x528B, 0x528B, 0x528B, 0x41E9, 0x526B, 0x526B, 0x526B, 0x526B, 0x526B, 0x526B, 0x526B,
  0x39E8, 0x4A6B, 0x4A6B, 0x4A6B, 0x4A6B, 0x4A6B, 0x39C8, 0x39C8, 0x39C8, 0x39C8, 0x39C8, 0x39C8,
  0x39C8, 0x39C8, 0x39C8, 0x39C8, 0x39C8, 0x39C8, 0x39C8, 0x4A4B, 0x4A4B, 0x4A4B, 0x4A4B, 0x4A4B,
  0x4A4B, 0x4A4B, 0x39C8, 0x4A4B, 0x4A4B, 0x424B, 0x3C29, 0x3C29, 0x31CD, 0x31CD, 0x31CD, 0x3B78,
  0x3B78, 0x31CD, 0xD699, 0x31CD, 0x31CD, 0x31CD, 0x31CD, 0x31CD, 0x31CD, 0x31CD, 0x31CD, 0x31CD,
  0x31CD, 0xDD65, 0x31CD, 0x31CD, 0x31A8, 0x31CD, 0x31CD, 0x31CD, 0x31CD, 0x31CD, 0x31CD, 0x31CD,
  0x31CD, 0x31CD, 0x31CD, 0x31CD, 0x29AC, 0x29AC, 0x29AC, 0x29AC, 0xD69A, 0xD343, 0x29AC, 0x29AC,
  0x29AC, 0x29AC, 0x29AC, 0x29AC, 0x29AC, 0x29AC, 0x29AC, 0x29AC, 0x29AC, 0x29AC, 0x29AC, 0x29AC,
  0x29AC, 0x29AC, 0x3B58, 0x29AC, 0x29AC, 0x29AC, 0x29AC, 0x29AC, 0x29AC, 0x29AC, 0x29AC, 0x29AC,
  0x29AC, 0x29AC, 0x29AC, 0x29AC, 0xDD64, 0xC146, 0x29AC, 0x29AC, 0x31A8, 0x29AC, 0x29AC, 0x3B58,
  0xD6BB, 0xD6BB, 0xD6BB, 0xD966, 0xD966, 0xD966, 0xD966, 0xD966, 0xD966, 0xD966, 0xD966, 0xD966,
  0xD966, 0xD966, 0xD966, 0xD966, 0xD966, 0xD966, 0xD966, 0xD966, 0xD966, 0xD966, 0xD966, 0xD966,
  0xD966, 0xD966, 0xD966, 0xD966, 0xD966, 0xD966, 0xD966, 0xD966, 0xD966, 0xD966, 0xD966, 0xD966,
  0xD966, 0xD966, 0xD966, 0xD966, 0xD966, 0xD966, 0xD966, 0xD966, 0xD966, 0xD966, 0xD6BB, 0xD6BB,
  0xD6BB, 0xD6BB, 0xD6BB, 0xD6BB, 0xD6BB, 0xD6BA, 0xD6BA, 0xD6BA, 0xD6BA, 0x3319, 0x3319, 0x3319,
  0x3319, 0x3319, 0x3319, 0x3319, 0x3319, 0x3319, 0x3319, 0x3319, 0x3319, 0x3319, 0x3319, 0x3319,
  0x3319, 0x3319, 0x3319, 0x3319, 0x3319, 0x3319, 0xD6BA, 0xD6BA, 0xD6BA, 0xDEBA, 0xDEBA, 0xFE26,
  0xFE26, 0xFE26, 0xFE26, 0xFE26, 0xFE26, 0xFE26, 0xFE26, 0xFE26, 0xFE26, 0xFE26, 0xFE26, 0xFE26,
  0xDEBA, 0xDEBA, 0xDEBA, 0x350C, 0x350C, 0x350C, 0x350C, 0x350C, 0x350C, 0x350C, 0x350C, 0xDEBA,
  0xDEBA, 0xD9C7, 0xD9C7, 0xD9C7, 0xD9C7, 0xD9C7, 0xD9C7, 0xD9C7, 0xDE9A, 0x4359, 0x4359, 0x4359,
  0x5ACD, 0x5ACD, 0x5ACD, 0x5ACD, 0xFE27, 0x39C7, 0xDE9A, 0x41C7, 0x41C7, 0x41C7, 0x49E7, 0xE228,
  0xDE99, 0xDE9A, 0xDE9A, 0xDE9A, 0xFE26, 0xFE26, 0x256B, 0x256B, 0x256B, 0x256B, 0x256B, 0x256B,
  0x256B, 0x256B, 0x256B, 0x256B, 0x256B, 0x256B, 0x256B, 0x256B, 0x2104, 0x2104, 0x2104, 0x2104,
  0x2104, 0x2104, 0xA258, 0xA258, 0xFBA3, 0xFBA3, 0xFD6B, 0xFD6B, 0xFD6B, 0xFD6B, 0xFD6B, 0xFD6B,
  0xFD6B, 0xFD6B, 0xFD6B, 0xFD6B, 0xFD6B, 0xFD6B, 0xFD6B, 0xFD6B, 0xFD6B, 0xFD6B, 0xFD6B, 0xFD6B,
  0xFD6B, 0xFBA3, 0xFBA3, 0x39A6, 0x39A6, 0xD9E8, 0xF75C, 0xD9C7, 0xF75C, 0xF75C, 0xD9C7, 0xD9C7,
  0xF75D, 0xF75D, 0x4208, 0x4208, 0x4208, 0x4208, 0x4208, 0x4208, 0x5ACD, 0x62ED, 0x62ED, 0x62ED,
  0x4A4A, 0x5ACD, 0x5ACD, 0x5ACD, 0x5ACD, 0x5ACD, 0x5ACD, 0x5ACD, 0x422A, 0x5ACD, 0x5ACD, 0x5ACD,
  0x5ACD, 0x5ACD, 0x5ACD, 0x5ACD, 0x5ACD, 0x5ACD, 0x422A, 0x5ACD, 0x52AC, 0x52AC, 0x52AC, 0x52AC,
  0x52AC, 0x52AC, 0x52AC, 0x420A, 0x420A, 0x420A, 0x420A, 0x420A, 0x420A, 0x420A, 0x3A09, 0x3A09,
  0x3A09, 0x3A09, 0x3A09, 0x528C, 0x528C, 0x528C, 0x528C, 0x528C, 0x528C, 0x528C, 0x528C, 0x528C,
  0x528C, 0x528C, 0x528C, 0x528C, 0x528C, 0x528C, 0x3C29, 0x3C29, 0xF79D, 0xF3E4, 0x2D4C, 0x3A0F,
  0x3A09, 0x3A0F, 0x3A0F, 0x3A0F, 0x3A0F, 0x3A0F, 0x3A0F, 0xE187, 0x3A0F, 0x3A0F, 0x3A0F, 0x3A0F,
  0x31EE, 0x31EE, 0x31EE, 0x31EE, 0x31EE, 0xF3C4, 0xFE25, 0x31EE, 0x31EE, 0x31EE, 0x31EE, 0xE166,
  0x31EE, 0xF79E, 0x31EE, 0x31EE, 0x31EE, 0x31EE, 0x31EE, 0x31EE, 0x31EE, 0x31EE, 0xE166, 0x31EE,
  0x31EE, 0x31EE, 0x31EE, 0x31EE, 0x31EE, 0x2D4C, 0x31EE, 0x31EE, 0x31EE, 0x43DC, 0xE166, 0x31EE,
  0x31EE, 0x31EE, 0x31EE, 0x31EE, 0x39E9, 0x31EE, 0x31EE, 0xF79E, 0xBDD7, 0xBDD7, 0xBDD7, 0xC145,
  0xC145, 0xC145, 0xC145, 0xC145, 0xC145, 0xC145, 0xC145, 0xC145, 0xC145, 0xC145, 0xC145, 0xC145,
  0xC145, 0xC145, 0xC145, 0xC145, 0xC145, 0xC145, 0xC145, 0xC145, 0xC145, 0xC145, 0xC145, 0xC145,
  0xC145, 0xC145, 0xC145, 0xC145, 0xC145, 0xC145, 0xC145, 0xC145, 0xC145, 0xC145, 0xC145, 0xC145,
  0xC145, 0xC145, 0xC145, 0xC145, 0xC145, 0xC145, 0xBDD7, 0xBDD7, 0xBDD7, 0xBDD7, 0xBDD7, 0xBDD7,
  0xBDD7, 0xBDD7, 0xBDD7, 0xBDD7, 0xBDD7, 0x2A96, 0x2A96, 0x2A96, 0x2A96, 0x2A96, 0x2A96, 0x2A96,
  0x2A96, 0x2A96, 0x2A96, 0x2A96, 0x2A96, 0x2A96, 0x2A96, 0x2A96, 0x2A96, 0x2A96, 0x2A96, 0x2A96,
  0x2A96, 0x2A96, 0xBDD7, 0xBDD7, 0xBDD7, 0xBDD7, 0xBDD7, 0xDD65, 0xDD65, 0xDD65, 0xDD65, 0xDD65,
  0xDD65, 0xDD65, 0xDD65, 0xDD65, 0xDD65, 0xDD65, 0xDD65, 0xDD65, 0xBDD7, 0xBDD7, 0xBDD7, 0x2C6A,
  0x2C6A, 0x2C6A, 0x2C6A, 0x2C6A, 0x2C6A, 0x2C6A, 0x2C6A, 0xBDD7, 0xBDD7, 0xC186, 0xC186, 0xC186,
  0xC186, 0xC186, 0xC186, 0xC186, 0xBDB6, 0x3AD5, 0x3AD5, 0x3AD5, 0x4A6B, 0x4A6B, 0x4A6B, 0x4A6B,
  0x3186, 0x3186, 0xBDB6, 0xA4D1, 0xA4D1, 0x62EB, 0x24AA, 0x24AA, 0xBDD7, 0x32D5, 0x32D5, 0x32D5,
  0xDD45, 0x24AA, 0x18E7, 0x18E7, 0x18E7, 0x18E7, 0x18E7, 0x18E7, 0x18E7, 0x18E7, 0x18E7, 0x18E7,
  0x18E7, 0x18E7, 0x18E7, 0x18E7, 0x24AA, 0x8A15, 0x590D, 0x590D, 0x8A15, 0xBBBA, 0x24AA, 0x5249,
  0xDB23, 0xDB23, 0x18C3, 0x18C3, 0x18C3, 0x18C3, 0x18C3, 0x18C3, 0x18C3, 0x18C3, 0x18C3, 0x18C3,
  0x18C3, 0x18C3, 0x18C3, 0x18C3, 0x18C3, 0x18C3, 0x18C3, 0x18C3, 0x18C3, 0xDB23, 0xDB23, 0x3185,
  0x3165, 0x3165, 0x3165, 0x3145, 0xD659, 0xD659, 0xB986, 0xB986, 0xD659, 0xD659, 0xB966, 0xB966,
  0xD679, 0xD679, 0x39A7, 0x39A7, 0x39A7, 0x39A6, 0x39A6, 0x39A6, 0x39A6, 0x526B, 0x526B, 0x526B,
  0x526B, 0x526B, 0x526B, 0x526B, 0x39E8, 0x4A6B, 0x4A6B, 0x4A6B, 0x4A6B, 0x4A6B, 0x4A6B, 0x4A6B,
  0x4A6B, 0x4A6B, 0x39C8, 0x4A6B, 0x4A4B, 0x4A4B, 0x4A4B, 0x4A4B, 0x4A4B, 0x4A4B, 0x4A4B, 0x4A4B,
  0x4A4B, 0x4A4B, 0x4A4B, 0x4A4B, 0x4A4B, 0x4A4B, 0x39C8, 0x4A4B, 0x4A4B, 0x424B, 0x424B, 0x31A8,
  0x31A8, 0x31A8, 0x31A8, 0x31A8, 0x31A8, 0x31A8, 0x31A8, 0x31A8, 0x424B, 0x424B, 0x424B, 0x424B,
  0x424B, 0x424B, 0x424B, 0x424B, 0x424B, 0x424B, 0x424B, 0x424B, 0x31A8, 0x424B, 0x424B, 0x424B,
  0x424B, 0x424B, 0x424B, 0x424B, 0x424B, 0x422A, 0x3408, 0x3408, 0x29AC, 0x29AC, 0x29AC, 0x3B58,
  0x29AC, 0x29AC, 0x29AC, 0x29AC, 0x29AC, 0x24AB, 0x24AB, 0x29AC, 0x3B58, 0x29AC, 0x29AC, 0x29AC,
  0x29AC, 0x29AC, 0x29AC, 0x29AC, 0x29AC, 0x29AC, 0x29AC, 0x29AC, 0x29AC, 0x29AC, 0x29AC, 0x29AC,
  0x29AC, 0x29AC, 0x29AC, 0x29AC, 0x29AC, 0x29AC, 0x29AC, 0x29AC, 0x29AC, 0x29AC, 0x29AC, 0x29AC,
  0x31A8, 0x29AC, 0xD69A, 0x29AC, 0xD6BB, 0xD6BB, 0xD6BB, 0xD966, 0xD966, 0xD966, 0xD966, 0xD966,
  0xD966, 0xD966, 0xD966, 0xD966, 0xD966, 0xD966, 0xD966, 0xD966, 0xD966, 0xD966, 0xD966, 0xD966,
  0xD966, 0xD966, 0xD966, 0xD966, 0xD966, 0xD966, 0xD966, 0xD966, 0xD966, 0xD966, 0xD966, 0xD966,
  0xD966, 0xD966, 0xD966, 0xD966, 0xD966, 0xD966, 0xD966, 0xD966, 0xD966, 0xD966, 0xD966, 0xD966,
  0xD966, 0xD966, 0xD6BB, 0xD6BB, 0xD6BB, 0xD6BB, 0xD6BB, 0xD6BB, 0xD6BB, 0xD6BA, 0xD6BA, 0xD6BA,
  0xD6BA, 0x3319, 0x3319, 0x3319, 0x3319, 0x3319, 0x3319, 0x3319, 0x3319, 0x3319, 0x3319, 0x3319,
  0x3319, 0x3319, 0x3319, 0x3319, 0x3319, 0x3319, 0x3319, 0x3319, 0x3319, 0x3319, 0xD6BA, 0xD6BA,
  0xD6BA, 0xDEBA, 0xDEBA, 0xFE26, 0xFE26, 0xFE26, 0xFE26, 0xFE26, 0xFE26, 0xFE26, 0xFE26, 0xFE26,
  0xFE26, 0xFE26, 0xFE26, 0xFE26, 0xDEBA, 0xDEBA, 0xDEBA, 0x350C, 0x350C, 0x350C, 0x350C, 0x350C,
  0x350C, 0x350C, 0x350C, 0xDEBA, 0xDEBA, 0xD9C7, 0xD9C7, 0xD9C7, 0xD9C7, 0xD9C7, 0xD9C7, 0xD9C7,
  0xDE9A, 0x39A6, 0x39A6, 0x39A6, 0x5ACD, 0x5ACD, 0x5ACD, 0x5ACD, 0xBD94, 0x734D, 0xDEBA, 0xDEBA,
  0xDEBA, 0xF77D, 0x256B, 0x256B, 0x6F33, 0x6F33, 0x6F33, 0x6F33, 0x6F33, 0x6F33, 0x6F33, 0x6F33,
  0x6F33, 0x6F33, 0x6F33, 0x6F33, 0x6F33, 0x6F33, 0x6F33, 0x6F33, 0x6F33, 0x6F33, 0x6F33, 0x6F33,
  0x6F33, 0x6F33, 0x6F33, 0x6F33, 0x6F33, 0x6F33, 0x256B, 0x5A8A, 0xFBA3, 0xFBA3, 0x58A3, 0x58A3,
  0xFBA3, 0xAA21, 0xAA21, 0x2929, 0x2929, 0x2929, 0x2929, 0x2929, 0x2929, 0x2929, 0x2929, 0x2929,
  0xAA21, 0xAA21, 0x2929, 0xD5AF, 0xD5AF, 0xFBA3, 0xFBA3, 0xD5AF, 0xBCCC, 0xD5AF, 0x3986, 0x3986,
  0x3986, 0x3986, 0x3185, 0xD9C7, 0xF75D, 0xF75D, 0xD9A7, 0xD9A7, 0xF75D, 0xF75D, 0xD9A7, 0xD9A7,
  0xD9A7, 0xF75D, 0xF75D, 0xF75D, 0xF75D, 0x41E8, 0x41E8, 0x41E8, 0x41E8, 0x5ACD, 0x5ACD, 0x5ACD,
  0x422A, 0x5ACD, 0x5ACD, 0x5ACD, 0x5ACD, 0x5ACD, 0x5ACD, 0x5ACD, 0x5ACD, 0x5ACD, 0x422A, 0x5ACD,
  0x52AC, 0x52AC, 0x52AC, 0x52AC, 0x52AC, 0x52AC, 0x52AC, 0x52AC, 0x52AC, 0x52AC, 0x52AC, 0x52AC,
  0x52AC, 0x52AC, 0x420A, 0x52AC, 0x52AC, 0x528C, 0x528C, 0x528C, 0x528C, 0x528C, 0x528C, 0x528C,
  0x528C, 0x528C, 0x528C, 0x528C, 0x3A09, 0x3A09, 0x3A09, 0x3A09, 0x3A09, 0x3A09, 0x3A09, 0x3A09,
  0x528C, 0x528C, 0x528C, 0x528C, 0x3A09, 0x528C, 0x528C, 0x528C, 0x528C, 0x528C, 0x528C, 0x528C,
  0x528C, 0x4A8C, 0x4A8C, 0x4A8C, 0x4A8C, 0x4A8C, 0x4A8C, 0x4A8C, 0x4A8C, 0x4A8C, 0x4A8C, 0x4A8C,
  0x4A8C, 0x4A8C, 0x3408, 0x3408, 0x31EE, 0x31EE, 0x31EE, 0x31EE, 0x31EE, 0x31EE, 0xF79E, 0x31EE,
  0x31EE, 0x43DC, 0x31EE, 0x31EE, 0x31EE, 0x31EE, 0x31EE, 0x31EE, 0x31EE, 0x31EE, 0xE166, 0x31EE,
  0xF79E, 0x31EE, 0x31EE, 0x31EE, 0x31EE, 0x31EE, 0x31EE, 0x31EE, 0x39E9, 0xFE25, 0xFE25, 0xFE25,
  0xBDD7, 0xBDD7, 0xBDD7, 0xC145, 0xC145, 0xC145, 0xC145, 0xC145, 0xC145, 0xC145, 0xC145, 0xC145,
  0xC145, 0xC145, 0xC145, 0xC145, 0xC145, 0xC145, 0xC145, 0xC145, 0xC145, 0xC145, 0xC145, 0xC145,
  0xC145, 0xC145, 0xC145, 0xC145, 0xC145, 0xC145, 0xC145, 0xC145, 0xC145, 0xC145, 0xC145, 0xC145,
  0xC145, 0xC145, 0xC145, 0xC145, 0xC145, 0xC145, 0xC145, 0xC145, 0xC145, 0xC145, 0xBDD7, 0xBDD7,
  0xBDD7, 0xBDD7, 0xBDD7, 0xBDD7, 0xBDD7, 0xBDD7, 0xBDD7, 0xBDD7, 0xBDD7, 0x2A96, 0x2A96, 0x2A96,
  0x2A96, 0x2A96, 0x2A96, 0x2A96, 0x2A96, 0x2A96, 0x2A96, 0x2A96, 0x2A96, 0x2A96, 0x2A96, 0x2A96,
  0x2A96, 0x2A96, 0x2A96, 0x2A96, 0x2A96, 0x2A96, 0xBDD7, 0xBDD7, 0xBDD7, 0xBDD7, 0xBDD7, 0xDD65,
  0xDD65, 0xDD65, 0xDD65, 0xDD65, 0xDD65, 0xDD65, 0xDD65, 0xDD65, 0xDD65, 0xDD65, 0xDD65, 0xDD65,
  0xBDD7, 0xBDD7, 0xBDD7, 0x2C6A, 0x2C6A, 0x2C6A, 0x2C6A, 0x2C6A, 0x2C6A, 0x2C6A, 0x2C6A, 0xBDD7,
  0xBDD7, 0xC186, 0xC186, 0xC186, 0xC186, 0xC186, 0xC186, 0x3145, 0xBDB6, 0x3AD5, 0x3AD5, 0x3AD5,
  0xBDD7, 0xBDD7, 0xBDD7, 0xBDD7, 0xB966, 0xB966, 0xB966, 0xB966, 0xB966, 0xD679, 0x24AA, 0x24AA,
  0x18C3, 0x18C3, 0x18C3, 0x18C3, 0x18C3, 0x18C3, 0x18C3, 0x18C3, 0x18C3, 0x18C3, 0x18C3, 0x18C3,
  0x18C3, 0x18C3, 0x18C3, 0x18C3, 0x18C3, 0x18C3, 0x18C3, 0x18C3, 0x18C3, 0x18C3, 0x18C3, 0x18C3,
  0x18C3, 0x18C3, 0x24AA, 0x4A29, 0xC146, 0xC146, 0xDCA9, 0xDCA9, 0xDB23, 0x91C1, 0x91C1, 0xDB23,
  0xDB23, 0xDB23, 0xDB23, 0xDD43, 0xDD43, 0xDD43, 0xDD43, 0xDD43, 0xDD43, 0xDD43, 0xDD43, 0xDD43,
  0xDD43, 0xDD43, 0xDD43, 0xDD43, 0xDD43, 0xDD43, 0xDD43, 0xDD43, 0xDD43, 0xDD43, 0xDD43, 0x2945,
  0x2945, 0x2945, 0x2924, 0xB966, 0xD679, 0xD679, 0xB966, 0xB966, 0xB966, 0xD679, 0xD679, 0xD679,
  0xD679, 0xB946, 0xB946, 0xB946, 0x3186, 0x3186, 0x3186, 0x3186, 0x3186, 0x4A6B, 0x4A6B, 0x4A6B,
  0x4A6B, 0x4A6B, 0x4A6B, 0x4A6B, 0x4A6B, 0x4A6B, 0x39C8, 0x4A6B, 0x4A4B, 0x4A4B, 0x4A4B, 0x4A4B,
  0x4A4B, 0x4A4B, 0x4A4B, 0x4A4B, 0x4A4B, 0x4A4B, 0x4A4B, 0x4A4B, 0x4A4B, 0x4A4B, 0x39C8, 0x4A4B,
  0x4A4B, 0x424B, 0x424B, 0x424B, 0x424B, 0x424B, 0x424B, 0x424B, 0x424B, 0x424B, 0x424B, 0x424B,
  0x424B, 0x424B, 0x424B, 0x424B, 0x424B, 0x424B, 0x424B, 0x424B, 0x31A8, 0x31A8, 0x31A8, 0x31A8,
  0x31A8, 0x31A8, 0x31A8, 0x31A8, 0x31A8, 0x31A8, 0x424B, 0x424B, 0x424B, 0x422A, 0x422A, 0x422A,
  0x422A, 0x422A, 0x422A, 0x422A, 0x422A, 0x422A, 0x422A, 0x422A, 0x422A, 0x422A, 0x422A, 0x422A,
  0x422A, 0x422A, 0x422A, 0x422A, 0x422A, 0x422A, 0x422A, 0x422A, 0x422A, 0x422A, 0x2B87, 0x2B87,
  0x2B87, 0x29AC, 0x29AC, 0x29AC, 0xD343, 0x29AC, 0xC146, 0x29AC, 0x29AC, 0x29AC, 0x29AC, 0xD343,
  0x29AC, 0x29AC, 0xD343, 0x29AC, 0x31A8, 0x29AC, 0x29AC, 0xD343, 0xD6BB, 0xD6BB, 0xD6BB, 0xD966,
  0xD966, 0xD966, 0xD966, 0xD966, 0xD966, 0xD966, 0xD966, 0xD966, 0xD966, 0xD966, 0xD966, 0xD966,
  0xD966, 0xD966, 0xD966, 0xD966, 0xD966, 0xD966, 0xD966, 0xD966, 0xD966, 0xD966, 0xD966, 0xD966,
  0xD966, 0xD966, 0xD966, 0xD966, 0xD966, 0xD966, 0xD966, 0xD966, 0xD966, 0xD966, 0xD966, 0xD966,
  0xD966, 0xD966, 0xD966, 0xD966, 0xD966, 0xD966, 0xD6BB, 0xD6BB, 0xD6BB, 0xD6BB, 0xD6BB, 0xD6BB,
  0xD6BB, 0xD6BA, 0xD6BA, 0xD6BA, 0xD6BA, 0x3319, 0x3319, 0x3319, 0x3319, 0x3319, 0x3319, 0x3319,
  0x3319, 0x3319, 0x3319, 0x3319, 0x3319, 0x3319, 0x3319, 0x3319, 0x3319, 0x3319, 0x3319, 0x3319,
  0x3319, 0x3319, 0xD6BA, 0xD6BA, 0xD6BA, 0xDEBA, 0xDEBA, 0xFE26, 0xFE26, 0xFE26, 0xFE26, 0xFE26,
  0xFE26, 0xFE26, 0xFE26, 0xFE26, 0xFE26, 0xFE26, 0xFE26, 0xFE26, 0xDEBA, 0xDEBA, 0xDEBA, 0x350C,
  0x350C, 0x350C, 0x350C, 0x350C, 0x350C, 0x350C, 0x3166, 0xDEBA, 0xDEBA, 0x3186, 0x3186, 0x3186,
  0x3186, 0x3186, 0x3186, 0x3186, 0xDEBB, 0xDEBB, 0xDEBB, 0xDEBB, 0x2D0C, 0x2D0C, 0x2D0C, 0x2D0C,
  0xD9A7, 0xD9A7, 0xD9A7, 0xD9A7, 0xD9A7, 0xF77D, 0x256B, 0x256B, 0x18E4, 0x18E4, 0x18E4, 0x18E4,
  0x18E4, 0x18E4, 0x18E4, 0x18E4, 0x18E4, 0x18E4, 0x18E4, 0x18E4, 0x18E4, 0x18E4, 0x18E4, 0x18E4,
  0x18E4, 0x18E4, 0x18E4, 0x18E4, 0x18E4, 0x18E4, 0x18E4, 0x18E4, 0x18E4, 0x18E4, 0x256B, 0xA258,
  0x88E5, 0x5062, 0xFCD2, 0x8863, 0xFCD2, 0x8863, 0xFCD2, 0x8863, 0xFCD2, 0x8863, 0xFCD2, 0xFE23,
  0x20E8, 0x20E8, 0x20E8, 0x20E8, 0x20E8, 0x20E8, 0x20E8, 0x20E8, 0x20E8, 0x20E8, 0x20E8, 0x20E8,
  0x20E8, 0x20E8, 0x20E8, 0x20E8, 0x20E8, 0x20E8, 0xFE23, 0xD5AF, 0x3165, 0x3165, 0x3165, 0x3165,
  0x3165, 0xF75D, 0xD9A7, 0xD9A7, 0xD9A7, 0xF75D, 0xF75D, 0xF75D, 0xF75D, 0xD987, 0xD987, 0xD987,
  0xF77D, 0xF77D, 0xF77D, 0xF77D, 0xF77D, 0x39C7, 0x39C7, 0x39C7, 0x39C7, 0x39C7, 0x5ACD, 0x5ACD,
  0x5ACD, 0x5ACD, 0x422A, 0x5ACD, 0x52AC, 0x52AC, 0x52AC, 0x52AC, 0x52AC, 0x52AC, 0x52AC, 0x52AC,
  0x52AC, 0x52AC, 0x52AC, 0x52AC, 0x52AC, 0x52AC, 0x420A, 0x52AC, 0x52AC, 0x528C, 0x528C, 0x528C,
  0x528C, 0x528C, 0x528C, 0x528C, 0x528C, 0x528C, 0x528C, 0x528C, 0x528C, 0x528C, 0x528C, 0x528C,
  0x528C, 0x528C, 0x528C, 0x528C, 0x528C, 0x528C, 0x528C, 0x528C, 0x3A09, 0x528C, 0x528C, 0x528C,
  0x528C, 0x528C, 0x39E9, 0x39E9, 0x39E9, 0x39E9, 0x39E9, 0x39E9, 0x39E9, 0x39E9, 0x39E9, 0x39E9,
  0x4A8C, 0x4A8C, 0x4A8C, 0x4A8C, 0x4A8C, 0x4A8C, 0x4A8C, 0x4A8C, 0x4A8C, 0x4A8C, 0x4A8C, 0x4A8C,
  0x4A8C, 0x4A8C, 0x4A8C, 0x4A8C, 0x4A8C, 0x4A8C, 0x4A8C, 0x4A8C, 0x4A8C, 0x4A8C, 0x4A8C, 0x4A8C,
  0x4A8C, 0x4A8C, 0x4A8C, 0x4A8C, 0x4A8C, 0x34A9, 0x34A9, 0x34A9, 0x34A9, 0x31EE, 0x31EE, 0x31EE,
  0x39E9, 0x31EE, 0x31EE, 0x31EE, 0xBDD7, 0xBDD7, 0xBDD7, 0xC145, 0xC145, 0xC145, 0xC145, 0xC145,
  0xC145, 0xC145, 0xC145, 0xC145, 0xC145, 0xC145, 0xC145, 0xC145, 0xC145, 0xC145, 0xC145, 0xC145,
  0xC145, 0xC145, 0xC145, 0xC145, 0xC145, 0xC145, 0xC145, 0xC145, 0xC145, 0xC145, 0xC145, 0xC145,
  0xC145, 0xC145, 0xC145, 0xC145, 0xC145, 0xC145, 0xC145, 0xC145, 0xC145, 0xC145, 0xC145, 0xC145,
  0xC145, 0xC145, 0xBDD7, 0xBDD7, 0xBDD7, 0xBDD7, 0xBDD7, 0xBDD7, 0xBDD7, 0xBDD7, 0xBDD7, 0xBDD7,
  0xBDD7, 0x2A96, 0x2A96, 0x2A96, 0x2A96, 0x2A96, 0x2A96, 0x2A96, 0x2A96, 0x2A96, 0x2A96, 0x2A96,
  0x2A96, 0x2A96, 0x2A96, 0x2A96, 0x2A96, 0x2A96, 0x2A96, 0x2A96, 0x2A96, 0x2A96, 0xBDD7, 0xBDD7,
  0xBDD7, 0xBDD7, 0xBDD7, 0xDD65, 0xDD65, 0xDD65, 0xDD65, 0xDD65, 0xDD65, 0xDD65, 0xDD65, 0xDD65,
  0xDD65, 0xDD65, 0xDD65, 0xDD65, 0xBDD7, 0xBDD7, 0xBDD7, 0x2C6A, 0x2C6A, 0x2C6A, 0x2C6A, 0x2945,
  0x2945, 0x2945, 0x2945, 0xBDD7, 0xBDD7, 0x3145, 0xBDB6, 0xBDB6, 0xBDD7, 0xBDD7, 0xBDD7, 0xBDD7,
  0x2C6A, 0x2C6A, 0x2C6A, 0x2C6A, 0x2C6A, 0x2C6A, 0x2C6A, 0x2C6A, 0xB966, 0xB966, 0xB966, 0xB966,
  0xB966, 0xD679, 0x24AA, 0x24AA, 0x3166, 0x5E30, 0x5E30, 0x24AA, 0x18E7, 0x12C6, 0x12C6, 0x18E7,
  0x18E7, 0x18E7, 0x18E7, 0x18E7, 0x18E7, 0x18E7, 0x18E7, 0x18E7, 0x18E7, 0x18E7, 0x18E7, 0x12C6,
  0x12C6, 0x18E7, 0x24AA, 0x5E30, 0x5E30, 0x8A15, 0x24AA, 0x8A15, 0x78C4, 0xDD43, 0xDD43, 0x7862,
  0xDC30, 0x7862, 0xDC30, 0x7862, 0xDC30, 0x7862, 0xDD43, 0xDD43, 0x18C7, 0x4AD5, 0x4AD5, 0x4AD5,
  0x4AD5, 0x4AD5, 0x4AD5, 0x18C7, 0x18C7, 0x18C7, 0x18C7, 0x18C7, 0x18C7, 0x18C7, 0x18C7, 0x18C7,
  0x18C7, 0x18C7, 0xDD43, 0xDD43, 0xBCED, 0xBCED, 0x2924, 0x2924, 0x2924, 0x2924, 0x2924, 0xB966,
  0xDD43, 0xDD43, 0xD679, 0xD679, 0xD679, 0xB946, 0xB946, 0xB946, 0xD679, 0xD679, 0xD679, 0xD679,
  0xD679, 0xB946, 0xB946, 0xB946, 0xB946, 0xB946, 0x3186, 0x3186, 0x3186, 0x3186, 0x3186, 0x3186,
  0x4A4B, 0x4A4B, 0x4A4B, 0x4A4B, 0x4A4B, 0x4A4B, 0x4A4B, 0x4A4B, 0x4A4B, 0x4A4B, 0x4A4B, 0x4A4B,
  0x4A4B, 0x4A4B, 0x39C8, 0x4A4B, 0x4A4B, 0x424B, 0x424B, 0x424B, 0x424B, 0x424B, 0x424B, 0x424B,
  0x424B, 0x424B, 0x424B, 0x424B, 0x424B, 0x424B, 0x424B, 0x424B, 0x424B, 0x424B, 0x424B, 0x424B,
  0x424B, 0x424B, 0x424B, 0x424B, 0x31A8, 0x424B, 0x424B, 0x424B, 0x424B, 0x424B, 0x424B, 0x424B,
  0x424B, 0x422A, 0x422A, 0x422A, 0x422A, 0x422A, 0x422A, 0x422A, 0x31A8, 0x31A8, 0x31A8, 0x31A8,
  0x31A8, 0x31A8, 0x31A8, 0x31A8, 0x31A8, 0x31A8, 0x31A8, 0x422A, 0x422A, 0x422A, 0x422A, 0x422A,
  0x422A, 0x422A, 0x422A, 0x422A, 0x422A, 0x422A, 0x422A, 0x422A, 0x422A, 0x422A, 0x422A, 0x422A,
  0x422A, 0x422A, 0x422A, 0x422A, 0x422A, 0x422A, 0x422A, 0x422A, 0x31A8, 0x422A, 0x422A, 0x422A,
  0xD6BB, 0xD6BB, 0xD6BB, 0xD966, 0xD966, 0xD966, 0xD966, 0xD966, 0xD966, 0xD966, 0xD966, 0xD966,
  0xD966, 0xD966, 0xD966, 0xD966, 0xD966, 0xD966, 0xD966, 0xD966, 0xD966, 0xD966, 0xD966, 0xD966,
  0xD966, 0xD966, 0xD966, 0xD966, 0xD966, 0xD966, 0xD966, 0xD966, 0xD966, 0xD966, 0xD966, 0xD966,
  0xD966, 0xD966, 0xD966, 0xD966, 0xD966, 0xD966, 0xD966, 0xD966, 0xD966, 0xD966, 0xD6BB, 0xD6BB,
  0xD6BB, 0xD6BB, 0xD6BB, 0xD6BB, 0xD6BB, 0xD6BA, 0xD6BA, 0xD6BA, 0xD6BA, 0x3319, 0x3319, 0x3319,
  0x3319, 0x3319, 0x3319, 0x3319, 0x3319, 0x3319, 0x3319, 0x3319, 0x3319, 0x3319, 0x3319, 0x3319,
  0x3319, 0x3319, 0x3319, 0x3319, 0x3319, 0x3319, 0xD6BA, 0xD6BA, 0xD6BA, 0xDEBA, 0xDEBA, 0xFE26,
  0xFE26, 0xFE26, 0xFE26, 0xFE26, 0xFE26, 0xFE26, 0xFE26, 0xFE26, 0xFE26, 0xFE26, 0xFE26, 0xFE26,
  0xDEBA, 0xDEBA, 0xDEBA, 0x3166, 0x3166, 0x3166, 0x3166, 0x3166, 0x3166, 0x3166, 0x3166, 0xDEBA,
  0xDEBA, 0xDEBB, 0xDEBB, 0xDEBB, 0xDEBB, 0xFE25, 0xFE25, 0xFE25, 0x2D0C, 0x2D0C, 0x2D0C, 0x2D0C,
  0x2D0C, 0x2D0C, 0x2D0C, 0x2D0C, 0xD9A7, 0xD9A7, 0xD9A7, 0xD9A7, 0x3186, 0x3986, 0x3986, 0x8C51,
  0x8C51, 0x6F33, 0x6F33, 0x6F33, 0x6F33, 0x1326, 0x1326, 0x6F33, 0x6F33, 0x6F33, 0x6F33, 0x6F33,
  0x6F33, 0x6F33, 0x6F33, 0x6F33, 0x6F33, 0x6F33, 0x6F33, 0x1326, 0x1326, 0x6F33, 0x6F33, 0x6F33,
  0x6F33, 0x612F, 0x612F, 0x612F, 0x41E8, 0xFE23, 0xFE23, 0xFF6F, 0xFF6F, 0xFF6F, 0xFF6F, 0xFF6F,
  0xFF6F, 0xFF6F, 0xFF6F, 0xFF6F, 0xFF6F, 0xFF6F, 0xFF6F, 0xFF6F, 0xFF6F, 0xFF6F, 0xFF6F, 0xFF6F,
  0xFF6F, 0xFF6F, 0xFF6F, 0xFF6F, 0xFF6F, 0xFF6F, 0xFF6F, 0xFF6F, 0xFF6F, 0xFF6F, 0xFF6F, 0xFF6F,
  0xFF6F, 0xFF6F, 0xFF6F, 0xFF6F, 0xFF6F, 0xFF6F, 0xFF6F, 0xFF6F, 0xFE23, 0xFE23, 0xF75D, 0xF75D,
  0xF75D, 0xD987, 0xD987, 0xD987, 0xF77D, 0xF77D, 0xF77D, 0xF77D, 0xF77D, 0xD966, 0xD966, 0xD966,
  0xD966, 0xD966, 0xF77D, 0xF77D, 0xF77D, 0xF77D, 0xF77D, 0xF77D, 0xF77D, 0x39C7, 0x39C7, 0x39C7,
  0x39C7, 0x39C7, 0x39C7, 0x52AC, 0x52AC, 0x52AC, 0x52AC, 0x52AC, 0x52AC, 0x52AC, 0x420A, 0x52AC,
  0x52AC, 0x528C, 0x528C, 0x528C, 0x528C, 0x528C, 0x528C, 0x528C, 0x528C, 0x528C, 0x528C, 0x528C,
  0x528C, 0x528C, 0x528C, 0x528C, 0x528C, 0x528C, 0x528C, 0x528C, 0x528C, 0x528C, 0x528C, 0x528C,
  0x3A09, 0x528C, 0x528C, 0x528C, 0x528C, 0x528C, 0x528C, 0x528C, 0x528C, 0x4A8C, 0x4A8C, 0x4A8C,
  0x4A8C, 0x4A8C, 0x4A8C, 0x4A8C, 0x4A8C, 0x4A8C, 0x4A8C, 0x4A8C, 0x4A8C, 0x4A8C, 0x4A8C, 0x4A8C,
  0x4A8C, 0x4A8C, 0x4A8C, 0x39E9, 0x39E9, 0x39E9, 0x39E9, 0x39E9, 0x39E9, 0x39E9, 0x39E9, 0x39E9,
  0x39E9, 0x4A8C, 0x4A8C, 0x4A8C, 0x4A8C, 0x4A8C, 0x4A8C, 0x4A8C, 0x4A8C, 0x4A8C, 0x4A8C, 0x4A8C,
  0x4A8C, 0x4A8C, 0x4A8C, 0x4A8C, 0x39E9, 0x4A8C, 0x4A8C, 0x4A8C, 0xBDD7, 0xBDD7, 0xBDD7, 0xC145,
  0xC145, 0xC145, 0xC145, 0xC145, 0xC145, 0xC145, 0xC145, 0xC145, 0xC145, 0xC145, 0xC145, 0xC145,
  0xC145, 0xC145, 0xC145, 0xC145, 0xC145, 0xC145, 0xC145, 0xC145, 0xC145, 0xC145, 0xC145, 0xC145,
  0xC145, 0xC145, 0xC145, 0xC145, 0xC145, 0xC145, 0xC145, 0xC145, 0xC145, 0xC145, 0xC145, 0xC145,
  0xC145, 0xC145, 0xC145, 0xC145, 0xC145, 0xC145, 0xBDD7, 0xBDD7, 0xBDD7, 0xBDD7, 0xBDD7, 0xBDD7,
  0xBDD7, 0xBDD7, 0xBDD7, 0xBDD7, 0xBDD7, 0x2A96, 0x2A96, 0x2A96, 0x2A96, 0x2A96, 0x2A96, 0x2A96,
  0x2A96, 0x2A96, 0x2A96, 0x2A96, 0x2A96, 0x2A96, 0x2A96, 0x2A96, 0x2A96, 0x2A96, 0x2A96, 0x2A96,
  0x2A96, 0x2A96, 0xBDD7, 0xBDD7, 0xBDD7, 0xBDD7, 0xBDD7, 0xDD65, 0xDD65, 0xDD65, 0xDD65, 0xDD65,
  0xDD65, 0xDD65, 0xDD65, 0xDD65, 0xDD65, 0xDD65, 0xDD65, 0x2925, 0xBDD7, 0xBDD7, 0xBDD7, 0x2945,
  0x2945, 0x2945, 0x2945, 0xBDD7, 0xBDD7, 0x9CD1, 0xBDD7, 0xBDD7, 0xBDD7, 0xBDD7, 0xDD44, 0xDD44,
  0xDD44, 0xDD44, 0xDD44, 0xDD44, 0x2C6A, 0x2C6A, 0x2C6A, 0x2C6A, 0x2C6A, 0x2C6A, 0x2C6A, 0x2C6A,
  0xB966, 0xB966, 0x2945, 0x2945, 0x2945, 0x738E, 0x738E, 0x738E, 0x5E30, 0x5E30, 0x5E30, 0x5E30,
  0x5E30, 0x5E30, 0x5E30, 0x5E30, 0x5E30, 0x5E30, 0x5E30, 0xD69A, 0xD69A, 0xD69A, 0xD69A, 0x5E30,
  0x5E30, 0x5E30, 0x5E30, 0x5E30, 0x5E30, 0x5E30, 0x5E30, 0x5E30, 0x5E30, 0x5E30, 0x590D, 0x3187,
  0xDB23, 0xDD43, 0xDD43, 0x10A3, 0x10A3, 0x10A3, 0x10A3, 0x10A3, 0x10A3, 0x10A3, 0x10A3, 0x10A3,
  0x10A3, 0x10A3, 0x10A3, 0x10A3, 0x10A3, 0x10A3, 0x10A3, 0x10A3, 0x10A3, 0x10A3, 0x10A3, 0x10A3,
  0x10A3, 0x10A3, 0x10A3, 0x10A3, 0x10A3, 0x10A3, 0x10A3, 0x10A3, 0x10A3, 0x10A3, 0x10A3, 0x10A3,
  0x10A3, 0x10A3, 0x10A3, 0x10A3, 0xDD43, 0xDD43, 0x2924, 0x2924, 0x2924, 0x2104, 0xB946, 0xB946,
  0xD679, 0xD679, 0xD679, 0xD679, 0xD679, 0xB946, 0xB946, 0xB946, 0xB946, 0xB946, 0xD679, 0xD679,
  0xD679, 0xD679, 0xD679, 0xD679, 0xD679, 0xB925, 0xB925, 0xB925, 0xB925, 0xB925, 0x3186, 0x3186,
  0x3186, 0x3186, 0x3186, 0x3186, 0x4A4B, 0x4A4B, 0x39C8, 0x4A4B, 0x4A4B, 0x424B, 0x424B, 0x424B,
  0x424B, 0x424B, 0x424B, 0x424B, 0x424B, 0x424B, 0x424B, 0x424B, 0x424B, 0x424B, 0x424B, 0x424B,
  0x424B, 0x424B, 0x424B, 0x424B, 0x424B, 0x424B, 0x424B, 0x424B, 0x31A8, 0x424B, 0x424B, 0x424B,
  0x424B, 0x424B, 0x424B, 0x424B, 0x424B, 0x422A, 0x422A, 0x422A, 0x422A, 0x422A, 0x422A, 0x422A,
  0x422A, 0x422A, 0x422A, 0x422A, 0x422A, 0x422A, 0x422A, 0x422A, 0x422A, 0x422A, 0x422A, 0x422A,
  0x422A, 0x422A, 0x422A, 0x422A, 0x422A, 0x422A, 0x422A, 0x422A, 0x422A, 0x31A8, 0x31A8, 0x31A8,
  0x31A8, 0x31A8, 0x31A8, 0x31A8, 0x31A8, 0x31A8, 0x31A8, 0x422A, 0x422A, 0x422A, 0x422A, 0x422A,
  0x31A8, 0x422A, 0x422A, 0x422A, 0xD6BB, 0xD6BB, 0xD6BB, 0xD966, 0xD966, 0xD966, 0xD966, 0xD966,
  0xD966, 0xD966, 0xD966, 0xD966, 0xD966, 0xD966, 0xD966, 0xD966, 0xD966, 0xD966, 0xD966, 0xD966,
  0xD966, 0xD966, 0xD966, 0xD966, 0xD966, 0xD966, 0xD966, 0xD966, 0xD966, 0xD966, 0xD966, 0xD966,
  0xD966, 0xD966, 0xD966, 0xD966, 0xD966, 0xD966, 0xD966, 0xD966, 0xD966, 0xD966, 0xD966, 0xD966,
  0xD966, 0xD966, 0xD6BB, 0xD6BB, 0xD6BB, 0xD6BB, 0xD6BB, 0xD6BB, 0xD6BB, 0xD6BA, 0xD6BA, 0xD6BA,
  0xD6BA, 0x3319, 0x3319, 0x3319, 0x3319, 0x3319, 0x3319, 0x3319, 0x3319, 0x3319, 0x3319, 0x3319,
  0x3319, 0x3319, 0x3319, 0x3319, 0x3319, 0x3319, 0x3319, 0x3319, 0x3319, 0x3319, 0xD6BA, 0xD6BA,
  0xD6BA, 0xDEBA, 0xDEBA, 0xFE26, 0xFE26, 0xFE26, 0xFE26, 0xFE26, 0xFE26, 0xFE26, 0xFE26, 0x2946,
  0x2946, 0x2946, 0x2946, 0x2946, 0xDEBA, 0xDEBA, 0xDEBA, 0x3166, 0xDEBA, 0xDEBA, 0x6B0D, 0xDEBB,
  0xDEBB, 0xDEBB, 0xDEBB, 0xDEBB, 0xFE25, 0xFE25, 0xFE25, 0xFE25, 0xFE25, 0xFE25, 0xFE25, 0xFE25,
  0x2D0C, 0x2D0C, 0x2D0C, 0x2D0C, 0x2D0C, 0x2D0C, 0x2D0C, 0x3166, 0x3186, 0x3186, 0x6B0D, 0x8C51,
  0x8C51, 0x8C51, 0x8C51, 0x8C51, 0xFCD2, 0x8843, 0x8843, 0xFCD2, 0x8843, 0xFCD2, 0xFCD2, 0x8843,
  0xFCD2, 0xFCD2, 0x8843, 0xFCD2, 0x8843, 0x8843, 0xFCD2, 0x8843, 0xFCD2, 0xFCD2, 0x8843, 0xFCD2,
  0xFCD2, 0x8843, 0xFCD2, 0x8843, 0x8843, 0xFCD2, 0x41C8, 0x41C8, 0xFBA3, 0xFE23, 0xFE23, 0x18C3,
  0x18C3, 0x18C3, 0x18C3, 0x18C3, 0x18C3, 0x18C3, 0x18C3, 0x18C3, 0x18C3, 0x18C3, 0x18C3, 0x18C3,
  0x18C3, 0x18C3, 0x18C3, 0x18C3, 0x18C3, 0x18C3, 0x18C3, 0x18C3, 0x18C3, 0x18C3, 0x18C3, 0x18C3,
  0x18C3, 0x18C3, 0x18C3, 0x18C3, 0x18C3, 0x18C3, 0x18C3, 0x18C3, 0x18C3, 0x18C3, 0x18C3, 0x18C3,
  0xFE23, 0xFE23, 0xD58F, 0x2945, 0x2945, 0x2945, 0x2945, 0x2945, 0x2925, 0xF77D, 0xF77D, 0xF77D,
  0xF77D, 0xD966, 0xD966, 0xD966, 0xD966, 0xD966, 0xF77D, 0xF77D, 0xF77D, 0xF77D, 0xF77D, 0xF77D,
  0xF77D, 0xD966, 0xD966, 0xD966, 0xD966, 0xD966, 0xD966, 0xD966, 0xD966, 0xD966, 0x39A7, 0x39A7,
  0x39A7, 0x39A7, 0x39A7, 0x39A7, 0x39A7, 0x528C, 0x528C, 0x528C, 0x528C, 0x528C, 0x528C, 0x528C,
  0x528C, 0x528C, 0x528C, 0x528C, 0x528C, 0x528C, 0x528C, 0x528C, 0x528C, 0x528C, 0x528C, 0x528C,
  0x528C, 0x528C, 0x528C, 0x528C, 0x3A09, 0x528C, 0x528C, 0x528C, 0x528C, 0x528C, 0x528C, 0x528C,
  0x528C, 0x4A8C, 0x4A8C, 0x4A8C, 0x4A8C, 0x4A8C, 0x4A8C, 0x4A8C, 0x4A8C, 0x4A8C, 0x4A8C, 0x4A8C,
  0x4A8C, 0x4A8C, 0x4A8C, 0x4A8C, 0x4A8C, 0x4A8C, 0x4A8C, 0x4A8C, 0x4A8C, 0x4A8C, 0x4A8C, 0x4A8C,
  0x4A8C, 0x4A8C, 0x4A8C, 0x4A8C, 0x4A8C, 0x4A8C, 0x4A8C, 0x4A8C, 0x4A8C, 0x4A8C, 0x4A8C, 0x4A8C,
  0x4A8C, 0x4A8C, 0x4A8C, 0x39E9, 0x39E9, 0x39E9, 0x39E9, 0x39E9, 0x39E9, 0x39E9, 0x39E9, 0x39E9,
  0xBDD7, 0xBDD7, 0xBDD7, 0xC145, 0xC145, 0xC145, 0xC145, 0xC145, 0xC145, 0xC145, 0xC145, 0xC145,
  0xC145, 0xC145, 0xC145, 0xC145, 0xC145, 0xC145, 0xC145, 0xC145, 0xC145, 0xC145, 0xC145, 0xC145,
  0xC145, 0xC145, 0xC145, 0xC145, 0xC145, 0xC145, 0xC145, 0xC145, 0xC145, 0xC145, 0xC145, 0xC145,
  0xC145, 0xC145, 0xC145, 0xC145, 0xC145, 0xC145, 0xC145, 0xC145, 0xC145, 0xC145, 0xBDD7, 0xBDD7,
  0xBDD7, 0xBDD7, 0xBDD7, 0xBDD7, 0xBDD7, 0xBDD7, 0xBDD7, 0xBDD7, 0xBDD7, 0x2A96, 0x2A96, 0x2A96,
  0x2A96, 0x2A96, 0x2A96, 0x2A96, 0x2A96, 0x2A96, 0x2A96, 0x2A96, 0x2A96, 0x2A96, 0x2A96, 0x2A96,
  0x2A96, 0x2A96, 0x2A96, 0x2A96, 0x2A96, 0x2A96, 0xBDD7, 0xBDD7, 0xBDD7, 0xBDD7, 0xBDD7, 0xDD65,
  0xDD65, 0xDD65, 0xDD65, 0x2925, 0x2925, 0x2925, 0x2925, 0x2925, 0x2925, 0x2925, 0x2925, 0x2925,
  0xBDD7, 0xBDD7, 0x9CD1, 0x5AAB, 0xBDD7, 0xBDD7, 0xBDD7, 0xBDD7, 0xBDD7, 0xDD44, 0xDD44, 0xDD44,
  0xDD44, 0xDD44, 0xDD44, 0xDD44, 0xDD44, 0xDD44, 0xDD44, 0xDD44, 0x2C6A, 0x2C6A, 0x2C6A, 0x2C6A,
  0x2945, 0x2945, 0x2945, 0x2945, 0xAD34, 0x7BAF, 0x7BAF, 0x7BAF, 0x7BAF, 0x7BAF, 0x7BAF, 0x24AA,
  0xD905, 0x7042, 0x7042, 0xD905, 0x7042, 0xD905, 0xD905, 0x7042, 0xD905, 0xD905, 0x7042, 0xD905,
  0x7042, 0x7042, 0xD905, 0x7042, 0xD905, 0xD905, 0x7042, 0xD905, 0xD905, 0x7042, 0xD905, 0x7042,
  0x7042, 0xD905, 0x24AA, 0x18A2, 0x91C1, 0xDD43, 0xDD43, 0x20E4, 0x18C2, 0x18C2, 0x4229, 0x20E4,
  0xDD43, 0xDD43, 0x9340, 0x9340, 0x4AD5, 0x4AD5, 0x4AD5, 0x4AD5, 0x4AD5, 0x18C7, 0x18C7, 0x18C7,
  0x18C7, 0x18C7, 0x18C7, 0x18C7, 0x18C7, 0x18C7, 0x18C7, 0x18C7, 0x18C7, 0x18C7, 0x9340, 0x9340,
  0x9340, 0xDD43, 0xB4CD, 0xB4CD, 0xB4CD, 0xB4CD, 0x9C0A, 0xB4CD, 0xDD43, 0xDD43, 0xB4CD, 0xB4CD,
  0xB4CD, 0x2104, 0x2104, 0x2104, 0x2104, 0x2104, 0x2104, 0xD679, 0xD679, 0xB946, 0xB946, 0xB946,
  0xB946, 0xB946, 0xD679, 0xD679, 0xD679, 0xD679, 0xD679, 0xD679, 0xD679, 0xB925, 0xB925, 0xB925,
  0xB925, 0xB925, 0xB925, 0xB925, 0xB925, 0xB925, 0xD679, 0xD679, 0xD679, 0xD679, 0x3186, 0x3186,
  0x3186, 0x3186, 0x3186, 0x3186, 0x3186, 0x424B, 0x424B, 0x424B, 0x424B, 0x424B, 0x424B, 0x424B,
  0x424B, 0x424B, 0x424B, 0x424B, 0x424B, 0x424B, 0x424B, 0x424B, 0x424B, 0x424B, 0x424B, 0x424B,
  0x31A8, 0x424B, 0x424B, 0x424B, 0x424B, 0x424B, 0x424B, 0x424B, 0x424B, 0x422A, 0x422A, 0x422A,
  0x422A, 0x422A, 0x422A, 0x422A, 0x422A, 0x422A, 0x422A, 0x422A, 0x422A, 0x422A, 0x422A, 0x422A,
  0x422A, 0x422A, 0x422A, 0x422A, 0x422A, 0x422A, 0x422A, 0x422A, 0x422A, 0x422A, 0x422A, 0x422A,
  0x422A, 0x422A, 0x422A, 0x422A, 0x422A, 0x422A, 0x422A, 0x422A, 0x422A, 0x422A, 0x422A, 0x422A,
  0x422A, 0x422A, 0x422A, 0x422A, 0x31A8, 0x422A, 0x422A, 0x422A, 0xD6BB, 0xD6BB, 0xD6BB, 0xD966,
  0xD966, 0xD966, 0xD966, 0xD966, 0xD966, 0xD966, 0xD966, 0xD966, 0xD966, 0xD966, 0xD966, 0xD966,
  0xD966, 0xD966, 0xD966, 0xD966, 0xD966, 0xD966, 0xD966, 0xD966, 0xD966, 0xD966, 0xD966, 0xD966,
  0xD966, 0xD966, 0xD966, 0xD966, 0xD966, 0xD966, 0xD966, 0xD966, 0xD966, 0xD966, 0xD966, 0xD966,
  0xD966, 0xD966, 0xD966, 0xD966, 0xD966, 0xD966, 0xD6BB, 0xD6BB, 0xD6BB, 0xD6BB, 0xD6BB, 0xD6BB,
  0xD6BB, 0xD6BA, 0xD6BA, 0xD6BA, 0xD6BA, 0x3319, 0x3319, 0x3319, 0x3319, 0x3319, 0x3319, 0x3319,
  0x3319, 0x3319, 0x3319, 0x3319, 0x3319, 0x3319, 0x3319, 0x3319, 0x3319, 0x3319, 0x3319, 0x3319,
  0x3319, 0x3319, 0xD6BA, 0xD6BA, 0xD6BA, 0xDEBA, 0xDEBA, 0x2946, 0x2946, 0x2946, 0x2946, 0x2946,
  0x2946, 0x2946, 0xFE26, 0xFE26, 0xDEBA, 0xDEBA, 0xB574, 0x630D, 0xD6BB, 0xD6BB, 0xD6BB, 0xD6BB,
  0xD6BB, 0x2AF9, 0x2AF9, 0x2AF9, 0x2AF9, 0xFE25, 0xFE25, 0x231B, 0x231B, 0x231B, 0x231B, 0x231B,
  0x231B, 0x231B, 0x231B, 0x231B, 0x231B, 0x231B, 0x231B, 0x231B, 0x231B, 0x231B, 0x231B, 0x231B,
  0x231B, 0x231B, 0x231B, 0x231B, 0x231B, 0x231B, 0x231B, 0x231B, 0x231B, 0x231B, 0x231B, 0x231B,
  0x231B, 0x231B, 0x231B, 0x231B, 0x231B, 0x5042, 0xF77D, 0xF77D, 0xF77D, 0xF77D, 0xF77D, 0xF77D,
  0x5042, 0x5042, 0x5042, 0x5042, 0x5042, 0x5042, 0x5042, 0x5042, 0x5042, 0x5042, 0x256B, 0x4A4A,
  0x18A3, 0xFE23, 0xFE23, 0x2104, 0x20E3, 0x20E3, 0x526B, 0x2104, 0xFE23, 0x20E8, 0xABC0, 0xABC0,
  0x20E8, 0x20E8, 0x20E8, 0x20E8, 0x20E8, 0x20E8, 0x20E8, 0x20E8, 0x20E8, 0x20E8, 0x20E8, 0x20E8,
  0x20E8, 0x20E8, 0x20E8, 0x20E8, 0x20E8, 0x20E8, 0xABC0, 0xABC0, 0xABC0, 0xFE23, 0xD58F, 0xD58F,
  0xD58F, 0xB4AC, 0xD58F, 0xD58F, 0xFE23, 0xFE23, 0xD58F, 0xD58F, 0xB4AC, 0xD58F, 0xD58F, 0xD58F,
  0x2925, 0x2925, 0x2925, 0x2925, 0x2925, 0x2925, 0xD966, 0xD966, 0xD966, 0xD966, 0xF77D, 0xF77D,
  0xF77D, 0xF77D, 0xF77D, 0xF77D, 0xF77D, 0xD966, 0xD966, 0xD966, 0xD966, 0xD966, 0xD966, 0xD966,
  0xD966, 0xD966, 0xF77D, 0xF77D, 0xF77D, 0xF77D, 0xF77D, 0xF77D, 0xF77D, 0x39A7, 0x39A7, 0x39A7,
  0x39A7, 0x39A7, 0x39A7, 0x39A7, 0x39A7, 0x528C, 0x528C, 0x528C, 0x528C, 0x528C, 0x528C, 0x528C,
  0x528C, 0x528C, 0x528C, 0x528C, 0x528C, 0x528C, 0x528C, 0x528C, 0x3A09, 0x528C, 0x528C, 0x528C,
  0x528C, 0x528C, 0x528C, 0x528C, 0x528C, 0x4A8C, 0x4A8C, 0x4A8C, 0x4A8C, 0x4A8C, 0x4A8C, 0x4A8C,
  0x4A8C, 0x4A8C, 0x4A8C, 0x4A8C, 0x4A8C, 0x4A8C, 0x4A8C, 0x4A8C, 0x4A8C, 0x4A8C, 0x4A8C, 0x4A8C,
  0x4A8C, 0x4A8C, 0x4A8C, 0x4A8C, 0x4A8C, 0x4A8C, 0x4A8C, 0x4A8C, 0x4A8C, 0x4A8C, 0x4A8C, 0x4A8C,
  0x4A8C, 0x4A8C, 0x4A8C, 0x4A8C, 0x4A8C, 0x4A8C, 0x4A8C, 0x4A8C, 0x4A8C, 0x4A8C, 0x4A8C, 0x4A8C,
  0x39E9, 0x4A8C, 0x4A8C, 0x4A8C, 0xBDD7, 0xBDD7, 0xBDD7, 0xC145, 0xC145, 0xC145, 0xC145, 0xC145,
  0xC145, 0xC145, 0xC145, 0xC145, 0xC145, 0xC145, 0xC145, 0xC145, 0xC145, 0xC145, 0xC145, 0xC145,
  0xC145, 0xC145, 0xC145, 0xC145, 0xC145, 0xC145, 0xC145, 0xC145, 0xC145, 0xC145, 0xC145, 0xC145,
  0xC145, 0xC145, 0xC145, 0xC145, 0xC145, 0xC145, 0xC145, 0xC145, 0xC145, 0xC145, 0xC145, 0xC145,
  0xC145, 0xC145, 0xBDD7, 0xBDD7, 0xBDD7, 0xBDD7, 0xBDD7, 0xBDD7, 0xBDD7, 0xBDD7, 0xBDD7, 0xBDD7,
  0xBDD7, 0x2A96, 0x2A96, 0x2A96, 0x2A96, 0x2A96, 0x2A96, 0x2A96, 0x2A96, 0x2A96, 0x2A96, 0x2A96,
  0x2A96, 0x2A96, 0x2A96, 0x2A96, 0x2A96, 0x2A96, 0x2A96, 0x2A96, 0x2A96, 0x2105, 0xBDD7, 0xBDD7,
  0xBDD7, 0xBDD7, 0xBDD7, 0x2925, 0xDD65, 0xDD65, 0xDD65, 0xDD65, 0xBDD7, 0x9CB1, 0x9CB1, 0x5AAB,
  0xBDD7, 0xBDD7, 0xBDD7, 0xBDD7, 0xBDD7, 0xBDD7, 0x2A96, 0x2A96, 0x2A96, 0x2A96, 0x2A96, 0x2A96,
  0x2A96, 0xDD44, 0xDD44, 0x22B8, 0x22B8, 0x22B8, 0x22B8, 0x22B8, 0x22B8, 0x22B8, 0x22B8, 0x22B8,
  0x22B8, 0x22B8, 0x22B8, 0x22B8, 0x22B8, 0x22B8, 0x22B8, 0x22B8, 0x22B8, 0x22B8, 0x22B8, 0x22B8,
  0x22B8, 0x22B8, 0x22B8, 0x22B8, 0x22B8, 0x22B8, 0x22B8, 0x22B8, 0x22B8, 0x22B8, 0x22B8, 0x22B8,
  0x22B8, 0x24AA, 0x18C3, 0x18C3, 0x18C3, 0x18C3, 0x18C3, 0x18C3, 0x24AA, 0x24AA, 0x24AA, 0x24AA,
  0x24AA, 0x24AA, 0x24AA, 0x24AA, 0x24AA, 0x24AA, 0x24AA, 0x24AA, 0x10A2, 0x3186, 0x10A2, 0x10A2,
  0x2125, 0xDE6D, 0xDE6D, 0xDD43, 0xDD43, 0xDD43, 0x9340, 0x9340, 0xDD43, 0xDD43, 0xDD43, 0xDD43,
  0xDD43, 0xDD43, 0xDD43, 0xDD43, 0xDD43, 0xDD43, 0xDD43, 0xDD43, 0xDD43, 0xDD43, 0xDD43, 0xDD43,
  0xDD43, 0xDD43, 0x9340, 0x9340, 0x9340, 0xDD43, 0xDD43, 0xDE6D, 0xDE6D, 0xDE6D, 0xB4CD, 0xB4CD,
  0xB4CD, 0xB4CD, 0xB4CD, 0x9C0A, 0xB4CD, 0xB4CD, 0xB4CD, 0xB4CD, 0xB4CD, 0xB4CD, 0x9C0A, 0x2104,
  0x2104, 0x2104, 0x2104, 0x2104, 0x2104, 0x2104, 0x2104, 0xD679, 0xD679, 0xD679, 0xD679, 0xD679,
  0xD679, 0xB925, 0xB925, 0xB925, 0xB925, 0xB925, 0xB925, 0xB925, 0xB925, 0xB925, 0xD679, 0xD679,
  0xD679, 0xD679, 0xD679, 0xD679, 0xD679, 0xD679, 0xD679, 0xD679, 0xD679, 0x3166, 0x3166, 0x3166,
  0x3166, 0x3166, 0x3166, 0x3166, 0x3166, 0x424B, 0x424B, 0x424B, 0x424B, 0x424B, 0x424B, 0x424B,
  0x424B, 0x424B, 0x424B, 0x424B, 0x31A8, 0x424B, 0x424B, 0x424B, 0x424B, 0x424B, 0x424B, 0x424B,
  0x424B, 0x422A, 0x422A, 0x422A, 0x422A, 0x422A, 0x422A, 0x422A, 0x422A, 0x422A, 0x422A, 0x422A,
  0x422A, 0x422A, 0x422A, 0x422A, 0x422A, 0x422A, 0x422A, 0x422A, 0x422A, 0x422A, 0x422A, 0x422A,
  0x422A, 0x422A, 0x422A, 0x422A, 0x422A, 0x422A, 0x422A, 0x422A, 0x422A, 0x422A, 0x422A, 0x422A,
  0x422A, 0x422A, 0x422A, 0x422A, 0x422A, 0x422A, 0x422A, 0x422A, 0x31A8, 0x422A, 0x422A, 0x422A,
  0xD6BB, 0xD6BB, 0xD6BB, 0xD966, 0xD966, 0xD966, 0xD966, 0xD966, 0xD966, 0xD966, 0xD966, 0xD966,
  0xD966, 0xD966, 0xD966, 0xD966, 0xD966, 0xD966, 0xD966, 0xD966, 0xD966, 0xD966, 0xD966, 0xD966,
  0xD966, 0xD966, 0xD966, 0xD966, 0xD966, 0xD966, 0xD966, 0xD966, 0xD966, 0xD966, 0xD966, 0xD966,
  0xD966, 0xD966, 0xD966, 0xD966, 0xD966, 0xD966, 0xD966, 0xD966, 0xD966, 0xD966, 0xD6BB, 0xD6BB,
  0xD6BB, 0xD6BB, 0xD6BB, 0xD6BB, 0xD6BB, 0xD6BA, 0xD6BA, 0xD6BA, 0xD6BA, 0x3319, 0x3319, 0x3319,
  0x3319, 0x3319, 0x3319, 0x3319, 0x3319, 0x3319, 0x3319, 0x3319, 0x3319, 0x3319, 0x3319, 0x3319,
  0x2945, 0x2945, 0x2945, 0x2945, 0x2945, 0x2945, 0xD6BA, 0xD6BA, 0xD6BA, 0xDEBA, 0xDEBA, 0xFE26,
  0xDEBA, 0xB574, 0xB574, 0x630D, 0xD6BB, 0xD6BB, 0xD6BB, 0xD6BB, 0xD6BB, 0xD6BB, 0x2AF9, 0x2AF9,
  0x2AF9, 0x2AF9, 0x2AF9, 0x2AF9, 0x2AF9, 0x2AF9, 0x2AF9, 0x2AF9, 0x2AF9, 0xFE25, 0x231B, 0x231B,
  0x231B, 0x18E8, 0x18E8, 0x18E8, 0x18E8, 0x18E8, 0x18E8, 0x18E8, 0x18E8, 0x18E8, 0x18E8, 0x18E8,
  0x18E8, 0x18E8, 0x18E8, 0x18E8, 0x18E8, 0x18E8, 0x18E8, 0x18E8, 0x18E8, 0x18E8, 0x18E8, 0x18E8,
  0x18E8, 0x18E8, 0x18E8, 0x18E8, 0x18E8, 0x18E8, 0x18E8, 0x231B, 0x231B, 0x231B, 0x20E4, 0x20E4,
  0x20E4, 0x20E4, 0x20E4, 0x20E4, 0x256B, 0x256B, 0x256B, 0x256B, 0x256B, 0x256B, 0x256B, 0x256B,
  0x256B, 0x256B, 0x256B, 0x256B, 0x18A3, 0x39C8, 0x18A3, 0x18A3, 0xFF6F, 0xFF6F, 0xFF6F, 0xFF6F,
  0xFF6F, 0xFF6F, 0xABC0, 0xABC0, 0xFF6F, 0xFF6F, 0xFF6F, 0xFF6F, 0xFF6F, 0xFF6F, 0xFF6F, 0xFF6F,
  0xFF6F, 0xFF6F, 0xFF6F, 0xFF6F, 0xFF6F, 0xFF6F, 0xFF6F, 0xFF6F, 0xFF6F, 0xFF6F, 0xABC0, 0xABC0,
  0xABC0, 0xFF6F, 0xFF6F, 0xFF6F, 0xFF6F, 0xFF6F, 0xFF6F, 0xD58F, 0xD58F, 0xD58F, 0xB4AC, 0xD58F,
  0xD58F, 0xD58F, 0xD58F, 0xD58F, 0xD58F, 0xB4AC, 0xD58F, 0xD58F, 0xD58F, 0x2925, 0x2925, 0x2925,
  0x2925, 0x2925, 0x2924, 0x2924, 0x2924, 0xF77D, 0xF77D, 0xF77D, 0xF77D, 0xD966, 0xD966, 0xD966,
  0xD966, 0xD966, 0xD966, 0xD966, 0xD966, 0xD966, 0xF77D, 0xF77D, 0xF77D, 0xF77D, 0xF77D, 0xF77D,
  0xF77D, 0xF77D, 0xF77D, 0xF77D, 0xF77D, 0xD946, 0xD946, 0xD946, 0xD946, 0xD946, 0x39A7, 0x39A7,
  0x39A7, 0x39A7, 0x39A7, 0x39A7, 0x39A7, 0x39A7, 0x528C, 0x528C, 0x528C, 0x528C, 0x528C, 0x528C,
  0x3A09, 0x528C, 0x528C, 0x528C, 0x528C, 0x528C, 0x528C, 0x528C, 0x528C, 0x4A8C, 0x4A8C, 0x4A8C,
  0x4A8C, 0x4A8C, 0x4A8C, 0x4A8C, 0x4A8C, 0x4A8C, 0x4A8C, 0x4A8C, 0x4A8C, 0x4A8C, 0x4A8C, 0x4A8C,
  0x4A8C, 0x4A8C, 0x4A8C, 0x4A8C, 0x4A8C, 0x4A8C, 0x4A8C, 0x4A8C, 0x4A8C, 0x4A8C, 0x4A8C, 0x4A8C,
  0x4A8C, 0x4A8C, 0x4A8C, 0x4A8C, 0x4A8C, 0x4A8C, 0x4A8C, 0x4A8C, 0x4A8C, 0x4A8C, 0x4A8C, 0x4A8C,
  0x4A8C, 0x4A8C, 0x4A8C, 0x4A8C, 0x39E9, 0x4A8C, 0x4A8C, 0x4A8C, 0xBDD7, 0xBDD7, 0xBDD7, 0xC145,
  0xC145, 0xC145, 0xC145, 0xC145, 0xC145, 0xC145, 0xC145, 0xC145, 0xC145, 0xC145, 0xC145, 0xC145,
  0xC145, 0xC145, 0xC145, 0xC145, 0xC145, 0xC145, 0xC145, 0xC145, 0xC145, 0xC145, 0xC145, 0xC145,
  0xC145, 0xC145, 0xC145, 0xC145, 0xC145, 0xC145, 0xC145, 0xC145, 0xC145, 0xC145, 0xC145, 0xC145,
  0xC145, 0xC145, 0xC145, 0xC145, 0xC145, 0xC145, 0xBDD7, 0xBDD7, 0xBDD7, 0xBDD7, 0xBDD7, 0xBDD7,
  0xBDD7, 0xBDD7, 0xBDD7, 0xBDD7, 0xBDD7, 0x2A96, 0x2A96, 0x2A96, 0x2A96, 0x2A96, 0x2A96, 0x2A96,
  0x2A96, 0x2A96, 0x2A96, 0x2105, 0x2105, 0x2105, 0x2105, 0x2105, 0x2105, 0x2105, 0x2105, 0x2105,
  0x2105, 0x2105, 0xBDD7, 0xBDD7, 0xBDD7, 0x9CB1, 0x9CB1, 0x9CB1, 0xBDD7, 0xBDD7, 0xBDD7, 0xBDD7,
  0xBDD7, 0xBDD7, 0x22B8, 0x22B8, 0x2A96, 0x2A96, 0x2A96, 0x2A96, 0x2A96, 0x2A96, 0x2A96, 0x2A96,
  0x2A96, 0x2A96, 0x2A96, 0x2A96, 0x2A96, 0xDD44, 0x22B8, 0x22B8, 0x22B8, 0x18C7, 0x18C7, 0x18C7,
  0x18C7, 0x18C7, 0x18C7, 0x18C7, 0x18C7, 0x18C7, 0x18C7, 0x18C7, 0x18C7, 0x18C7, 0x18C7, 0x18C7,
  0x18C7, 0x18C7, 0x18C7, 0x18C7, 0x18C7, 0x18C7, 0x18C7, 0x18C7, 0x18C7, 0x18C7, 0x18C7, 0x18C7,
  0x18C7, 0x18C7, 0x18C7, 0x22B8, 0x22B8, 0x22B8, 0xD679, 0xD679, 0xD679, 0xD679, 0xD679, 0xD679,
  0x24AA, 0x24AA, 0x24AA, 0x24AA, 0x24AA, 0x24AA, 0x24AA, 0x22B8, 0x22B8, 0x22B8, 0x24AA, 0x24AA,
  0x2125, 0x2125, 0x2125, 0xDE6D, 0xDE6D, 0xDE6D, 0xDE6D, 0xDE6D, 0xDE6D, 0xDE6D, 0xDE6D, 0xDE6D,
  0xDE6D, 0xDE6D, 0xDE6D, 0xDE6D, 0xDE6D, 0xDE6D, 0xDE6D, 0x18A3, 0x18A3, 0x18A3, 0x18A3, 0x18A3,
  0xDE6D, 0xDE6D, 0xDE6D, 0xDE6D, 0xDE6D, 0xDE6D, 0xDE6D, 0xDE6D, 0xDE6D, 0xDE6D, 0xDE6D, 0xDE6D,
  0xDE6D, 0xDE6D, 0xDE6D, 0xDE6D, 0xB4CD, 0x9C0A, 0xB4CD, 0xB4CD, 0xB4CD, 0xB4CD, 0xB4CD, 0xB4CD,
  0x9C0A, 0xB4CD, 0xB4CD, 0xB4CD, 0xB4CD, 0xB4CD, 0xB4CD, 0x9C0A, 0xB4CD, 0xB4CD, 0x2104, 0x2104,
  0x2104, 0x2104, 0x2104, 0x2104, 0xD679, 0xB925, 0xB925, 0xB925, 0xB925, 0xB925, 0xB925, 0xB925,
  0xB925, 0xB925, 0xD679, 0xD679, 0xD679, 0xD679, 0xD679, 0xD679, 0xD679, 0xD679, 0xD679, 0xD679,
  0xD679, 0xB925, 0xB925, 0xB925, 0xB925, 0xB925, 0xB925, 0xB925, 0xB925, 0xB925, 0xB925, 0x3166,
  0x3166, 0x3166, 0x3166, 0x3166, 0x3166, 0x3166, 0x3166, 0x3166, 0x31A8, 0x424B, 0x424B, 0x424B,
  0x424B, 0x424B, 0x424B, 0x424B, 0x424B, 0x422A, 0x422A, 0x422A, 0x422A, 0x422A, 0x422A, 0x422A,
  0x422A, 0x422A, 0x422A, 0x422A, 0x422A, 0x422A, 0x422A, 0x422A, 0x422A, 0x422A, 0x422A, 0x422A,
  0x422A, 0x422A, 0x422A, 0x422A, 0x422A, 0x422A, 0x422A, 0x422A, 0x422A, 0x422A, 0x422A, 0x422A,
  0x422A, 0x422A, 0x422A, 0x422A, 0x422A, 0x422A, 0x422A, 0x422A, 0x422A, 0x422A, 0x422A, 0x422A,
  0x31A8, 0x422A, 0x422A, 0x422A, 0xD6BB, 0xD6BB, 0xD6BB, 0xD966, 0xD966, 0xD966, 0xD966, 0xD966,
  0xD966, 0xD966, 0xD966, 0xD966, 0xD966, 0xD966, 0xD966, 0xD966, 0xD966, 0xD966, 0xD966, 0xD966,
  0xD966, 0xD966, 0xD966, 0xD966, 0xD966, 0xD966, 0xD966, 0xD966, 0xD966, 0xD966, 0xD966, 0xD966,
  0xD966, 0xD966, 0xD966, 0xD966, 0xD966, 0xD966, 0xD966, 0xD966, 0xD966, 0xD966, 0xD966, 0xD966,
  0xD966, 0xD966, 0xD6BB, 0xD6BB, 0xD6BB, 0xD6BB, 0xD6BB, 0xD6BB, 0xD6BB, 0xD6BA, 0xD6BA, 0xD6BA,
  0xD6BA, 0x3319, 0x3319, 0x3319, 0x3319, 0x3319, 0x2945, 0x2945, 0x2945, 0x2945, 0x2945, 0x2945,
  0x2945, 0x2945, 0x2945, 0x2945, 0x2945, 0x2945, 0x3319, 0x3319, 0x3319, 0x3319, 0xB574, 0xB574,
  0xD6BB, 0xD6BB, 0xD6BB, 0xD6BB, 0xD6BB, 0xD6BB, 0xD6BB, 0x2AF9, 0x2AF9, 0x2AF9, 0x231B, 0x231B,
  0x2AF9, 0x2AF9, 0x2AF9, 0x2AF9, 0x2AF9, 0x2AF9, 0x2AF9, 0x2AF9, 0x2AF9, 0x2AF9, 0x2AF9, 0x2AF9,
  0x2AF9, 0x231B, 0x231B, 0x231B, 0x18E8, 0x18E8, 0x5339, 0x5339, 0x5339, 0x5339, 0x5339, 0x5339,
  0x5339, 0x5339, 0x5339, 0x5339, 0x18E8, 0x18E8, 0x18E8, 0x18E8, 0x18E8, 0x18E8, 0x18E8, 0x18E8,
  0x18E8, 0x18E8, 0x18E8, 0x18E8, 0x18E8, 0x18E8, 0x18E8, 0x18E8, 0x18E8, 0x18E8, 0x18E8, 0x18E8,
  0x231B, 0x231B, 0x18E4, 0x18E4, 0xFF95, 0xFF95, 0xFF95, 0xFF95, 0xFF95, 0xFF95, 0xFF95, 0xFF95,
  0xFF95, 0xFF95, 0xFF95, 0xFF95, 0xFF95, 0xFF95, 0xFF95, 0xFF95, 0xFF95, 0xFF95, 0xFF95, 0xFF95,
  0xFF95, 0xFF95, 0xFF95, 0xFF95, 0xFF95, 0xFF95, 0xFF95, 0xFF95, 0xFF95, 0xFF95, 0xFF95, 0xFF95,
  0x18E4, 0x18E4, 0xFCB2, 0xFCB2, 0xFCB2, 0x8022, 0xFCB2, 0xFCB2, 0xFCB2, 0x8022, 0xFCB2, 0xFCB2,
  0xFCB2, 0x8022, 0xFCB2, 0xFCB2, 0x8022, 0x8022, 0xFCB2, 0xFCB2, 0x8022, 0x8022, 0xFCB2, 0x4822,
  0xB4AB, 0xD58F, 0xD58F, 0xD58F, 0xD58F, 0xD58F, 0xD58F, 0xB4AB, 0xD58F, 0xD58F, 0xD58F, 0xD58F,
  0xD58F, 0xD58F, 0xB4AB, 0xD58F, 0xD58F, 0xD58F, 0xD58F, 0xD58F, 0x2924, 0x2924, 0x2924, 0x2924,
  0x2924, 0x2104, 0xD966, 0xD966, 0xD966, 0xD966, 0xD966, 0xD966, 0xD966, 0xD966, 0xF77D, 0xF77D,
  0xF77D, 0xF77D, 0xF77D, 0xF77D, 0xF77D, 0xF77D, 0xF77D, 0xF77D, 0xF77D, 0xD946, 0xD946, 0xD946,
  0xD946, 0xD946, 0xD946, 0xD946, 0xD946, 0xD946, 0xD946, 0xD946, 0xD946, 0xD946, 0xD946, 0xD946,
  0x31A7, 0x31A7, 0x31A7, 0x31A7, 0x31A7, 0x31A7, 0x31A7, 0x31A7, 0x31A7, 0x528C, 0x528C, 0x528C,
  0x528C, 0x4A8C, 0x4A8C, 0x4A8C, 0x4A8C, 0x4A8C, 0x4A8C, 0x4A8C, 0x4A8C, 0x4A8C, 0x4A8C, 0x4A8C,
  0x4A8C, 0x4A8C, 0x4A8C, 0x4A8C, 0x4A8C, 0x4A8C, 0x4A8C, 0x4A8C, 0x4A8C, 0x4A8C, 0x4A8C, 0x4A8C,
  0x4A8C, 0x4A8C, 0x4A8C, 0x4A8C, 0x4A8C, 0x4A8C, 0x4A8C, 0x4A8C, 0x4A8C, 0x4A8C, 0x4A8C, 0x4A8C,
  0x4A8C, 0x4A8C, 0x4A8C, 0x4A8C, 0x4A8C, 0x4A8C, 0x4A8C, 0x4A8C, 0x39E9, 0x4A8C, 0x4A8C, 0x4A8C,
  0xBDD7, 0xBDD7, 0xBDD7, 0xC145, 0xC145, 0xC145, 0xC145, 0xC145, 0xC145, 0xC145, 0xC145, 0xC145,
  0xC145, 0xC145, 0xC145, 0xC145, 0xC145, 0xC145, 0xC145, 0xC145, 0xC145, 0xC145, 0xC145, 0xC145,
  0xC145, 0xC145, 0xC145, 0xC145, 0xC145, 0xC145, 0xC145, 0xC145, 0xC145, 0xC145, 0xC145, 0xC145,
  0xC145, 0xC145, 0xC145, 0xC145, 0xC145, 0xC145, 0xC145, 0xC145, 0xC145, 0xC145, 0xBDD7, 0xBDD7,
  0xBDD7, 0xBDD7, 0xBDD7, 0xBDD7, 0xBDD7, 0xBDD7, 0xBDD7, 0xBDD7, 0xBDD7, 0x2105, 0x2105, 0x2105,
  0x2105, 0x2105, 0x2105, 0x2105, 0x2105, 0x2105, 0x2105, 0x2105, 0x2105, 0x2105, 0x2A96, 0x2A96,
  0x2A96, 0x2A96, 0x9CB1, 0x9CB1, 0xBDD7, 0xBDD7, 0xBDD7, 0xBDD7, 0xBDD7, 0xBDD7, 0xBDD7, 0xBDD7,
  0xD69A, 0xD69A, 0xD69A, 0x2A96, 0x2A96, 0x2A96, 0x22B8, 0x22B8, 0x543B, 0x543B, 0x543B, 0x543B,
  0x543B, 0x543B, 0x543B, 0x543B, 0x543B, 0x543B, 0x543B, 0x543B, 0x543B, 0x543B, 0x543B, 0x543B,
  0x543B, 0x543B, 0x543B, 0x543B, 0x543B, 0x543B, 0x543B, 0x543B, 0x543B, 0x543B, 0x543B, 0x543B,
  0x543B, 0x543B, 0x543B, 0x543B, 0x543B, 0x543B, 0x543B, 0x543B, 0x543B, 0x543B, 0x543B, 0x543B,
  0x543B, 0x543B, 0x543B, 0x543B, 0x543B, 0x543B, 0x543B, 0x543B, 0x543B, 0x543B, 0x18C3, 0x18C3,
  0xDE92, 0xDE92, 0xDE92, 0xDE92, 0xDE92, 0xDE92, 0xDE92, 0xDE92, 0xDE92, 0xDE92, 0xDE92, 0xDE92,
  0xDE92, 0xDE92, 0xDE92, 0xDE92, 0xDE92, 0xDE92, 0xDE92, 0xDE92, 0xDE92, 0xDE92, 0xDE92, 0xDE92,
  0xDE92, 0xDE92, 0xDE92, 0xDE92, 0xDE92, 0xDE92, 0xDE92, 0xDE92, 0x18C3, 0x18C3, 0xDC10, 0xDC10,
  0xDC10, 0x7022, 0xDC10, 0xDC10, 0xDC10, 0x7022, 0xDC10, 0xDC10, 0xDC10, 0x7022, 0xDC10, 0xDC10,
  0x7022, 0x7022, 0xDC10, 0xDC10, 0x7022, 0x7022, 0xDC10, 0x4021, 0xDD43, 0xB4CD, 0xB4CD, 0xB4CD,
  0xB4CD, 0xB4CD, 0x9C0A, 0xB4CD, 0xB4CD, 0xB4CD, 0xB4CD, 0xB4CD, 0xB4CD, 0x9C0A, 0xB4CD, 0xB4CD,
  0xB4CD, 0xB4CD, 0xB4CD, 0xB4CD, 0x9C0A, 0xB4CD, 0xB4CD, 0x2104, 0x2104, 0x20E4, 0x20E4, 0x20E4,
  0x20E4, 0x20E4, 0xB925, 0xB925, 0xB925, 0xB925, 0xD679, 0xD679, 0xD679, 0xD679, 0xD679, 0xD679,
  0xD679, 0xD679, 0xD679, 0xD679, 0xD679, 0xB925, 0xB925, 0xB925, 0xB925, 0xB925, 0xB925, 0xB925,
  0xB925, 0xB925, 0xB925, 0xB925, 0xB925, 0xB925, 0xB925, 0xB925, 0xD67A, 0xD67A, 0xD67A, 0xD67A,
  0xD67A, 0xD67A, 0x3166, 0x3166, 0x3166, 0x3166, 0x3166, 0x3166, 0x3166, 0x3166, 0x3166, 0x422A,
  0x422A, 0x422A, 0x422A, 0x422A, 0x422A, 0x422A, 0x422A, 0x422A, 0x422A, 0x422A, 0x422A, 0x422A,
  0x422A, 0x422A, 0x422A, 0x422A, 0x422A, 0x422A, 0x422A, 0x422A, 0x422A, 0x422A, 0x422A, 0x422A,
  0x422A, 0x422A, 0x422A, 0x422A, 0x422A, 0x422A, 0x422A, 0x422A, 0x422A, 0x422A, 0x422A, 0x422A,
  0x422A, 0x422A, 0x422A, 0x422A, 0x31A8, 0x422A, 0x422A, 0x422A, 0xD6BB, 0xD6BB, 0xD6BB, 0xD966,
  0xD966, 0xD966, 0xD966, 0xD966, 0xD966, 0xD966, 0xD966, 0xD966, 0xD966, 0xD966, 0xD966, 0xD966,
  0xD966, 0xD966, 0xD966, 0xD966, 0xD966, 0xD966, 0xD966, 0xD966, 0xD966, 0xD966, 0xD966, 0xD966,
  0xD966, 0xD966, 0xD966, 0xD966, 0xD966, 0xD966, 0xD966, 0xD966, 0xD966, 0xD966, 0xD966, 0xD966,
  0xD966, 0xD966, 0xD966, 0xD966, 0xD966, 0xD966, 0xD6BB, 0xD6BB, 0xD6BB, 0xD6BB, 0xD6BB, 0xD6BB,
  0xD6BB, 0xD6BA, 0xD6BA, 0xD6BA, 0xD6BA, 0x2945, 0x2945, 0x2945, 0x2945, 0x2945, 0x2945, 0x2945,
  0x2945, 0x2945, 0x3319, 0x3319, 0x3319, 0x3319, 0xB574, 0xB574, 0x630D, 0xD6BB, 0xD6BB, 0xD6BB,
  0xD6BB, 0xD6BB, 0xD6BB, 0xD6BB, 0xF79E, 0xF79E, 0xF79E, 0xF79E, 0xF79E, 0xF79E, 0xF79E, 0x2AF9,
  0x2AF9, 0x2AF9, 0x231B, 0x231B, 0x64FF, 0x64FF, 0x64FF, 0x64FF, 0x64FF, 0x64FF, 0x64FF, 0x64FF,
  0x64FF, 0x64FF, 0x64FF, 0x64FF, 0x64FF, 0x64FF, 0x64FF, 0x64FF, 0x64FF, 0x64FF, 0x64FF, 0x64FF,
  0x64FF, 0x64FF, 0x64FF, 0x64FF, 0x64FF, 0x64FF, 0x64FF, 0x64FF, 0x64FF, 0x64FF, 0x64FF, 0x64FF,
  0x64FF, 0x64FF, 0x64FF, 0x64FF, 0x64FF, 0x64FF, 0x64FF, 0x64FF, 0x64FF, 0x64FF, 0x64FF, 0x64FF,
  0x64FF, 0x64FF, 0x64FF, 0x64FF, 0x64FF, 0x64FF, 0x18E4, 0x18E4, 0xFD40, 0xFD40, 0xFD40, 0xFD40,
  0xFD40, 0xFD40, 0xFD40, 0xFD40, 0xFD40, 0xFD40, 0xFD40, 0xFD40, 0xFD40, 0xFD40, 0xFD40, 0xFD40,
  0xFEA8, 0xFEA8, 0xFEA8, 0xFEA8, 0xFEA8, 0xFEA8, 0xFEA8, 0xFEA8, 0xFEA8, 0xFEA8, 0xFEA8, 0xFEA8,
  0xFEA8, 0xFEA8, 0xFEA8, 0xFEA8, 0x18E4, 0x18E4, 0xF926, 0xF926, 0xF926, 0x8022, 0xF926, 0xF926,
  0xF926, 0x8022, 0xF926, 0xF926, 0xF926, 0x8022, 0xF926, 0xF926, 0x8022, 0x8022, 0xF926, 0xF926,
  0x8022, 0x8022, 0xF926, 0x4822, 0xFE23, 0xD58F, 0xD58F, 0xD58F, 0xD58F, 0xB4AB, 0xD58F, 0xD58F,
  0xD58F, 0xD58F, 0xD58F, 0xD58F, 0xB4AB, 0xD58F, 0xD58F, 0xD58F, 0xD58F, 0xD58F, 0xD58F, 0xB4AB,
  0xD58F, 0xD58F, 0xD58F, 0xD58F, 0xD58F, 0x2104, 0x2104, 0x2104, 0x2104, 0x2104, 0x2104, 0x2104,
  0x2104, 0x2104, 0x2104, 0xF77D, 0xF77D, 0xF77D, 0xF77D, 0xF77D, 0xF77D, 0xF77D, 0xF77D, 0xF77D,
  0xF77D, 0xD946, 0xD946, 0xD946, 0xD946, 0xD946, 0xD946, 0xD946, 0xD946, 0xD946, 0xD946, 0xD946,
  0xD946, 0xD946, 0xD946, 0xD946, 0xF77E, 0xF77E, 0xF77E, 0xF77E, 0xF77E, 0xF77E, 0xF77E, 0xF77E,
  0xF77E, 0xF77E, 0xF77E, 0x31A7, 0x31A7, 0x31A7, 0x31A7, 0x31A7, 0x31A7, 0x31A7, 0x31A7, 0x31A7,
  0x4A8C, 0x4A8C, 0x4A8C, 0x4A8C, 0x4A8C, 0x4A8C, 0x4A8C, 0x4A8C, 0x4A8C, 0x4A8C, 0x4A8C, 0x4A8C,
  0x4A8C, 0x4A8C, 0x4A8C, 0x4A8C, 0x4A8C, 0x4A8C, 0x4A8C, 0x4A8C, 0x4A8C, 0x4A8C, 0x4A8C, 0x4A8C,
  0x4A8C, 0x4A8C, 0x4A8C, 0x4A8C, 0x4A8C, 0x4A8C, 0x4A8C, 0x4A8C, 0x4A8C, 0x4A8C, 0x4A8C, 0x4A8C,
  0x39E9, 0x4A8C, 0x4A8C, 0x4A8C, 0xBDD7, 0xBDD7, 0xBDD7, 0xC145, 0xC145, 0xC145, 0xC145, 0xC145,
  0xC145, 0xC145, 0xC145, 0xC145, 0xC145, 0xC145, 0xC145, 0xC145, 0xC145, 0xC145, 0xC145, 0xC145,
  0xC145, 0xC145, 0xC145, 0xC145, 0xC145, 0xC145, 0xC145, 0xC145, 0xC145, 0xC145, 0xC145, 0xC145,
  0xC145, 0xC145, 0xC145, 0xC145, 0xC145, 0xC145, 0xC145, 0xC145, 0xC145, 0xC145, 0xC145, 0xC145,
  0xC145, 0xC145, 0xBDD7, 0xBDD7, 0xBDD7, 0xBDD7, 0xBDD7, 0xBDD7, 0xBDD7, 0xBDD7, 0xBDD7, 0xBDD7,
  0xBDD7, 0x2105, 0x2105, 0x2105, 0x2105, 0x2105, 0x2A96, 0x2A96, 0x2A96, 0x2A96, 0x9CB1, 0x9CB1,
  0x9CB1, 0xBDD7, 0xBDD7, 0xBDD7, 0xBDD7, 0xBDD7, 0xBDD7, 0xBDD7, 0xBDD7, 0xD69A, 0xD69A, 0xD69A,
  0xD69A, 0xD69A, 0xD69A, 0xD69A, 0xD69A, 0xD69A, 0xD69A, 0x2A96, 0x2A96, 0x2A96, 0x22B8, 0x22B8,
  0x1083, 0x1083, 0x1083, 0x1083, 0x1083, 0x1083, 0x1083, 0x1083, 0x1083, 0x1083, 0x1083, 0x1083,
  0x1083, 0x1083, 0x1083, 0x1083, 0x1083, 0x1083, 0x1083, 0x1083, 0x1083, 0x1083, 0x1083, 0x1083,
  0x1083, 0x1083, 0x1083, 0x1083, 0x1083, 0x1083, 0x1083, 0x1083, 0x1083, 0x1083, 0x1083, 0x1083,
  0x1083, 0x1083, 0x1083, 0x1083, 0x1083, 0x1083, 0x1083, 0x1083, 0x1083, 0x1083, 0x1083, 0x1083,
  0x1083, 0x1083, 0x18C3, 0x18C3, 0xDC80, 0xDC80, 0xDC80, 0xDC80, 0xDC80, 0xDC80, 0xDC80, 0xDC80,
  0xDC80, 0xDC80, 0xDC80, 0xDC80, 0xDC80, 0xDC80, 0xDC80, 0xDC80, 0xDDC7, 0xDDC7, 0xDDC7, 0xDDC7,
  0xDDC7, 0xDDC7, 0xDDC7, 0xDDC7, 0xDDC7, 0xDDC7, 0xDDC7, 0xDDC7, 0xDDC7, 0xDDC7, 0xDDC7, 0xDDC7,
  0x18C3, 0x18C3, 0x4021, 0x4021, 0x4021, 0x4021, 0x4021, 0x4021, 0x4021, 0x4021, 0x4021, 0x4021,
  0x4021, 0x4021, 0x4021, 0x4021, 0x4021, 0x4021, 0x4021, 0x4021, 0x4021, 0x4021, 0x4021, 0x4021,
  0xDD43, 0xB4CD, 0xB4CD, 0xB4CD, 0x9C0A, 0xB4CD, 0xB4CD, 0xB4CD, 0xB4CD, 0xB4CD, 0xB4CD, 0x9C0A,
  0xB4CD, 0xB4CD, 0xB4CD, 0xB4CD, 0xB4CD, 0xB4CD, 0x9C0A, 0xB4CD, 0xB4CD, 0xB4CD, 0xB4CD, 0xB4CD,
  0xB4CD, 0x9C0A, 0xB4CD, 0xB4CD, 0x20E4, 0x20E4, 0x20E4, 0x20E4, 0x20E4, 0x20E4, 0x20E4, 0x20E4,
  0x20E4, 0x20E4, 0xD679, 0xD679, 0xD679, 0xD679, 0xD679, 0xD679, 0xD679, 0xB925, 0xB925, 0xB925,
  0xB925, 0xB925, 0xB925, 0xB925, 0xB925, 0xB925, 0xB925, 0xB925, 0xB925, 0xB925, 0xB925, 0xB925,
  0xD67A, 0xD67A, 0xD67A, 0xD67A, 0xD67A, 0xD67A, 0xD67A, 0xD67A, 0xD67A, 0xD67A, 0xD67A, 0xD67A,
  0xD67A, 0xD67A, 0xD67A, 0xD67A, 0xD67A, 0x3166, 0x3166, 0x3166, 0x3166, 0x3166, 0x3166, 0x3166,
  0x3166, 0x3166, 0x422A, 0x422A, 0x422A, 0x422A, 0x422A, 0x422A, 0x422A, 0x422A, 0x422A, 0x422A,
  0x422A, 0x422A, 0x422A, 0x422A, 0x422A, 0x422A, 0x422A, 0x422A, 0x422A, 0x422A, 0x422A, 0x422A,
  0x422A, 0x422A, 0x422A, 0x422A, 0x422A, 0x422A, 0x422A, 0x422A, 0x31A8, 0x422A, 0x422A, 0x422A,
  0xD6BB, 0xD6BB, 0xD6BB, 0xD966, 0xD966, 0xD966, 0xD966, 0xD966, 0xD966, 0xD966, 0xD966, 0xD966,
  0xD966, 0xD966, 0xD966, 0xD966, 0xD966, 0xD966, 0xD966, 0xD966, 0xD966, 0xD966, 0xD966, 0xD966,
  0xD966, 0xD966, 0xD966, 0xD966, 0xD966, 0xD966, 0xD966, 0xD966, 0xD966, 0xD966, 0xD966, 0xD966,
  0xD966, 0xD966, 0xD966, 0xD966, 0xD966, 0xD966, 0xD966, 0xD966, 0xD966, 0x2125, 0xD6BB, 0xD6BB,
  0xD6BB, 0xD6BB, 0xD6BB, 0xD6BB, 0xD6BB, 0xD6BA, 0xD6BA, 0xD6BA, 0xD6BA, 0x2945, 0x3319, 0x3319,
  0x3319, 0x3319, 0xB574, 0xB574, 0xB574, 0x630D, 0xD6BB, 0xD6BB, 0xD6BB, 0xD6BB, 0xD6BB, 0xD6BB,
  0xD6BB, 0xD6BB, 0xF79E, 0xF79E, 0xF79E, 0xF79E, 0xF79E, 0xF79E, 0xF79E, 0xF79E, 0xF79E, 0xF79E,
  0xF79E, 0xF79E, 0xF79E, 0x2AF9, 0x2AF9, 0x2AF9, 0x231B, 0x231B, 0x10A3, 0x10A3, 0x10A3, 0x10A3,
  0x10A3, 0x10A3, 0x10A3, 0x10A3, 0x10A3, 0x10A3, 0x10A3, 0x10A3, 0x10A3, 0x10A3, 0x10A3, 0x10A3,
  0x10A3, 0x10A3, 0x10A3, 0x10A3, 0x10A3, 0x10A3, 0x10A3, 0x10A3, 0x10A3, 0x10A3, 0x10A3, 0x10A3,
  0x10A3, 0x10A3, 0x10A3, 0x10A3, 0x10A3, 0x10A3, 0x10A3, 0x10A3, 0x10A3, 0x10A3, 0x10A3, 0x10A3,
  0x10A3, 0x10A3, 0x10A3, 0x10A3, 0x10A3, 0x10A3, 0x10A3, 0x10A3, 0x10A3, 0x10A3, 0x18E4, 0x18E4,
  0xFD40, 0xFD40, 0xFD40, 0xFD40, 0xFD40, 0xFD40, 0xFD40, 0xFD40, 0xFD40, 0xFD40, 0xFD40, 0xFD40,
  0xFD40, 0xFD40, 0xFD40, 0xFD40, 0xFEA8, 0xFEA8, 0xFEA8, 0xFEA8, 0xFEA8, 0xFEA8, 0xFEA8, 0xFEA8,
  0xFEA8, 0xFEA8, 0xFEA8, 0xFEA8, 0xFEA8, 0xFEA8, 0xFEA8, 0xFEA8, 0x18E4, 0x18E4, 0xF77D, 0xF77D,
  0xF77D, 0xF77D, 0xF77D, 0xF77D, 0xF77D, 0xF77D, 0xFE23, 0xFE23, 0xFE23, 0xFE23, 0xFE23, 0xFE23,
  0xFE23, 0xFE23, 0xFE23, 0xFE23, 0xFE23, 0xFE23, 0xFE23, 0xFE23, 0xFE23, 0xD58F, 0xD58F, 0xB4AB,
  0xD58F, 0xD58F, 0xD58F, 0xD58F, 0xD58F, 0xD58F, 0xB4AB, 0xD58F, 0xD58F, 0xD58F, 0xD58F, 0xD58F,
  0xD58F, 0xB4AB, 0xD58F, 0xD58F, 0xD58F, 0xD58F, 0xD58F, 0xD58F, 0xB4AB, 0xD58F, 0xD58F, 0xD58F,
  0xD58F, 0xD58F, 0xD58F, 0x2104, 0x2104, 0x2104, 0x2104, 0x2104, 0x2104, 0x2104, 0x2104, 0x2104,
  0xF77D, 0xF77D, 0xF77D, 0xF77D, 0xF77D, 0xD946, 0xD946, 0xD946, 0xD946, 0xD946, 0xD946, 0xD946,
  0xD946, 0xD946, 0xD946, 0xD946, 0xD946, 0xD946, 0xD946, 0xD946, 0xF77E, 0xF77E, 0xF77E, 0xF77E,
  0xF77E, 0xF77E, 0xF77E, 0xF77E, 0xF77E, 0xF77E, 0xF77E, 0xF77E, 0xF77E, 0xF77E, 0xF77E, 0xF77E,
  0xF77E, 0xF77E, 0xF77E, 0xF77E, 0xF77E, 0xF77E, 0x31A7, 0x31A7, 0x31A7, 0x31A7, 0x31A7, 0x31A7,
  0x31A7, 0x31A7, 0x31A7, 0x31A7, 0x4A8C, 0x4A8C, 0x4A8C, 0x4A8C, 0x4A8C, 0x4A8C, 0x4A8C, 0x4A8C,
  0x4A8C, 0x4A8C, 0x4A8C, 0x4A8C, 0x4A8C, 0x4A8C, 0x4A8C, 0x4A8C, 0x4A8C, 0x4A8C, 0x4A8C, 0x4A8C,
  0x4A8C, 0x4A8C, 0x4A8C, 0x4A8C, 0x39E9, 0x4A8C, 0x4A8C, 0x4A8C, 0xBDD7, 0xBDD7, 0xBDD7, 0xC145,
  0xC145, 0xC145, 0xC145, 0xC145, 0xC145, 0xC145, 0xC145, 0xC145, 0xC145, 0xC145, 0xC145, 0xC145,
  0xC145, 0xC145, 0xC145, 0xC145, 0xC145, 0xC145, 0xC145, 0xC145, 0xC145, 0xC145, 0xC145, 0xC145,
  0xC145, 0xC145, 0xC145, 0xC145, 0xC145, 0xC145, 0xC145, 0xC145, 0xC145, 0xC145, 0xC145, 0xC145,
  0xC145, 0x2104, 0x2104, 0x2104, 0x2104, 0x2104, 0xBDD7, 0xBDD7, 0xBDD7, 0xBDD7, 0xBDD7, 0xBDD7,
  0xBDD7, 0xBDD7, 0xBDD7, 0xBDD7, 0xBDD7, 0x2A96, 0x9CB1, 0x9CB1, 0x9CB1, 0x528B, 0xBDD7, 0xBDD7,
  0xBDD7, 0xBDD7, 0xBDD7, 0xBDD7, 0xBDD7, 0xBDD7, 0xD69A, 0xD69A, 0xD69A, 0xD69A, 0xD69A, 0xD69A,
  0xD69A, 0xD69A, 0xD69A, 0xD69A, 0xD69A, 0xD69A, 0xD69A, 0xD69A, 0xD69A, 0xD69A, 0xD69A, 0x2A96,
  0x2A96, 0x2A96, 0x22B8, 0x22B8, 0x1083, 0x1083, 0x1083, 0x1083, 0x1083, 0x1083, 0x1083, 0x1083,
  0x1083, 0x1083, 0x1083, 0x1083, 0x1083, 0x1083, 0x1083, 0x1083, 0x1083, 0x1083, 0x1083, 0x1083,
  0x1083, 0x1083, 0x1083, 0x1083, 0x1083, 0x1083, 0x1083, 0x1083, 0x1083, 0x1083, 0x1083, 0x1083,
  0x1083, 0x1083, 0x1083, 0x1083, 0x1083, 0x1083, 0x1083, 0x1083, 0x1083, 0x1083, 0x1083, 0x1083,
  0x1083, 0x1083, 0x1083, 0x1083, 0x1083, 0x1083, 0x18C3, 0x18C3, 0x18C3, 0x18C3, 0x18C3, 0x18C3,
  0x18C3, 0x18C3, 0x18C3, 0x18C3, 0x18C3, 0x18C3, 0x18C3, 0x18C3, 0x18C3, 0x18C3, 0x18C3, 0x18C3,
  0x18C3, 0x18C3, 0x18C3, 0x18C3, 0x18C3, 0x18C3, 0x18C3, 0x18C3, 0x18C3, 0x18C3, 0x18C3, 0x18C3,
  0x18C3, 0x18C3, 0x18C3, 0x18C3, 0x18C3, 0x18C3, 0x18A3, 0x18A3, 0x18A3, 0x18A3, 0x18A3, 0x18A3,
  0x18A3, 0xD679, 0xDD43, 0xDD43, 0xDD43, 0xDD43, 0xDD43, 0xDD43, 0xDD43, 0xDD43, 0xDD43, 0xDD43,
  0xDD43, 0xDD43, 0xDD43, 0xDD43, 0xDD43, 0xDD43, 0x9C0A, 0xB4CD, 0xB4CD, 0xB4CD, 0xB4CD, 0xB4CD,
  0xB4CD, 0x9C0A, 0xB4CD, 0xB4CD, 0xB4CD, 0xB4CD, 0xB4CD, 0xB4CD, 0x9C0A, 0xB4CD, 0xB4CD, 0xB4CD,
  0xB4CD, 0xB4CD, 0xB4CD, 0x9C0A, 0xB4CD, 0xB4CD, 0xB4CD, 0xB4CD, 0xB4CD, 0xB4CD, 0x9C0A, 0xB4CD,
  0xB4CD, 0xB4CD, 0x20E4, 0x20E4, 0x20E4, 0x20E4, 0x20E4, 0x20E4, 0x20E4, 0x20E4, 0x20E4, 0xD679,
  0xD679, 0xB925, 0xB925, 0xB925, 0xB925, 0xB925, 0xB925, 0xB925, 0xB925, 0xB925, 0xB925, 0xB925,
  0xB925, 0xB925, 0xB925, 0xB925, 0xD67A, 0xD67A, 0xD67A, 0xD67A, 0xD67A, 0xD67A, 0xD67A, 0xD67A,
  0xD67A, 0xD67A, 0xD67A, 0xD67A, 0xD67A, 0xD67A, 0xD67A, 0xD67A, 0xD67A, 0xD67A, 0xD67A, 0xD67A,
  0xD67A, 0xD67A, 0xB905, 0xB905, 0xB905, 0xB905, 0xB905, 0x2966, 0x2966, 0x2966, 0x2966, 0x2966,
  0x2966, 0x2966, 0x2966, 0x2966, 0x2966, 0x422A, 0x422A, 0x422A, 0x422A, 0x422A, 0x422A, 0x422A,
  0x422A, 0x422A, 0x422A, 0x422A, 0x422A, 0x422A, 0x422A, 0x422A, 0x422A, 0x422A, 0x422A, 0x422A,
  0x31A8, 0x422A, 0x422A, 0x422A, 0xD6BB, 0xD6BB, 0xD6BB, 0xD966, 0xD966, 0xD966, 0xD966, 0xD966,
  0xD966, 0xD966, 0xD966, 0xD966, 0xD966, 0xD966, 0xD966, 0xD966, 0xD966, 0xD966, 0xD966, 0xD966,
  0xD966, 0xD966, 0xD966, 0xD966, 0xD966, 0xD966, 0xD966, 0xD966, 0xD966, 0xD966, 0xD966, 0xD966,
  0xD966, 0xD966, 0xD966, 0xD966, 0xD966, 0x2125, 0x2125, 0x2125, 0x2125, 0x2125, 0x2125, 0x2125,
  0x2125, 0x2125, 0xD6BB, 0xD6BB, 0xD6BB, 0xD6BB, 0xD6BB, 0xD6BB, 0xD6BB, 0xB574, 0xB574, 0xB574,
  0xB574, 0x62ED, 0x62ED, 0xD6BB, 0xD6BB, 0xD6BB, 0xD6BB, 0xD6BB, 0xD6BB, 0xD6BB, 0xD6BB, 0xF79E,
  0xF79E, 0xF79E, 0xF79E, 0xF79E, 0xF79E, 0xF79E, 0xF79E, 0xF79E, 0xF79E, 0xF79E, 0xF79E, 0xF79E,
  0xF79E, 0xF79E, 0xF79E, 0xF79E, 0xF79E, 0xF79E, 0xF79E, 0x2AF9, 0x2AF9, 0x2AF9, 0x231B, 0x231B,
  0x2AF9, 0x2AF9, 0x2AF9, 0x2946, 0x2946, 0x2946, 0x2946, 0x2946, 0xC5F8, 0x8C31, 0x231B, 0x231B,
  0x231B, 0x1191, 0x1191, 0x1191, 0x5339, 0x5339, 0x5339, 0x5339, 0x5339, 0x5339, 0x5339, 0x5339,
  0x18E8, 0x18E8, 0x18E8, 0x18E8, 0x18E8, 0x18E8, 0x18E8, 0x18E8, 0x18E8, 0x18E8, 0x18E8, 0x18E8,
  0x18E8, 0x18E8, 0x18E8, 0xEF7E, 0xEF7E, 0xEF7E, 0xEF7E, 0xEF7E, 0xEF7E, 0xEF7E, 0xEF7E, 0xEF7E,
  0xEF7E, 0xEF7E, 0x18E4, 0x18E4, 0x18E4, 0x18E4, 0x18E4, 0x18E4, 0x18E4, 0x18E4, 0x18E4, 0x18E4,
  0x18E4, 0x18E4, 0x18E4, 0x18E4, 0x18E4, 0x18E4, 0x18E4, 0x18E4, 0x18E4, 0x18E4, 0x18E4, 0x18E4,
  0x18E4, 0x18E4, 0x18E4, 0x18E4, 0x18E4, 0x18E4, 0x18E4, 0x18E4, 0x18E4, 0x18E4, 0x18E4, 0x18E4,
  0x18E4, 0x18E4, 0xEF7E, 0xEF7E, 0xEF7E, 0xEF7E, 0xEF7E, 0xEF7E, 0xEF7E, 0xEF7E, 0xEF7E, 0xEF7E,
  0xEF7E, 0xFE23, 0xFE23, 0xFE23, 0xFE23, 0xFE23, 0xFE23, 0xFE23, 0xFE23, 0xFE23, 0xFE23, 0xFE23,
  0xFE23, 0xFE23, 0xF79E, 0xD58F, 0xD58F, 0xD58F, 0xD58F, 0xD58F, 0xB4AB, 0xD58F, 0xD58F, 0xD58F,
  0xD58F, 0xD58F, 0xD58F, 0xB4AB, 0xD58F, 0xD58F, 0xD58F, 0xD58F, 0xD58F, 0xD58F, 0xB4AB, 0xD58F,
  0xD58F, 0xD58F, 0xD58F, 0xD58F, 0xD58F, 0xB4AB, 0xD58F, 0xD58F, 0xD58F, 0xD58F, 0xD58F, 0xD58F,
  0xB4AB, 0x2104, 0x2104, 0x2104, 0x2104, 0x2104, 0x2104, 0x2104, 0x2104, 0x2104, 0xD946, 0xD946,
  0xD946, 0xD946, 0xD946, 0xD946, 0xD946, 0xD946, 0xD946, 0xD946, 0xD946, 0xD946, 0xD946, 0xD946,
  0xF77E, 0xF77E, 0xF77E, 0xF77E, 0xF77E, 0xF77E, 0xF77E, 0xF77E, 0xF77E, 0xF77E, 0xF77E, 0xF77E,
  0xF77E, 0xF77E, 0xF77E, 0xF77E, 0xF77E, 0xF77E, 0xF77E, 0xF77E, 0xF77E, 0xF77E, 0xD946, 0xD946,
  0xD946, 0xD946, 0xD946, 0xD946, 0xD946, 0xD946, 0xD946, 0x31A7, 0x31A7, 0x31A7, 0x31A7, 0x31A7,
  0x31A7, 0x31A7, 0x31A7, 0x31A7, 0x31A7, 0x31A7, 0x4A8C, 0x4A8C, 0x4A8C, 0x4A8C, 0x4A8C, 0x4A8C,
  0x4A8C, 0x4A8C, 0x4A8C, 0x4A8C, 0x4A8C, 0x4A8C, 0x4A8C, 0x4A8C, 0x39E9, 0x4A8C, 0x4A8C, 0x4A8C,
  0xBDD7, 0xBDD7, 0xBDD7, 0xC145, 0xC145, 0xC145, 0xC145, 0xC145, 0xC145, 0xC145, 0xC145, 0xC145,
  0xC145, 0xC145, 0xC145, 0xC145, 0xC145, 0xC145, 0xC145, 0xC145, 0xC145, 0xC145, 0xC145, 0xC145,
  0xC145, 0xC145, 0xC145, 0xC145, 0xC145, 0xC145, 0xC145, 0xC145, 0x2104, 0x2104, 0x2104, 0x2104,
  0x2104, 0x2104, 0x2104, 0x2104, 0x2104, 0x2104, 0x2104, 0x2104, 0x2104, 0x2104, 0xBDD7, 0xBDD7,
  0xBDD7, 0x9CB1, 0x9CB1, 0x9CB1, 0x9CB1, 0x9CB1, 0x528B, 0xBDD7, 0xBDD7, 0xBDD7, 0xBDD7, 0xBDD7,
  0xBDD7, 0xBDD7, 0xBDD7, 0xD69A, 0xD69A, 0xD69A, 0xD69A, 0xD69A, 0xD69A, 0xD69A, 0xD69A, 0xD69A,
  0xD69A, 0xD69A, 0xD69A, 0xD69A, 0xD69A, 0xD69A, 0xD69A, 0xD69A, 0xD69A, 0xD69A, 0xD69A, 0xD69A,
  0xD69A, 0xD69A, 0xD69A, 0x2A96, 0x2A96, 0x2A96, 0x22B8, 0x22B8, 0x2A96, 0x2125, 0x2125, 0x2125,
  0x2125, 0x2125, 0xA535, 0x738F, 0x738F, 0x738F, 0x22B8, 0x22B8, 0x22B8, 0x116F, 0x116F, 0x116F,
  0x18C7, 0x18C7, 0x18C7, 0x18C7, 0x18C7, 0x18C7, 0x18C7, 0x18C7, 0x18C7, 0x18C7, 0x18C7, 0x18C7,
  0x18C7, 0x18C7, 0x18C7, 0x18C7, 0x18C7, 0x18C7, 0x18C7, 0x18C7, 0x18C7, 0x18C7, 0x18C7, 0xCE7A,
  0xCE7A, 0xCE7A, 0xCE7A, 0xCE7A, 0xCE7A, 0xCE7A, 0xCE7A, 0xCE7A, 0xCE7A, 0xCE7A, 0xCE7A, 0xCE7A,
  0xCE7A, 0xCE7A, 0xCE7A, 0xCE7A, 0xCE7A, 0xCE7A, 0xCE7A, 0xCE7A, 0xCE7A, 0xCE7A, 0xCE7A, 0xCE7A,
  0xCE7A, 0xCE7A, 0xCE7A, 0xCE7A, 0xCE7A, 0xCE7A, 0xCE7A, 0xCE7A, 0xCE7A, 0xCE7A, 0xCE7A, 0xCE7A,
  0xCE7A, 0xCE7A, 0xCE7A, 0xCE7A, 0xCE7A, 0xCE7A, 0xCE7A, 0xCE7A, 0xCE7A, 0xCE7A, 0xCE7A, 0xCE7A,
  0xCE7A, 0xCE7A, 0xCE7A, 0xCE7A, 0xCE7A, 0xCE7A, 0xCE7A, 0xCE7A, 0xCE7A, 0xDD43, 0xDD43, 0xDD43,
  0xDD43, 0xDD43, 0xDD43, 0xDD43, 0xDD43, 0xDD43, 0xDD43, 0xDD43, 0xDD43, 0xDD43, 0xC105, 0xC105,
  0xC105, 0xB4CD, 0xB4CD, 0x9C0A, 0xB4CD, 0xB4CD, 0xB4CD, 0xB4CD, 0xB4CD, 0xB4CD, 0x9C0A, 0xB4CD,
  0xB4CD, 0xB4CD, 0xB4CD, 0xB4CD, 0xB4CD, 0x9C0A, 0xB4CD, 0xB4CD, 0xB4CD, 0xB4CD, 0xB4CD, 0xB4CD,
  0x9C0A, 0xB4CD, 0xB4CD, 0xB4CD, 0xB4CD, 0xB4CD, 0xB4CD, 0x9C0A, 0xB4CD, 0xB4CD, 0xB4CD, 0xB4CD,
  0x20E4, 0x20E4, 0x20E4, 0x20E4, 0x20E4, 0x18E4, 0x18E4, 0x18E4, 0x18E4, 0xB925, 0xB925, 0xB925,
  0xB925, 0xB925, 0xB925, 0xB925, 0xB925, 0xB925, 0xB925, 0xB925, 0xD67A, 0xD67A, 0xD67A, 0xD67A,
  0xD67A, 0xD67A, 0xD67A, 0xD67A, 0xD67A, 0xD67A, 0xD67A, 0xD67A, 0xD67A, 0xD67A, 0xD67A, 0xD67A,
  0xD67A, 0xD67A, 0xD67A, 0xD67A, 0xD67A, 0xD67A, 0xB905, 0xB905, 0xB905, 0xB905, 0xB905, 0xB905,
  0xB905, 0xB905, 0xB905, 0xB905, 0xB905, 0xB905, 0xB905, 0xB905, 0x2966, 0x2966, 0x2966, 0x2966,
  0x2966, 0x2966, 0x2966, 0x2966, 0x2966, 0x2966, 0x2966, 0x422A, 0x422A, 0x422A, 0x422A, 0x422A,
  0x422A, 0x422A, 0x422A, 0x422A, 0x31A8, 0x422A, 0x422A, 0x422A, 0xD6BB, 0xD6BB, 0xD6BB, 0xD966,
  0xD966, 0xD966, 0xD966, 0xD966, 0xD966, 0xD966, 0xD966, 0xD966, 0xD966, 0xD966, 0xD966, 0xD966,
  0xD966, 0xD966, 0xD966, 0xD966, 0xD966, 0xD966, 0xD966, 0xD966, 0xD966, 0xD966, 0xD966, 0xD966,
  0x2125, 0x2125, 0x2125, 0x2125, 0x2125, 0x2125, 0x2125, 0x2125, 0x2125, 0x2125, 0x2125, 0x2125,
  0x2125, 0x2125, 0xD966, 0xD966, 0xD966, 0xD966, 0xB574, 0xB574, 0xB574, 0xB574, 0x62ED, 0x62ED,
  0xD6BB, 0xD6BB, 0xD6BB, 0xD6BB, 0xD6BB, 0xD6BB, 0xD6BB, 0xD6BB, 0xF79E, 0xF79E, 0xF79E, 0xF79E,
  0xF79E, 0xF79E, 0xF79E, 0xF79E, 0xF79E, 0xF79E, 0xF79E, 0xF79E, 0xF79E, 0xF79E, 0xF79E, 0xF79E,
  0xF79E, 0xF79E, 0xF79E, 0xF79E, 0xF79E, 0xF79E, 0xF79E, 0xF79E, 0xF79E, 0xF79E, 0xF79E, 0x2AF9,
  0x2AF9, 0x2AF9, 0x231B, 0x231B, 0x2946, 0x2946, 0x2946, 0x2946, 0xC5F8, 0x8431, 0x8431, 0x8431,
  0x8431, 0x231B, 0x231B, 0x231B, 0x18E8, 0x1191, 0x1191, 0x1191, 0x18E8, 0x18E8, 0x18E8, 0x18E8,
  0x18E8, 0x18E8, 0x18E8, 0x18E8, 0x18E8, 0x18E8, 0x18E8, 0x18E8, 0x18E8, 0x18E8, 0x18E8, 0x18E8,
  0x18E8, 0x18E8, 0x18E8, 0x18E8, 0x18E8, 0x18E8, 0xEF7E, 0xEF7E, 0xEF7E, 0xEF7E, 0xEF7E, 0xEF7E,
  0xEF7E, 0xEF7E, 0xEF7E, 0xEF7E, 0xEF7E, 0xEF7E, 0xEF7E, 0xEF7E, 0xEF7E, 0xEF7E, 0xEF7E, 0xEF7E,
  0xEF7E, 0xEF7E, 0xEF7E, 0xEF7E, 0xEF7E, 0xEF7E, 0xEF7E, 0xEF7E, 0xEF7E, 0xEF7E, 0xEF7E, 0xEF7E,
  0xEF7E, 0xEF7E, 0xEF7E, 0xEF7E, 0xEF7E, 0xEF7E, 0xEF7E, 0xEF7E, 0xEF7E, 0xEF7E, 0xEF7E, 0xEF7E,
  0xEF7E, 0xEF7E, 0xEF7E, 0xEF7E, 0xEF7E, 0xEF7E, 0xEF7E, 0xEF7E, 0xEF7E, 0xEF7E, 0xEF7E, 0xEF7E,
  0xEF7E, 0xEF7E, 0xEF7E, 0xEF7E, 0xEF7E, 0xEF7E, 0x4A4A, 0x4A4A, 0x18E4, 0x18E4, 0x18E4, 0x18E4,
  0xABC0, 0xABC0, 0xABC0, 0xABC0, 0xABC0, 0xFE23, 0xD925, 0xD925, 0xD925, 0xD925, 0xD925, 0xD58F,
  0xD58F, 0xD58F, 0xD58F, 0xD58F, 0xD58F, 0xB4AB, 0xD58F, 0xD58F, 0xD58F, 0xD58F, 0xD58F, 0xD58F,
  0xB4AB, 0xD58F, 0xD58F, 0xD58F, 0xD58F, 0xD58F, 0xD58F, 0xB4AB, 0xD58F, 0xD58F, 0xD58F, 0xD58F,
  0xD58F, 0xD58F, 0xB4AB, 0xD58F, 0xD58F, 0xD58F, 0xD58F, 0xD58F, 0xD58F, 0xB4AB, 0x2104, 0x2104,
  0x2104, 0x2104, 0x2104, 0x2104, 0x2104, 0x2104, 0x2104, 0x2104, 0xD946, 0xD946, 0xD946, 0xD946,
  0xD946, 0xD946, 0xD946, 0xD946, 0xF77E, 0xF77E, 0xF77E, 0xF77E, 0xF77E, 0xF77E, 0xF77E, 0xF77E,
  0xF77E, 0xF77E, 0xF77E, 0xF77E, 0xF77E, 0xF77E, 0xF77E, 0xF77E, 0xF77E, 0xF77E, 0xF77E, 0xF77E,
  0xF77E, 0xF77E, 0xD946, 0xD946, 0xD946, 0xD946, 0xD946, 0xD946, 0xD946, 0xD946, 0xD946, 0xD946,
  0xD946, 0xD946, 0xD946, 0xD946, 0xD946, 0xD946, 0xD946, 0xD946, 0xD946, 0x31A7, 0x31A7, 0x31A7,
  0x31A7, 0x31A7, 0x31A7, 0x31A7, 0x31A7, 0x31A7, 0x31A7, 0x31A7, 0x31A7, 0x4A8C, 0x4A8C, 0x4A8C,
  0x39E9, 0x4A8C, 0x4A8C, 0x4A8C, 0xBDD7, 0xBDD7, 0xBDD7, 0xC145, 0xC145, 0xC145, 0xC145, 0xC145,
  0xC145, 0xC145, 0xC145, 0xC145, 0xC145, 0xC145, 0xC145, 0xC145, 0xC145, 0xC145, 0xC145, 0xC145,
  0xC145, 0xC145, 0xC145, 0xC145, 0x2104, 0x2104, 0x2104, 0x2104, 0x2104, 0x2104, 0x2104, 0x2104,
  0x2104, 0x2104, 0x2104, 0x2104, 0x2104, 0x2104, 0xC145, 0xC145, 0xC145, 0xC145, 0x9CB1, 0x9CB1,
  0x9CB1, 0x9CB1, 0x528B, 0x528B, 0xBDD7, 0xBDD7, 0xBDD7, 0xBDD7, 0xBDD7, 0xBDD7, 0xBDD7, 0xBDD7,
  0xBDD7, 0xD69A, 0xD69A, 0xD69A, 0xD69A, 0xD69A, 0xD69A, 0xD69A, 0xD69A, 0xD69A, 0xD69A, 0xD69A,
  0xD69A, 0xD69A, 0xD69A, 0xD69A, 0xD69A, 0xD69A, 0xD69A, 0xD69A, 0xD69A, 0xD69A, 0xD69A, 0xD69A,
  0xD69A, 0xD69A, 0xD69A, 0xD69A, 0xD69A, 0xD69A, 0xD69A, 0x2A96, 0x2125, 0x2125, 0x2125, 0x2125,
  0x2125, 0x2125, 0xA535, 0x736E, 0x736E, 0x736E, 0x736E, 0x736E, 0x736E, 0x22B8, 0x22B8, 0x22B8,
  0x22B8, 0x116F, 0x116F, 0x116F, 0x22B8, 0x22B8, 0x22B8, 0x22B8, 0x22B8, 0x22B8, 0x22B8, 0x22B8,
  0x22B8, 0x22B8, 0x22B8, 0x22B8, 0x22B8, 0x22B8, 0x22B8, 0x22B8, 0x22B8, 0x22B8, 0x22B8, 0x22B8,
  0x22B8, 0x22B8, 0xCE7A, 0xCE7A, 0xCE7A, 0xCE7A, 0xCE7A, 0xCE7A, 0xCE7A, 0xCE7A, 0xCE7A, 0xCE7A,
  0xCE7A, 0xCE7A, 0xCE7A, 0xCE7A, 0xCE7A, 0xCE7A, 0xCE7A, 0xCE7A, 0xCE7A, 0xCE7A, 0xCE7A, 0xCE7A,
  0xCE7A, 0xCE7A, 0xCE7A, 0xCE7A, 0xCE7A, 0xCE7A, 0xCE7A, 0xCE7A, 0xCE7A, 0xCE7A, 0xCE7A, 0xCE7A,
  0xCE7A, 0xCE7A, 0xCE7A, 0xCE7A, 0xCE7A, 0xCE7A, 0xCE7A, 0xCE7A, 0xCE7A, 0xCE7A, 0xCE7A, 0xCE7A,
  0xCE7A, 0xCE7A, 0xCE7A, 0xCE7A, 0xCE7A, 0xCE7A, 0xCE7A, 0xCE7A, 0xCE7A, 0xCE7A, 0xCE7A, 0xCE7A,
  0xCE7A, 0xCE7A, 0x4209, 0x8411, 0x10A2, 0x10A2, 0x8411, 0x18C3, 0x9340, 0x9340, 0x9340, 0x9340,
  0x9340, 0x1062, 0xC105, 0xC105, 0xC105, 0xC105, 0xC105, 0xC105, 0xB4CD, 0xB4CD, 0xB4CD, 0xB4CD,
  0x9C0A, 0xB4CD, 0xB4CD, 0xB4CD, 0xB4CD, 0xB4CD, 0xB4CD, 0x9C0A, 0xB4CD, 0xB4CD, 0xB4CD, 0xB4CD,
  0xB4CD, 0xB4CD, 0x9C0A, 0xB4CD, 0xB4CD, 0xB4CD, 0xB4CD, 0xB4CD, 0xB4CD, 0x9C0A, 0xB4CD, 0xB4CD,
  0xB4CD, 0xB4CD, 0xB4CD, 0xB4CD, 0x9C0A, 0xB4CD, 0xB4CD, 0xB4CD, 0xB4CD, 0x18E4, 0x18E4, 0x18E4,
  0x18E4, 0x18E4, 0x18E4, 0x18E4, 0x18E4, 0x18E4, 0x18E4, 0xB925, 0xB925, 0xB925, 0xB925, 0xB925,
  0xD67A, 0xD67A, 0xD67A, 0xD67A, 0xD67A, 0xD67A, 0xD67A, 0xD67A, 0xD67A, 0xD67A, 0xD67A, 0xD67A,
  0xD67A, 0xD67A, 0xD67A, 0xD67A, 0xD67A, 0xD67A, 0xD67A, 0xD67A, 0xD67A, 0xD67A, 0xB905, 0xB905,
  0xB905, 0xB905, 0xB905, 0xB905, 0xB905, 0xB905, 0xB905, 0xB905, 0xB905, 0xB905, 0xB905, 0xB905,
  0xB905, 0xB905, 0xB905, 0xB905, 0xB905, 0xB905, 0xB905, 0xB905, 0xB905, 0xB905, 0x2966, 0x2966,
  0x2966, 0x2966, 0x2966, 0x2966, 0x2966, 0x2966, 0x2966, 0x2966, 0x2966, 0x2966, 0x422A, 0x422A,
  0xD6BB, 0xD6BB, 0xD6BB, 0xD966, 0xD966, 0xD966, 0xD966, 0xD966, 0xD966, 0xD966, 0xD966, 0xD966,
  0xD966, 0xD966, 0xD966, 0xD966, 0xD966, 0xD966, 0xD966, 0xD966, 0x2125, 0x2125, 0x2125, 0x2125,
  0x2125, 0x2125, 0x2125, 0x2125, 0x2125, 0x2125, 0x2125, 0x2125, 0x2125, 0xD966, 0xD966, 0xD966,
  0xD966, 0xD966, 0xB574, 0xB574, 0xB574, 0xB574, 0x62ED, 0x62ED, 0x62ED, 0xD6BB, 0xD6BB, 0xD6BB,
  0xD6BB, 0xD6BB, 0xD6BB, 0xD6BB, 0xD6BB, 0xF79E, 0xF79E, 0xF79E, 0xF79E, 0xF79E, 0xF79E, 0xF79E,
  0xF79E, 0xF79E, 0xF79E, 0xF79E, 0xF79E, 0xF79E, 0xF79E, 0xF79E, 0xF79E, 0xF79E, 0xF79E, 0xF79E,
  0xF79E, 0xF79E, 0xF79E, 0xF79E, 0xF79E, 0xF79E, 0xF79E, 0xF79E, 0xF79E, 0xF79E, 0xF79E, 0xF79E,
  0xF79E, 0xF79E, 0x2925, 0x2946, 0x2946, 0x2946, 0x2946, 0x62ED, 0xC5F8, 0x83F1, 0x83F1, 0x83F1,
  0x64FF, 0x64FF, 0x64FF, 0x64FF, 0x231B, 0x231B, 0x231B, 0x231B, 0x231B, 0x1191, 0x1191, 0x1191,
  0x231B, 0x231B, 0x231B, 0x231B, 0x231B, 0x231B, 0x231B, 0x231B, 0x231B, 0x231B, 0x231B, 0x231B,
  0x231B, 0x231B, 0x231B, 0x231B, 0x231B, 0x231B, 0x231B, 0x231B, 0x231B, 0xEF7E, 0xEF7E, 0xEF7E,
  0xEF7E, 0xEF7E, 0x18C8, 0x18C8, 0x18C8, 0x18C8, 0x18C8, 0x18C8, 0x18C8, 0x18C8, 0x18C8, 0x18C8,
  0x18C8, 0x18C8, 0x18C8, 0x18C8, 0x18C8, 0x18C8, 0x18C8, 0x18C8, 0x18C8, 0x18C8, 0x18C8, 0x18C8,
  0x18C8, 0x18C8, 0x18C8, 0x18C8, 0x18C8, 0x18C8, 0x18C8, 0x18C8, 0x18C8, 0x18C8, 0x18C8, 0x18C8,
  0x18C8, 0x18C8, 0x18C8, 0x18C8, 0x18C8, 0x18C8, 0x18C8, 0x18C8, 0x18C8, 0x18C8, 0x18C8, 0x18C8,
  0x18C8, 0x18C8, 0x18C8, 0x18C8, 0x18C8, 0x18C8, 0xEF7E, 0xEF7E, 0xEF7E, 0xEF7E, 0xEF7E, 0x9CB4,
  0x18A2, 0x18A2, 0x9CB4, 0x18E4, 0xABC0, 0xABC0, 0xABC0, 0xABC0, 0xABC0, 0x1082, 0xF79E, 0xF79E,
  0xF79E, 0xF79E, 0xF79E, 0xF79E, 0xF79E, 0xF79E, 0xD58F, 0xB4AB, 0xD58F, 0xD58F, 0xD58F, 0xD58F,
  0xD58F, 0xD58F, 0xB4AB, 0xD58F, 0xD58F, 0xD58F, 0xD58F, 0xD58F, 0xD58F, 0xB4AB, 0xD58F, 0xD58F,
  0xD58F, 0xD58F, 0xD58F, 0xD58F, 0xB4AB, 0xD58F, 0xD58F, 0xD58F, 0xD58F, 0xD58F, 0xD58F, 0xB4AB,
  0xD58F, 0xD58F, 0xD58F, 0xD58F, 0xD58F, 0xD58F, 0xB4AB, 0xD58F, 0x2104, 0x2104, 0x2104, 0x2104,
  0x2104, 0x2104, 0x2104, 0x2104, 0x2104, 0x2104, 0xD946, 0xD946, 0xF77E, 0xF77E, 0xF77E, 0xF77E,
  0xF77E, 0xF77E, 0xF77E, 0xF77E, 0xF77E, 0xF77E, 0xF77E, 0xF77E, 0xF77E, 0xF77E, 0xF77E, 0xF77E,
  0xF77E, 0xF77E, 0xF77E, 0xF77E, 0xF77E, 0xF77E, 0xD946, 0xD946, 0xD946, 0xD946, 0xD946, 0xD946,
  0xD946, 0xD946, 0xD946, 0xD946, 0xD946, 0xD946, 0xD946, 0xD946, 0xD946, 0xD946, 0xD946, 0xD946,
  0xD946, 0xD946, 0xD946, 0xD946, 0xD946, 0xD946, 0xD946, 0xD946, 0xD946, 0xD946, 0x31A7, 0x31A7,
  0x31A7, 0x31A7, 0x31A7, 0x31A7, 0x31A7, 0x31A7, 0x31A7, 0x31A7, 0xBDD7, 0xBDD7, 0xBDD7, 0xC145,
  0xC145, 0xC145, 0xC145, 0xC145, 0xC145, 0xC145, 0xC145, 0xC145, 0xC145, 0xC145, 0xC145, 0xC145,
  0x2104, 0x2104, 0x2104, 0x2104, 0x2104, 0x2104, 0x2104, 0x2104, 0x2104, 0x2104, 0x2104, 0x2104,
  0x2104, 0xC145, 0xC145, 0xC145, 0xC145, 0xC145, 0xC145, 0x9CB1, 0x9CB1, 0x9CB1, 0x9CB1, 0x528B,
  0x528B, 0xBDD7, 0xBDD7, 0xBDD7, 0xBDD7, 0xBDD7, 0xBDD7, 0xBDD7, 0xBDD7, 0xBDD7, 0xD69A, 0xD69A,
  0xD69A, 0xD69A, 0xD69A, 0xD69A, 0xD69A, 0xD69A, 0xD69A, 0xD69A, 0xD69A, 0xD69A, 0xD69A, 0xD69A,
  0xD69A, 0xD69A, 0xD69A, 0xD69A, 0xD69A, 0xD69A, 0xD69A, 0xD69A, 0xD69A, 0xD69A, 0xD69A, 0xD69A,
  0xD69A, 0xD69A, 0xD69A, 0xD69A, 0xD69A, 0xD69A, 0xD69A, 0xD69A, 0x2105, 0x2105, 0x2105, 0x2125,
  0x2125, 0xA535, 0x736E, 0x736E, 0x736E, 0x736E, 0x736E, 0x543B, 0x543B, 0x543B, 0x543B, 0x543B,
  0x543B, 0xCE7A, 0xCE7A, 0xCE7A, 0xCE7A, 0x116F, 0x116F, 0x116F, 0x543B, 0x543B, 0x543B, 0x543B,
  0x543B, 0x543B, 0x543B, 0x543B, 0x543B, 0x543B, 0x543B, 0x543B, 0x543B, 0x543B, 0x543B, 0x543B,
  0x543B, 0x543B, 0x543B, 0x543B, 0x543B, 0xCE7A, 0xCE7A, 0xCE7A, 0xCE7A, 0x10A7, 0x10A7, 0x10A7,
  0x10A7, 0x10A7, 0x10A7, 0x10A7, 0x10A7, 0x10A7, 0x10A7, 0x10A7, 0x10A7, 0x10A7, 0x10A7, 0x10A7,
  0x10A7, 0x10A7, 0x10A7, 0x10A7, 0x10A7, 0x10A7, 0x10A7, 0x10A7, 0x10A7, 0x10A7, 0x10A7, 0x10A7,
  0x10A7, 0x10A7, 0x10A7, 0x10A7, 0x10A7, 0x10A7, 0x10A7, 0x10A7, 0x10A7, 0x10A7, 0x10A7, 0x10A7,
  0x10A7, 0x10A7, 0x10A7, 0x10A7, 0x10A7, 0x10A7, 0x10A7, 0x10A7, 0x10A7, 0x10A7, 0x10A7, 0x10A7,
  0x10A7, 0x10A7, 0x10A7, 0xCE7A, 0xCE7A, 0xCE7A, 0xCE7A, 0x8411, 0x8411, 0x8411, 0x8411, 0x18C3,
  0x9340, 0x9340, 0x9340, 0x9340, 0x9340, 0x1062, 0xD69A, 0xD69A, 0xD69A, 0xD69A, 0xD69A, 0xD69A,
  0xD69A, 0xD69A, 0xD69A, 0xB4CD, 0xB4CD, 0xB4CD, 0xB4CD, 0xCE7A, 0xCE7A, 0xCE7A, 0xCE7A, 0xB4CD,
  0xB4CD, 0xB4CD, 0xB4CD, 0xB4CD, 0x9C0A, 0xB4CD, 0xB4CD, 0xB4CD, 0xB4CD, 0xB4CD, 0xB4CD, 0x9C0A,
  0xB4CD, 0xB4CD, 0xB4CD, 0xB4CD, 0xB4CD, 0xB4CD, 0x9C0A, 0xB4CD, 0xB4CD, 0xB4CD, 0xB4CD, 0xB4CD,
  0xB4CD, 0x9C0A, 0xB4CD, 0xB4CD, 0xB4CD, 0xB4CD, 0xB4CD, 0x18E4, 0x18E4, 0x18E4, 0x18E4, 0x18E4,
  0x18E4, 0x18E4, 0x18E4, 0x18E4, 0x18E3, 0xD67A, 0xD67A, 0xD67A, 0xD67A, 0xD67A, 0xD67A, 0xD67A,
  0xD67A, 0xD67A, 0xD67A, 0xD67A, 0xD67A, 0xD67A, 0xD67A, 0xD67A, 0xD67A, 0xD67A, 0xD67A, 0xD67A,
  0xD67A, 0xD67A, 0xB905, 0xB905, 0xB905, 0xB905, 0xB905, 0xB905, 0xB905, 0xB905, 0xB905, 0xB905,
  0xB905, 0xB905, 0xB905, 0xB905, 0xB905, 0xB905, 0xB905, 0xB905, 0xB905, 0xB905, 0xB905, 0xB905,
  0xB905, 0xB905, 0xB905, 0xB905, 0xB905, 0xB905, 0xB905, 0xB905, 0xB905, 0xB905, 0xB905, 0x2966,
  0x2966, 0x2966, 0x2966, 0x2966, 0xD6BB, 0xD6BB, 0xD6BB, 0xD966, 0xD966, 0xD966, 0xD966, 0xD966,
  0xD966, 0xD966, 0xD966, 0x2125, 0x2125, 0x2125, 0x2125, 0x2125, 0x2125, 0x2125, 0x2125, 0x2125,
  0x2125, 0x2125, 0x2125, 0x2125, 0x2125, 0xD966, 0xD966, 0xD966, 0xD966, 0xD966, 0xD966, 0xB574,
  0xB574, 0xB574, 0xB574, 0x62ED, 0x62ED, 0xD6BB, 0xD6BB, 0xD6BB, 0xD6BB, 0xD6BB, 0xD6BB, 0xD6BB,
  0xD6BB, 0xD6BB, 0xD6BB, 0xD146, 0xD146, 0xD146, 0xF79E, 0xF79E, 0xF79E, 0xF79E, 0xF79E, 0xF79E,
  0xF79E, 0xF79E, 0xF79E, 0xF79E, 0xF79E, 0xF79E, 0xF79E, 0xF79E, 0xF79E, 0xF79E, 0xF79E, 0xF79E,
  0xF79E, 0xF79E, 0xF79E, 0xF79E, 0xF79E, 0xF79E, 0xF79E, 0xF79E, 0xF79E, 0xF79E, 0xF79E, 0xF79E,
  0xF79E, 0x2925, 0x2925, 0x2925, 0x2925, 0x2925, 0x2925, 0xC5F8, 0x83F1, 0x83F1, 0x83F1, 0x83F1,
  0x83F1, 0x83F1, 0x64FF, 0x64FF, 0x64FF, 0x64FF, 0x64FF, 0x64FF, 0x64FF, 0xEF7E, 0xEF7E, 0xEF7E,
  0xEF7E, 0x1191, 0x1191, 0x1191, 0x64FF, 0x64FF, 0x64FF, 0x64FF, 0x64FF, 0x64FF, 0x64FF, 0x64FF,
  0x64FF, 0x64FF, 0x64FF, 0x64FF, 0x64FF, 0x64FF, 0x64FF, 0x64FF, 0x64FF, 0x64FF, 0x64FF, 0x64FF,
  0xEF7E, 0xEF7E, 0xEF7E, 0xEF7E, 0xEF7E, 0x18C8, 0x18C8, 0x18C8, 0x18C8, 0x18C8, 0x18C8, 0x18C8,
  0x18C8, 0x18C8, 0x18C8, 0x18C8, 0x18C8, 0x18C8, 0x18C8, 0x18C8, 0x18C8, 0x18C8, 0x18C8, 0x18C8,
  0x18C8, 0x18C8, 0x18C8, 0x18C8, 0x18C8, 0x18C8, 0x18C8, 0x18C8, 0x18C8, 0x18C8, 0x18C8, 0x18C8,
  0x18C8, 0x18C8, 0x18C8, 0x18C8, 0x18C8, 0x18C8, 0x18C8, 0x18C8, 0x18C8, 0x18C8, 0x18C8, 0x18C8,
  0x18C8, 0x18C8, 0x18C8, 0x18C8, 0x18C8, 0x18C8, 0x18C8, 0x18C8, 0x18C8, 0x18C8, 0x18C8, 0xEF7E,
  0xEF7E, 0xEF7E, 0xEF7E, 0xEF7E, 0x2125, 0x2125, 0x526B, 0x1082, 0x1082, 0x1082, 0x1082, 0x31A7,
  0x31A7, 0x1082, 0xF79E, 0xF79E, 0xF79E, 0xF79E, 0xF79E, 0xF79E, 0xF79E, 0xF79E, 0xF79E, 0xF79E,
  0xF79E, 0xD58F, 0xD58F, 0xEF7E, 0xEF7E, 0xEF7E, 0xEF7E, 0xD58F, 0xD58F, 0xD58F, 0xD58F, 0xB4AB,
  0xD58F, 0xD58F, 0xD58F, 0xD58F, 0xD58F, 0xD58F, 0xB4AB, 0xD58F, 0xD58F, 0xD58F, 0xD58F, 0xD58F,
  0xD58F, 0xB4AB, 0xD58F, 0xD58F, 0xD58F, 0xD58F, 0xD58F, 0xD58F, 0xB4AB, 0xD58F, 0xD58F, 0xD58F,
  0xD58F, 0xD58F, 0xD58F, 0xB4AB, 0xD58F, 0xD58F, 0x2104, 0x2104, 0x2104, 0x2104, 0x2104, 0x2104,
  0x2104, 0x2104, 0x2104, 0x2104, 0xF77E, 0xF77E, 0xF77E, 0xF77E, 0xF77E, 0xF77E, 0xF77E, 0xF77E,
  0xF77E, 0xF77E, 0xF77E, 0xF77E, 0xF77E, 0xF77E, 0xF77E, 0xF77E, 0xF77E, 0xF77E, 0xD946, 0xD946,
  0xD946, 0xD946, 0xD946, 0xD946, 0xD946, 0xD946, 0xD946, 0xD946, 0xD946, 0xD946, 0xD946, 0xD946,
  0xD946, 0xD946, 0xD946, 0xD946, 0xD946, 0xD946, 0xD946, 0xD946, 0xD946, 0xD946, 0xD946, 0xD946,
  0xD946, 0xD946, 0xD946, 0xD946, 0xD946, 0xD946, 0xD946, 0xF77E, 0xF77E, 0xF77E, 0xF77E, 0x3187,
  0xBDD7, 0xBDD7, 0xBDD7, 0xC145, 0xC145, 0xC145, 0xC145, 0x2104, 0x2104, 0x2104, 0x2104, 0x2104,
  0x2104, 0x2104, 0x2104, 0x2104, 0x2104, 0x2104, 0x2104, 0x2104, 0x2104, 0xC145, 0xC145, 0xC145,
  0xC145, 0xC145, 0xC145, 0x9CB1, 0x9CB1, 0x9CB1, 0x9CB1, 0x528B, 0x528B, 0x528B, 0xBDD7, 0xBDD7,
  0xBDD7, 0xBDD7, 0xBDD7, 0xBDD7, 0xBDD7, 0xBDD7, 0xBDD7, 0xB925, 0xB925, 0xB925, 0xB925, 0xB925,
  0xB925, 0xB925, 0xD69A, 0xD69A, 0xD69A, 0xD69A, 0xD69A, 0xD69A, 0xD69A, 0xD69A, 0xD69A, 0xD69A,
  0xD69A, 0xD69A, 0xD69A, 0xD69A, 0xD69A, 0xD69A, 0xD69A, 0xD69A, 0xD69A, 0xD69A, 0xD69A, 0xD69A,
  0xD69A, 0xD69A, 0xD69A, 0xD69A, 0xD69A, 0xD69A, 0xD69A, 0x2105, 0x2105, 0x2105, 0x2105, 0x2105,
  0x2105, 0xA535, 0x736E, 0x736E, 0x736E, 0x736E, 0x736E, 0x736E, 0x736E, 0x543B, 0x543B, 0x543B,
  0x543B, 0x543B, 0x543B, 0x543B, 0x543B, 0xCE7A, 0xCE7A, 0xCE7A, 0xCE7A, 0x543B, 0x543B, 0x543B,
  0x543B, 0x543B, 0x543B, 0x543B, 0x543B, 0x543B, 0x543B, 0x543B, 0x543B, 0x543B, 0x543B, 0x543B,
  0xD69A, 0xD69A, 0xD69A, 0xD69A, 0xD69A, 0xD69A, 0xD69A, 0xD69A, 0xCE7A, 0xCE7A, 0xCE7A, 0xCE7A,
  0x10A7, 0x10A7, 0x10A7, 0x10A7, 0x42B6, 0x42B6, 0x42B6, 0x42B6, 0x42B6, 0x42B6, 0x42B6, 0x42B6,
  0x42B6, 0x42B6, 0x42B6, 0x42B6, 0x42B6, 0x42B6, 0x42B6, 0x42B6, 0x42B6, 0x10A7, 0x10A7, 0x10A7,
  0x10A7, 0x10A7, 0x10A7, 0x10A7, 0x10A7, 0x10A7, 0x10A7, 0x10A7, 0x10A7, 0x10A7, 0x10A7, 0x10A7,
  0x10A7, 0x10A7, 0x10A7, 0x10A7, 0x10A7, 0x10A7, 0x10A7, 0x10A7, 0x10A7, 0x10A7, 0x10A7, 0x10A7,
  0x10A7, 0x10A7, 0x10A7, 0x10A7, 0x10A7, 0x10A7, 0x10A7, 0x10A7, 0xCE7A, 0xCE7A, 0xCE7A, 0xCE7A,
  0x20E4, 0x20E4, 0x20E4, 0x1062, 0x1062, 0x1062, 0x1062, 0x2966, 0x2966, 0x1062, 0xD69A, 0xD69A,
  0xD69A, 0xD69A, 0xD69A, 0xD69A, 0xD69A, 0xD69A, 0xD69A, 0xD69A, 0xD69A, 0xD69A, 0xB4CD, 0xCE7A,
  0xCE7A, 0xCE7A, 0xCE7A, 0xB4CD, 0xB4CD, 0xB4CD, 0x9C0A, 0xB4CD, 0xB4CD, 0xB4CD, 0xB4CD, 0xB4CD,
  0xB4CD, 0x9C0A, 0xB4CD, 0xB4CD, 0xB4CD, 0xB4CD, 0xB4CD, 0xB4CD, 0x9C0A, 0xB4CD, 0xB4CD, 0xB4CD,
  0xB4CD, 0xB4CD, 0xB4CD, 0x9C0A, 0xB4CD, 0xB4CD, 0xB4CD, 0xB4CD, 0xB4CD, 0xB4CD, 0x9C0A, 0xB4CD,
  0xB4CD, 0xB4CD, 0xB4CD, 0xB4CD, 0xB4CD, 0x18E4, 0x18E4, 0x18E4, 0x18E3, 0x18E3, 0x18E3, 0x18E3,
  0x18E3, 0x18E3, 0x18E3, 0xD67A, 0xD67A, 0xD67A, 0xD67A, 0xD67A, 0xD67A, 0xD67A, 0xD67A, 0xD67A,
  0xD67A, 0xD67A, 0xD67A, 0xD67A, 0xD67A, 0xD67A, 0xB905, 0xB905, 0xB905, 0xB905, 0xB905, 0xB905,
  0xB905, 0xB905, 0xB905, 0xB905, 0xB905, 0xB905, 0xB905, 0xB905, 0xB905, 0xB905, 0xB905, 0xB905,
  0xB905, 0xB905, 0xB905, 0xB905, 0xB905, 0xB905, 0xB905, 0xB905, 0xB905, 0xB905, 0xB905, 0xB905,
  0xB905, 0xB905, 0xB905, 0xD67A, 0xD67A, 0xD67A, 0xD67A, 0xD67A, 0xD6BB, 0xD6BB, 0xD6BB, 0x2125,
  0x2125, 0x2125, 0x2125, 0x2125, 0x2125, 0x2125, 0x2125, 0x2125, 0x2125, 0x2125, 0x2125, 0x2125,
  0x2125, 0xD966, 0xD966, 0xD966, 0xD966, 0xD966, 0xD966, 0xB574, 0xB574, 0xB574, 0xB574, 0x62EC,
  0x62EC, 0x62EC, 0xD6BB, 0xD6BB, 0xD6BB, 0xD6BB, 0xD6BB, 0xD6BB, 0xD6BB, 0xD6BB, 0xD6BB, 0xD6BB,
  0xD146, 0xD146, 0xD146, 0xD146, 0xD146, 0xD146, 0xD146, 0xD146, 0xD146, 0xD146, 0xF79E, 0xF79E,
  0xF79E, 0xF79E, 0xF79E, 0xF79E, 0xF79E, 0xF79E, 0xF79E, 0xF79E, 0xF79E, 0xF79E, 0xF79E, 0xF79E,
  0xF79E, 0xF79E, 0xF79E, 0xF79E, 0xF79E, 0xF79E, 0xF79E, 0xF79E, 0xF79E, 0xF79E, 0xF79E, 0xF79E,
  0xF79E, 0x2925, 0x2925, 0x2925, 0x2925, 0x2925, 0x2925, 0xC5F8, 0x83F1, 0x83F1, 0x83F1, 0x83F1,
  0x83F1, 0x83F1, 0x83F1, 0x83F1, 0x83F1, 0x231B, 0x231B, 0x231B, 0x231B, 0x231B, 0x231B, 0x231B,
  0x231B, 0xEF7E, 0xEF7E, 0xEF7E, 0xEF7E, 0xFFFF, 0xFFFF, 0xFFFF, 0xFFFF, 0xFFFF, 0xFFFF, 0xFFFF,
  0xFFFF, 0xFFFF, 0xFFFF, 0xFFFF, 0xFFFF, 0xFFFF, 0xFFFF, 0xFFFF, 0xFFFF, 0xFFFF, 0xFFFF, 0xFFFF,
  0xFFFF, 0xFFFF, 0xFFFF, 0xFFFF, 0xFFFF, 0xFFFF, 0xFFFF, 0xFFFF, 0xFFFF, 0xFFFF, 0xFFFF, 0xFFFF,
  0xFFFF, 0xFFFF, 0xFFFF, 0xFFFF, 0xFFFF, 0xFFFF, 0xFFFF, 0xFFFF, 0xFFFF, 0xFFFF, 0xFFFF, 0xFFFF,
  0xFFFF, 0xFFFF, 0xFFFF, 0xFFFF, 0xFFFF, 0xFFFF, 0xFFFF, 0xFFFF, 0xFFFF, 0xFFFF, 0xFFFF, 0xFFFF,
  0xFFFF, 0xFFFF, 0xFFFF, 0xFFFF, 0xFFFF, 0xFFFF, 0xFFFF, 0xFFFF, 0xFFFF, 0xFFFF, 0xFFFF, 0xFFFF,
  0xFFFF, 0xFFFF, 0xFFFF, 0xFFFF, 0xFFFF, 0xFFFF, 0xFFFF, 0xFFFF, 0xFFFF, 0xFFFF, 0xFFFF, 0xFFFF,
  0xFFFF, 0xFFFF, 0xFFFF, 0xFFFF, 0xFFFF, 0xFFFF, 0xFFFF, 0xFFFF, 0xFFFF, 0xFFFF, 0xFFFF, 0xFFFF,
  0xFFFF, 0xFFFF, 0xFFFF, 0xFFFF, 0xFFFF, 0xFFFF, 0xFFFF, 0xFFFF, 0xFFFF, 0xFFFF, 0xFFFF, 0xFFFF,
  0xFFFF, 0xFFFF, 0xFFFF, 0xFFFF, 0xFFFF, 0xFFFF, 0xFFFF, 0xEF7E, 0xEF7E, 0xEF7E, 0xEF7E, 0xD58F,
  0xD58F, 0xB4AB, 0xD58F, 0xD58F, 0xD58F, 0xD58F, 0xD58F, 0xD58F, 0xB4AB, 0xD58F, 0xD58F, 0xD58F,
  0xD58F, 0xD58F, 0xD58F, 0xB4AB, 0xD58F, 0xD58F, 0xD58F, 0xD58F, 0xD58F, 0xD58F, 0xB4AB, 0xD58F,
  0xD58F, 0xD58F, 0xD58F, 0xD58F, 0xD58F, 0xB4AB, 0xD58F, 0xD58F, 0xD58F, 0xD58F, 0xD58F, 0xD58F,
  0xB4AB, 0xD58F, 0xD58F, 0xD58F, 0x2104, 0x2104, 0x2104, 0x2104, 0x2104, 0x2104, 0x2104, 0x2104,
  0x2104, 0x2104, 0xF77E, 0xF77E, 0xF77E, 0xF77E, 0xF77E, 0xF77E, 0xF77E, 0xF77E, 0xF77E, 0xF77E,
  0xF77E, 0xF77E, 0xD946, 0xD946, 0xD946, 0xD946, 0xD946, 0xD946, 0xD946, 0xD946, 0xD946, 0xD946,
  0xD946, 0xD946, 0xD946, 0xD946, 0xD946, 0xD946, 0xD946, 0xD946, 0xD946, 0xD946, 0xD946, 0xD946,
  0xD946, 0xD946, 0xD946, 0xD946, 0xD946, 0xD946, 0xD946, 0xD946, 0xD946, 0xD946, 0xD946, 0xF77E,
  0xF77E, 0xF77E, 0xF77E, 0xF77E, 0xBDD7, 0xBDD7, 0xBDD7, 0x2104, 0x2104, 0x2104, 0x2104, 0x2104,
  0x2104, 0x2104, 0x2104, 0x2104, 0xC145, 0xC145, 0xC145, 0xC145, 0xC145, 0xC145, 0xC145, 0x9CB1,
  0x9CB1, 0x9CB1, 0x9CB1, 0x9CB1, 0x528B, 0x528B, 0xBDD7, 0xBDD7, 0xBDD7, 0xBDD7, 0xBDD7, 0xBDD7,
  0xBDD7, 0xBDD7, 0xBDD7, 0xBDD7, 0xB925, 0xB925, 0xB925, 0xB925, 0xB925, 0xB925, 0xB925, 0xB925,
  0xB925, 0xB925, 0xB925, 0xB925, 0xB925, 0xB925, 0xD69A, 0xD69A, 0xD69A, 0xD69A, 0xD69A, 0xD69A,
  0xD69A, 0xD69A, 0xD69A, 0xD69A, 0xD69A, 0xD69A, 0xD69A, 0xD69A, 0xD69A, 0xD69A, 0xD69A, 0xD69A,
  0xD69A, 0xD69A, 0xD69A, 0xD69A, 0xD69A, 0xD69A, 0x2105, 0x2105, 0x2105, 0x2105, 0x2105, 0x2105,
  0x528B, 0xA535, 0x6B6E, 0x6B6E, 0x6B6E, 0x6B6E, 0x6B6E, 0x6B6E, 0x6B6E, 0x6B6E, 0x6B6E, 0x6B6E,
  0x22B8, 0x4001, 0x4001, 0x4001, 0x4001, 0x4001, 0x4001, 0x4001, 0x4001, 0xCE7A, 0xCE7A, 0xCE7A,
  0xCE7A, 0xDEFB, 0xDEFB, 0xDEFB, 0xDEFB, 0xDEFB, 0xDEFB, 0xDEFB, 0xDEFB, 0xDEFB, 0xDEFB, 0xDEFB,
  0xDEFB, 0xDEFB, 0xDEFB, 0xDEFB, 0xDEFB, 0xDEFB, 0xDEFB, 0xDEFB, 0xDEFB, 0xDEFB, 0xDEFB, 0xDEFB,
  0xDEFB, 0xDEFB, 0xDEFB, 0xDEFB, 0xDEFB, 0xDEFB, 0xDEFB, 0xDEFB, 0xDEFB, 0xDEFB, 0xDEFB, 0xDEFB,
  0xDEFB, 0xDEFB, 0xDEFB, 0xDEFB, 0xDEFB, 0xDEFB, 0xDEFB, 0xDEFB, 0xDEFB, 0xDEFB, 0xDEFB, 0xDEFB,
  0xDEFB, 0xDEFB, 0xDEFB, 0xDEFB, 0xDEFB, 0xDEFB, 0xDEFB, 0xDEFB, 0xDEFB, 0xDEFB, 0xDEFB, 0xDEFB,
  0xDEFB, 0xDEFB, 0xDEFB, 0xDEFB, 0xDEFB, 0xDEFB, 0xDEFB, 0xDEFB, 0xDEFB, 0xDEFB, 0xDEFB, 0xDEFB,
  0xDEFB, 0xDEFB, 0xDEFB, 0xDEFB, 0xDEFB, 0xDEFB, 0xDEFB, 0xDEFB, 0xDEFB, 0xDEFB, 0xDEFB, 0xDEFB,
  0xDEFB, 0xDEFB, 0xDEFB, 0xDEFB, 0xDEFB, 0xDEFB, 0xDEFB, 0xDEFB, 0xDEFB, 0xDEFB, 0xDEFB, 0xDEFB,
  0xDEFB, 0xDEFB, 0xDEFB, 0xDEFB, 0xDEFB, 0xDEFB, 0xDEFB, 0xDEFB, 0xDEFB, 0xDEFB, 0xDEFB, 0xDEFB,
  0xDEFB, 0xDEFB, 0xDEFB, 0xCE7A, 0xCE7A, 0xCE7A, 0xCE7A, 0xB4CD, 0x9BEA, 0xB4CD, 0xB4CD, 0xB4CD,
  0xB4CD, 0xB4CD, 0xB4CD, 0x9BEA, 0xB4CD, 0xB4CD, 0xB4CD, 0xB4CD, 0xB4CD, 0xB4CD, 0x9BEA, 0xB4CD,
  0xB4CD, 0xB4CD, 0xB4CD, 0xB4CD, 0xB4CD, 0x9BEA, 0xB4CD, 0xB4CD, 0xB4CD, 0xB4CD, 0xB4CD, 0xB4CD,
  0x9BEA, 0xB4CD, 0xB4CD, 0xB4CD, 0xB4CD, 0xB4CD, 0xB4CD, 0x9BEA, 0xB4CD, 0xB4CD, 0xB4CD, 0xB4CD,
  0xB4CD, 0xB4CD, 0x9BEA, 0x18E3, 0x18E3, 0x18E3, 0x18E3, 0x18E3, 0x18E3, 0x18E3, 0x18E3, 0x18E3,
  0x18E3, 0x18E3, 0xD67A, 0xD67A, 0xD67A, 0xD67A, 0xD67A, 0xD67A, 0xD67A, 0xD67A, 0xB905, 0xB905,
  0xB905, 0xB905, 0xB905, 0xB905, 0xB905, 0xB905, 0xB905, 0xB905, 0xB905, 0xB905, 0xB905, 0xB905,
  0xB905, 0xB905, 0xB905, 0xB905, 0xB905, 0xB905, 0xB905, 0xB905, 0xB905, 0xB905, 0xB905, 0xB905,
  0xB905, 0xB905, 0xB905, 0xB905, 0xB905, 0xB905, 0xB905, 0xD67A, 0xD67A, 0xD67A, 0xD67A, 0xD67A,
  0xD6BB, 0xD6BB, 0xD6BB, 0x2125, 0x2125, 0x2125, 0x2125, 0x2125, 0xD966, 0xD966, 0xD966, 0xD966,
  0xD966, 0xD966, 0xD966, 0xB574, 0xB574, 0xB574, 0xB574, 0xB574, 0x62EC, 0x62EC, 0x62EC, 0xD6BB,
  0xD6BB, 0xD6BB, 0xD6BB, 0xD6BB, 0xD6BB, 0xD6BB, 0xD6BB, 0xD6BB, 0xD6BB, 0xD146, 0xD146, 0xD146,
  0xD146, 0xD146, 0xD146, 0xD146, 0xD146, 0xD146, 0xD146, 0xD146, 0xD146, 0xD146, 0xD146, 0xD146,
  0xD146, 0xD146, 0xF79E, 0xF79E, 0xF79E, 0xF79E, 0xF79E, 0xF79E, 0xF79E, 0xF79E, 0xF79E, 0xF79E,
  0xF79E, 0xF79E, 0xF79E, 0xF79E, 0xF79E, 0xF79E, 0xF79E, 0xF79E, 0xF79E, 0xF79E, 0xF79E, 0xF79E,
  0x2925, 0x2925, 0x2925, 0x2925, 0x2925, 0x2925, 0xC5F8, 0xC5F8, 0x83F1, 0x83F1, 0x83F1, 0x83F1,
  0x83F1, 0x83F1, 0x83F1, 0x83F1, 0x83F1, 0x83F1, 0x83F1, 0x83F1, 0x231B, 0x4821, 0xFCB2, 0xFCB2,
  0xFCB2, 0x8022, 0xFCB2, 0xFCB2, 0xFCB2, 0xEF7E, 0xEF7E, 0xEF7E, 0xEF7E, 0xFFFF, 0xFFFF, 0xFFFF,
  0xFFFF, 0xFFFF, 0xFFFF, 0xFFFF, 0xFFFF, 0xFFFF, 0xFFFF, 0xFFFF, 0xFFFF, 0xFFFF, 0xFFFF, 0xFFFF,
  0xFFFF, 0xFFFF, 0xFFFF, 0xFFFF, 0xFFFF, 0xFFFF, 0xFFFF, 0xFFFF, 0xFFFF, 0xFFFF, 0xFFFF, 0xFFFF,
  0xFFFF, 0xFFFF, 0xFFFF, 0xFFFF, 0xFFFF, 0xFFFF, 0xFFFF, 0xFFFF, 0xFFFF, 0xFFFF, 0xFFFF, 0xFFFF,
  0xFFFF, 0xFFFF, 0xFFFF, 0xFFFF, 0xFFFF, 0xFFFF, 0xFFFF, 0xFFFF, 0xFFFF, 0xFFFF, 0xFFFF, 0xFFFF,
  0xFFFF, 0xFFFF, 0xFFFF, 0xFFFF, 0xFFFF, 0xFFFF, 0xFFFF, 0xFFFF, 0xFFFF, 0xFFFF, 0xFFFF, 0xFFFF,
  0xFFFF, 0xFFFF, 0xFFFF, 0xFFFF, 0xFFFF, 0xFFFF, 0xFFFF, 0xFFFF, 0xFFFF, 0xFFFF, 0xFFFF, 0xFFFF,
  0xFFFF, 0xFFFF, 0xFFFF, 0xFFFF, 0xFFFF, 0xFFFF, 0xFFFF, 0xFFFF, 0xFFFF, 0xFFFF, 0xFFFF, 0xFFFF,
  0xFFFF, 0xFFFF, 0xFFFF, 0xFFFF, 0xFFFF, 0xFFFF, 0xFFFF, 0xFFFF, 0xFFFF, 0xFFFF, 0xFFFF, 0xFFFF,
  0xFFFF, 0xFFFF, 0xFFFF, 0xFFFF, 0xFFFF, 0xFFFF, 0xFFFF, 0xFFFF, 0xFFFF, 0xFFFF, 0xFFFF, 0xEF7E,
  0xEF7E, 0xEF7E, 0xEF7E, 0xB48B, 0xD58F, 0xD58F, 0xD58F, 0xD58F, 0xD58F, 0xD58F, 0xB48B, 0xD58F,
  0xD58F, 0xD58F, 0xD58F, 0xD58F, 0xD58F, 0xB48B, 0xD58F, 0xD58F, 0xD58F, 0xD58F, 0xD58F, 0xD58F,
  0xB48B, 0xD58F, 0xD58F, 0xD58F, 0xD58F, 0xD58F, 0xD58F, 0xB48B, 0xD58F, 0xD58F, 0xD58F, 0xD58F,
  0xD58F, 0xD58F, 0xB48B, 0xD58F, 0xD58F, 0xD58F, 0xD58F, 0xD58F, 0xD58F, 0xB48B, 0xD58F, 0xD58F,
  0xD58F, 0xD58F, 0x2104, 0x2104, 0x2104, 0x2104, 0x2104, 0x2104, 0x2104, 0x2104, 0x2104, 0x2104,
  0x2104, 0xF77E, 0xF77E, 0xF77E, 0xF77E, 0xF77E, 0xD946, 0xD946, 0xD946, 0xD946, 0xD946, 0xD946,
  0xD946, 0xD946, 0xD946, 0xD946, 0xD946, 0xD946, 0xD946, 0xD946, 0xD946, 0xD946, 0xD946, 0xD946,
  0xD946, 0xD946, 0xD946, 0xD946, 0xD946, 0xD946, 0xD946, 0xD946, 0xD946, 0xD946, 0xD946, 0xD946,
  0xD946, 0xD946, 0xD946, 0xF77E, 0xF77E, 0xF77E, 0xF77E, 0xF77E, 0xBDD7, 0xBDD7, 0xBDD7, 0x2104,
  0xC145, 0xC145, 0xC145, 0xC145, 0xC145, 0xC145, 0xC145, 0xC145, 0x9CB1, 0x9CB1, 0x9CB1, 0x9CB1,
  0x528B, 0x528B, 0x528B, 0xBDD7, 0xBDD7, 0xBDD7, 0xBDD7, 0xBDD7, 0xBDD7, 0xBDD7, 0xBDD7, 0xBDD7,
  0xBDD7, 0xB925, 0xB925, 0xB925, 0xB925, 0xB925, 0xB925, 0xB925, 0xB925, 0xB925, 0xB925, 0xB925,
  0xB925, 0xB925, 0xB925, 0xB925, 0xB925, 0xB925, 0xB925, 0xB925, 0xB925, 0xB925, 0xD69A, 0xD69A,
  0xD69A, 0xD69A, 0xD69A, 0xD69A, 0xD69A, 0xD69A, 0xD69A, 0xD69A, 0xD69A, 0xD69A, 0xD69A, 0xD69A,
  0xD69A, 0xD69A, 0xD69A, 0xD69A, 0xD69A, 0xD69A, 0x2105, 0x2105, 0x2105, 0x2105, 0x2105, 0x2105,
  0xA535, 0x738F, 0x738F, 0x738F, 0x738F, 0x738F, 0x738F, 0x738F, 0x738F, 0x738F, 0x738F, 0x738F,
  0x738F, 0x738F, 0x738F, 0x738F, 0x22B8, 0x4001, 0xD8E5, 0xD8E5, 0xD8E5, 0x7002, 0xD8E5, 0xD8E5,
  0xD8E5, 0xCE7A, 0xCE7A, 0xCE7A, 0xCE7A, 0x1082, 0x1082, 0x1082, 0x1082, 0x1082, 0x1082, 0x1082,
  0x1082, 0x1082, 0x1082, 0x1082, 0x1082, 0x1082, 0x1082, 0x1082, 0x1082, 0x1082, 0x1082, 0x1082,
  0x1082, 0x1082, 0x1082, 0x1082, 0x1082, 0x1082, 0x1082, 0x1082, 0x1082, 0x1082, 0x1082, 0x1082,
  0x1082, 0x1082, 0x1082, 0x1082, 0x1082, 0x1082, 0x1082, 0x1082, 0x1082, 0x1082, 0x1082, 0x1082,
  0x1082, 0x1082, 0x1082, 0x1082, 0x1082, 0x1082, 0x1082, 0x1082, 0x1082, 0x1082, 0x1082, 0x1082,
  0x1082, 0x1082, 0x1082, 0x1082, 0x1082, 0x1082, 0x1082, 0x1082, 0x1082, 0x1082, 0x1082, 0x1082,
  0x1082, 0x1082, 0x1082, 0x1082, 0x1082, 0x1082, 0x1082, 0x1082, 0x1082, 0x1082, 0x1082, 0x1082,
  0x1082, 0x1082, 0x1082, 0x1082, 0x1082, 0x1082, 0x1082, 0x1082, 0x1082, 0x1082, 0x1082, 0x1082,
  0x1082, 0x1082, 0x1082, 0x1082, 0x1082, 0x1082, 0x1082, 0x1082, 0x1082, 0x1082, 0x1082, 0x1082,
  0x1082, 0x1082, 0x1082, 0x1082, 0x1082, 0x1082, 0x1082, 0xCE7A, 0xCE7A, 0xCE7A, 0xCE7A, 0xC0E5,
  0xC0E5, 0xB4CD, 0xB4CD, 0xB4CD, 0xB4CD, 0x9BEA, 0xB4CD, 0xB4CD, 0xB4CD, 0xB4CD, 0xB4CD, 0xB4CD,
  0x9BEA, 0xB4CD, 0xB4CD, 0xB4CD, 0xB4CD, 0xB4CD, 0xB4CD, 0x9BEA, 0xB4CD, 0xB4CD, 0xB4CD, 0xB4CD,
  0xB4CD, 0xB4CD, 0x9BEA, 0xB4CD, 0xB4CD, 0xB4CD, 0xB4CD, 0xB4CD, 0xB4CD, 0x9BEA, 0xB4CD, 0xB4CD,
  0xB4CD, 0xB4CD, 0xB4CD, 0xB4CD, 0x9BEA, 0xB4CD, 0xB4CD, 0xB4CD, 0xB4CD, 0xB4CD, 0xB4CD, 0x9BEA,
  0x18E3, 0x18E3, 0x18E3, 0x18E3, 0x18E3, 0x18E3, 0x18E3, 0x18E3, 0x18E3, 0x18E3, 0x18E3, 0x18E3,
  0xD67A, 0xD67A, 0xB905, 0xB905, 0xB905, 0xB905, 0xB905, 0xB905, 0xB905, 0xB905, 0xB905, 0xB905,
  0xB905, 0xB905, 0xB905, 0xB905, 0xB905, 0xB905, 0xB905, 0xB905, 0xB905, 0xB905, 0xB905, 0xB905,
  0xB905, 0xB905, 0xB905, 0xB905, 0xB905, 0xB905, 0xB905, 0xB905, 0xB905, 0xB905, 0xB905, 0xD67A,
  0xD67A, 0xD67A, 0xD67A, 0xD67A, 0xD6BB, 0xD6BB, 0xD6BB, 0xD966, 0xD966, 0xD966, 0xD966, 0xD966,
  0xB574, 0xB574, 0xB574, 0xB574, 0x5AEC, 0x5AEC, 0x5AEC, 0xD6BB, 0xD6BB, 0xD6BB, 0xD6BB, 0xD6BB,
  0xD6BB, 0xD6BB, 0xD6BB, 0xD6BB, 0xD6BB, 0xD6BB, 0xD146, 0xD146, 0xD146, 0xD146, 0xD146, 0xD146,
  0xD146, 0xD146, 0xD146, 0xD146, 0xD146, 0xD146, 0xD146, 0xD146, 0xD146, 0xD146, 0xD146, 0xD146,
  0xD146, 0xD146, 0xD146, 0xD146, 0xD146, 0xD146, 0xF79E, 0xF79E, 0xF79E, 0xF79E, 0xF79E, 0xF79E,
  0xF79E, 0xF79E, 0xF79E, 0xF79E, 0xF79E, 0xF79E, 0xF79E, 0xF79E, 0xF79E, 0xF79E, 0xF79E, 0xF79E,
  0x2925, 0x2925, 0x2925, 0x2925, 0x2925, 0x2925, 0xC5F8, 0x8431, 0x8431, 0x8431, 0x8431, 0x8431,
  0x8431, 0x8431, 0x8431, 0x8431, 0x8431, 0x8431, 0x8431, 0x8431, 0x8431, 0x8431, 0x8431, 0x231B,
  0x231B, 0x4821, 0xF905, 0xF905, 0xF905, 0x8022, 0xF905, 0xF905, 0xF905, 0xEF7E, 0xEF7E, 0xEF7E,
  0xEF7E, 0x1083, 0x1083, 0x1083, 0x1083, 0x1083, 0x1083, 0x1083, 0x1083, 0x1083, 0x1083, 0x1083,
  0x1083, 0x1083, 0x1083, 0x1083, 0x1083, 0x1083, 0x1083, 0x1083, 0x1083, 0x1083, 0x1083, 0x1083,
  0x1083, 0x1083, 0x1083, 0x1083, 0x1083, 0x1083, 0x1083, 0x1083, 0x1083, 0x1083, 0x1083, 0x1083,
  0x1083, 0x1083, 0x1083, 0x1083, 0x1083, 0x1083, 0x1083, 0x1083, 0x1083, 0x1083, 0x1083, 0x1083,
  0x1083, 0x1083, 0x1083, 0x1083, 0x1083, 0x1083, 0x1083, 0x1083, 0x1083, 0x1083, 0x1083, 0x1083,
  0x1083, 0x1083, 0x1083, 0x1083, 0x1083, 0x1083, 0x1083, 0x1083, 0x1083, 0x1083, 0x1083, 0x1083,
  0x1083, 0x1083, 0x1083, 0x1083, 0x1083, 0x1083, 0x1083, 0x1083, 0x1083, 0x1083, 0x1083, 0x1083,
  0x1083, 0x1083, 0x1083, 0x1083, 0x1083, 0x1083, 0x1083, 0x1083, 0x1083, 0x1083, 0x1083, 0x1083,
  0x1083, 0x1083, 0x1083, 0x1083, 0x1083, 0x1083, 0x1083, 0x1083, 0x1083, 0x1083, 0x1083, 0x1083,
  0x1083, 0x1083, 0x1083, 0xEF7E, 0xEF7E, 0xEF7E, 0xEF7E, 0xF79E, 0xF79E, 0xF79E, 0xD58F, 0xD58F,
  0xB48B, 0xD58F, 0xD58F, 0xD58F, 0xD58F, 0xD58F, 0xD58F, 0xB48B, 0xD58F, 0xD58F, 0xD58F, 0xD58F,
  0xD58F, 0xD58F, 0xB48B, 0xD58F, 0xD58F, 0xD58F, 0xD58F, 0xD58F, 0xD58F, 0xB48B, 0xD58F, 0xD58F,
  0xD58F, 0xD58F, 0xD58F, 0xD58F, 0xB48B, 0xD58F, 0xD58F, 0xD58F, 0xD58F, 0xD58F, 0xD58F, 0xB48B,
  0xD58F, 0xD58F, 0xD58F, 0xD58F, 0xD58F, 0xD58F, 0xB48B, 0xD58F, 0xD58F, 0xD58F, 0xD58F, 0x2104,
  0x2104, 0x2104, 0x2104, 0x2104, 0x2104, 0x2104, 0x2104, 0x2104, 0x2104, 0x2104, 0x20E4, 0xD946,
  0xD946, 0xD946, 0xD946, 0xD946, 0xD946, 0xD946, 0xD946, 0xD946, 0xD946, 0xD946, 0xD946, 0xD946,
  0xD946, 0xD946, 0xD946, 0xD946, 0xD946, 0xD946, 0xD946, 0xD946, 0xD946, 0xD946, 0xD946, 0xD946,
  0xD946, 0xD946, 0xD946, 0xD946, 0xD946, 0xD946, 0xD946, 0xF77E, 0xF77E, 0xF77E, 0xF77E, 0xF77E,
  0xBDD7, 0xBDD7, 0xBDD7, 0xC145, 0x9CB1, 0x9CB1, 0x9CB1, 0x9CB1, 0x9CB1, 0x528B, 0x528B, 0x528B,
  0xBDD7, 0xBDD7, 0xBDD7, 0xBDD7, 0xBDD7, 0xBDD7, 0xBDD7, 0xBDD7, 0xBDD7, 0xBDD7, 0xB925, 0xB925,
  0xB925, 0xB925, 0xB925, 0xB925, 0xB925, 0xB925, 0xB925, 0xB925, 0xB925, 0xB925, 0xB925, 0xB925,
  0xB925, 0xB925, 0xB925, 0xB925, 0xB925, 0xB925, 0xB925, 0xB925, 0xB925, 0xB925, 0xB925, 0xB925,
  0xB925, 0xB925, 0xD69A, 0xD69A, 0xD69A, 0xD69A, 0xD69A, 0xD69A, 0xD69A, 0xD69A, 0xD69A, 0xD69A,
  0xD69A, 0xD69A, 0xD69A, 0xD69A, 0xD69A, 0x2105, 0x2105, 0x2105, 0x2105, 0x2105, 0x2105, 0x2105,
  0xA535, 0x738F, 0x738F, 0x738F, 0x738F, 0x738F, 0x738F, 0x738F, 0x738F, 0x738F, 0x738F, 0x738F,
  0x738F, 0x738F, 0x738F, 0x738F, 0x738F, 0x738F, 0x738F, 0x22B8, 0x22B8, 0x4001, 0xD8E5, 0xD8E5,
  0xD8E5, 0x7002, 0xD8E5, 0xD8E5, 0xD8E5, 0xCE7A, 0xCE7A, 0xCE7A, 0xCE7A, 0x1082, 0x1082, 0x1082,
  0x1082, 0x1082, 0x1082, 0x1082, 0x1082, 0x1082, 0x1082, 0x1082, 0x1082, 0x1082, 0x1082, 0x1082,
  0x1082, 0x1082, 0x1082, 0x1082, 0x1082, 0x1082, 0x1082, 0x1082, 0x1082, 0x1082, 0x1082, 0x1082,
  0x1082, 0x1082, 0x1082, 0x1082, 0x1082, 0x1082, 0x1082, 0x1082, 0x1082, 0x1082, 0x1082, 0x1082,
  0x1082, 0x1082, 0x1082, 0x1082, 0x1082, 0x1082, 0x1082, 0x1082, 0x1082, 0x1082, 0x1082, 0x1082,
  0x1082, 0x1082, 0x1082, 0x1082, 0x1082, 0x1082, 0x1082, 0x1082, 0x1082, 0x1082, 0x1082, 0x1082,
  0x1082, 0x1082, 0x1082, 0x1082, 0x1082, 0x1082, 0x1082, 0x1082, 0x1082, 0x1082, 0x1082, 0x1082,
  0x1082, 0x1082, 0x1082, 0x1082, 0x1082, 0x1082, 0x1082, 0x1082, 0x1082, 0x1082, 0x1082, 0x1082,
  0x1082, 0x1082, 0x1082, 0x1082, 0x1082, 0x1082, 0x1082, 0x1082, 0x1082, 0x1082, 0x1082, 0x1082,
  0x1082, 0x1082, 0x1082, 0x1082, 0x1082, 0x1082, 0x1082, 0x1082, 0x1082, 0x1082, 0x1082, 0xCE7A,
  0xCE7A, 0xCE7A, 0xCE7A, 0xD69A, 0xD69A, 0xD69A, 0xD69A, 0xD69A, 0xB4CD, 0xB4CD, 0xB4CD, 0xB4CD,
  0xB4CD, 0xB4CD, 0x9BEA, 0xB4CD, 0xB4CD, 0xB4CD, 0xB4CD, 0xB4CD, 0xB4CD, 0x9BEA, 0xB4CD, 0xB4CD,
  0xB4CD, 0xB4CD, 0xB4CD, 0xB4CD, 0x9BEA, 0xB4CD, 0xB4CD, 0xB4CD, 0xB4CD, 0xB4CD, 0xB4CD, 0x9BEA,
  0xB4CD, 0xB4CD, 0xB4CD, 0xB4CD, 0xB4CD, 0xB4CD, 0x9BEA, 0xB4CD, 0xB4CD, 0xB4CD, 0xB4CD, 0xB4CD,
  0xB4CD, 0x9BEA, 0xB4CD, 0xB4CD, 0xB4CD, 0xB4CD, 0xB4CD, 0xB4CD, 0x9BEA, 0xB4CD, 0x18E3, 0x18E3,
  0x18E3, 0x18E3, 0x18E3, 0x18E3, 0x18E3, 0x18E3, 0x18C3, 0x18C3, 0x18C3, 0x18C3, 0xB905, 0xB905,
  0xB905, 0xB905, 0xB905, 0xB905, 0xB905, 0xB905, 0xB905, 0xB905, 0xB905, 0xB905, 0xB905, 0xB905,
  0xB905, 0xB905, 0xB905, 0xB905, 0xB905, 0xB905, 0xB905, 0xB905, 0xB905, 0xB905, 0xB905, 0xB905,
  0xB905, 0xB905, 0xB905, 0xD67A, 0xD67A, 0xD67A, 0xD67A, 0xD67A, 0xB574, 0xB574, 0xB574, 0xB574,
  0xB574, 0x5AEC, 0x5AEC, 0x5AEC, 0xD6BB, 0xD6BB, 0xD6BB, 0xD6BB, 0xD6BB, 0xD6BB, 0xD6BB, 0xD6BB,
  0xD6BB, 0xD6BB, 0xD6BB, 0xD146, 0xD146, 0xD146, 0xD146, 0xD146, 0xD146, 0xD146, 0xD146, 0xD146,
  0xD146, 0xD146, 0xD146, 0xD146, 0xD146, 0xD146, 0xD146, 0xD146, 0xD146, 0xD146, 0xD146, 0xD146,
  0xD146, 0xD146, 0xD146, 0xD146, 0xD146, 0xD146, 0xD146, 0xD146, 0xD146, 0xD146, 0xF79E, 0xF79E,
  0xF79E, 0xF79E, 0xF79E, 0xF79E, 0xF79E, 0xF79E, 0xF79E, 0xF79E, 0xF79E, 0xF79E, 0xF79E, 0x2925,
  0x2925, 0x2925, 0x2925, 0x2925, 0x2925, 0x2925, 0xBDF8, 0x8431, 0x8431, 0x8431, 0x8431, 0x8431,
  0x8431, 0x8431, 0x8431, 0x8431, 0x8431, 0x8431, 0x8431, 0x8431, 0x8431, 0x8431, 0x8431, 0x8431,
  0x8431, 0x8431, 0x8431, 0x231B, 0x231B, 0x231B, 0x231B, 0x231B, 0x231B, 0x231B, 0x231B, 0x231B,
  0x231B, 0xEF7E, 0xEF7E, 0xEF7E, 0xEF7E, 0x1083, 0x1083, 0x1083, 0x1083, 0x1083, 0x1083, 0x1083,
  0x1083, 0x1083, 0x1083, 0x1083, 0x1083, 0x1083, 0x1083, 0x1083, 0x1083, 0x1083, 0x1083, 0x1083,
  0x1083, 0x1083, 0x1083, 0x1083, 0x1083, 0x1083, 0x1083, 0x1083, 0x1083, 0x1083, 0x1083, 0x1083,
  0x1083, 0x1083, 0x1083, 0x1083, 0x1083, 0x1083, 0x1083, 0x1083, 0x1083, 0x1083, 0x1083, 0x1083,
  0x1083, 0x1083, 0x1083, 0x1083, 0x1083, 0x1083, 0x1083, 0x1083, 0x1083, 0x1083, 0x1083, 0x1083,
  0x1083, 0x1083, 0x1083, 0x1083, 0x1083, 0x1083, 0x1083, 0x1083, 0x1083, 0x1083, 0x1083, 0x1083,
  0x1083, 0x1083, 0x1083, 0x1083, 0x1083, 0x1083, 0x1083, 0x1083, 0x1083, 0x1083, 0x1083, 0x1083,
  0x1083, 0x1083, 0x1083, 0x1083, 0x1083, 0x1083, 0x1083, 0x1083, 0x1083, 0x1083, 0x1083, 0x1083,
  0x1083, 0x1083, 0x1083, 0x1083, 0x1083, 0x1083, 0x1083, 0x1083, 0x1083, 0x1083, 0x1083, 0x1083,
  0x1083, 0x1083, 0x1083, 0x1083, 0x1083, 0x1083, 0x1083, 0xEF7E, 0xEF7E, 0xEF7E, 0xEF7E, 0xF79E,
  0xF79E, 0xF79E, 0xF79E, 0xF79E, 0xF79E, 0xD58F, 0xD58F, 0xD58F, 0xD58F, 0xB48B, 0xD58F, 0xD58F,
  0xD58F, 0xD58F, 0xD58F, 0xD58F, 0xB48B, 0xD58F, 0xD58F, 0xD58F, 0xD58F, 0xD58F, 0xD58F, 0xB48B,
  0xD58F, 0xD58F, 0xD58F, 0xD58F, 0xD58F, 0xD58F, 0xB48B, 0xD58F, 0xD58F, 0xD58F, 0xD58F, 0xD58F,
  0xD58F, 0xB48B, 0xD58F, 0xD58F, 0xD58F, 0xD58F, 0xD58F, 0xD58F, 0xB48B, 0xD58F, 0xD58F, 0xD58F,
  0xD58F, 0xD58F, 0xD58F, 0xB48B, 0xD58F, 0xD58F, 0xD58F, 0xD58F, 0xD58F, 0x2104, 0x2104, 0x2104,
  0x2104, 0x2104, 0x20E4, 0x20E4, 0x20E4, 0x20E4, 0x20E4, 0x20E4, 0x20E4, 0x20E4, 0xD946, 0xD946,
  0xD946, 0xD946, 0xD946, 0xD946, 0xD946, 0xD946, 0xD946, 0xD946, 0xD946, 0xD946, 0xD946, 0xD946,
  0xD946, 0xD946, 0xD946, 0xD946, 0xD946, 0xD946, 0xD946, 0xD946, 0xD946, 0xD946, 0xD946, 0xF77E,
  0xF77E, 0xF77E, 0xF77E, 0xF77E, 0x9CB1, 0x528B, 0x528B, 0x528B, 0xBDD7, 0xBDD7, 0xBDD7, 0xBDD7,
  0xBDD7, 0xBDD7, 0xBDD7, 0xBDD7, 0xBDD7, 0xBDD7, 0xBDD7, 0xBDD7, 0xB925, 0xB925, 0xB925, 0xB925,
  0xB925, 0xB925, 0xB925, 0xB925, 0xB925, 0xB925, 0xB925, 0xB925, 0xB925, 0xB925, 0xB925, 0xB925,
  0xB925, 0xB925, 0xB925, 0xB925, 0xB925, 0xB925, 0xB925, 0xB925, 0xB925, 0xB925, 0xB925, 0xB925,
  0xB925, 0xB925, 0xB925, 0xB925, 0xB925, 0xB925, 0xD69A, 0xD69A, 0xD69A, 0xD69A, 0xD69A, 0xD69A,
  0xD69A, 0xD69A, 0xD69A, 0xD69A, 0xD69A, 0x2105, 0x2105, 0x2105, 0x2105, 0x2105, 0x2105, 0x528B,
  0xA535, 0x738F, 0x738F, 0x738F, 0x738F, 0x738F, 0x738F, 0x738F, 0x738F, 0x738F, 0x738F, 0x738F,
  0x738F, 0x738F, 0x738F, 0x738F, 0x738F, 0x738F, 0x738F, 0x738F, 0x738F, 0x738F, 0x738F, 0x22B8,
  0x22B8, 0x22B8, 0x22B8, 0x22B8, 0x22B8, 0x22B8, 0x22B8, 0x22B8, 0x22B8, 0xCE7A, 0xCE7A, 0xCE7A,
  0xCE7A, 0x1082, 0x1082, 0x1082, 0x1082, 0x1082, 0x1082, 0x1082, 0x1082, 0x1082, 0x1082, 0x1082,
  0x1082, 0x1082, 0x1082, 0x1082, 0x1082, 0x1082, 0x1082, 0x1082, 0x1082, 0x1082, 0x1082, 0x1082,
  0x1082, 0x1082, 0x1082, 0x1082, 0x1082, 0x1082, 0x1082, 0x1082, 0x1082, 0x1082, 0x1082, 0x1082,
  0x1082, 0x1082, 0x1082, 0x1082, 0x1082, 0x1082, 0x1082, 0x1082, 0x1082, 0x1082, 0x1082, 0x1082,
  0x1082, 0x1082, 0x1082, 0x1082, 0x1082, 0x1082, 0x1082, 0x1082, 0x1082, 0x1082, 0x1082, 0x1082,
  0x1082, 0x1082, 0x1082, 0x1082, 0x1082, 0x1082, 0x1082, 0x1082, 0x1082, 0x1082, 0x1082, 0x1082,
  0x1082, 0x1082, 0x1082, 0x1082, 0x1082, 0x1082, 0x1082, 0x1082, 0x1082, 0x1082, 0x1082, 0x1082,
  0x1082, 0x1082, 0x1082, 0x1082, 0x1082, 0x1082, 0x1082, 0x1082, 0x1082, 0x1082, 0x1082, 0x1082,
  0x1082, 0x1082, 0x1082, 0x1082, 0x1082, 0x1082, 0x1082, 0x1082, 0x1082, 0x1082, 0x1082, 0x1082,
  0x1082, 0x1082, 0x1082, 0xCE7A, 0xCE7A, 0xCE7A, 0xCE7A, 0xD69A, 0xD69A, 0xD69A, 0xD69A, 0xD69A,
  0xD69A, 0xD69A, 0xD69A, 0xB4CD, 0x9BEA, 0xB4CD, 0xB4CD, 0xB4CD, 0xB4CD, 0xB4CD, 0xB4CD, 0x9BEA,
  0xB4CD, 0xB4CD, 0xB4CD, 0xB4CD, 0xB4CD, 0xB4CD, 0x9BEA, 0xB4CD, 0xB4CD, 0xB4CD, 0xB4CD, 0xB4CD,
  0xB4CD, 0x9BEA, 0xB4CD, 0xB4CD, 0xB4CD, 0xB4CD, 0xB4CD, 0xB4CD, 0x9BEA, 0xB4CD, 0xB4CD, 0xB4CD,
  0xB4CD, 0xB4CD, 0xB4CD, 0x9BEA, 0xB4CD, 0xB4CD, 0xB4CD, 0xB4CD, 0xB4CD, 0xB4CD, 0x9BEA, 0xB4CD,
  0xB4CD, 0xB4CD, 0xB4CD, 0xB4CD, 0xB4CD, 0x9BEA, 0xB4CD, 0x18E3, 0x18E3, 0x18E3, 0x18C3, 0x18C3,
  0x18C3, 0x18C3, 0x18C3, 0x18C3, 0x18C3, 0x18C3, 0x18C3, 0x18C3, 0x18C3, 0xB905, 0xB905, 0xB905,
  0xB905, 0xB905, 0xB905, 0xB905, 0xB905, 0xB905, 0xB905, 0xB905, 0xB905, 0xB905, 0xB905, 0xB905,
  0xB905, 0xB905, 0xB905, 0xB905, 0xB905, 0xB905, 0xB905, 0xD67A, 0xD67A, 0xD67A, 0xD67A, 0xD67A,
  0xD6BB, 0xD6BB, 0xD6BB, 0xD6BB, 0xD6BB, 0xD6BB, 0xD6BB, 0xD6BB, 0xD6BB, 0xD6BB, 0xD6BB, 0xD6BB,
  0xD146, 0xD146, 0xD146, 0xD146, 0xD146, 0xD146, 0xD146, 0xD146, 0xD146, 0xD146, 0xD146, 0xD146,
  0xD146, 0xD146, 0xD146, 0xD146, 0xD146, 0xD146, 0xD146, 0xD146, 0xD146, 0xD146, 0xD146, 0xD146,
  0xD146, 0xD146, 0xD146, 0xD146, 0xD146, 0xD146, 0xD146, 0xD146, 0xD146, 0xD146, 0xD146, 0xD146,
  0xD146, 0xD146, 0xF79E, 0xF79E, 0xF79E, 0xF79E, 0xF79E, 0xF79E, 0xF79E, 0xF79E, 0x2925, 0x2925,
  0x2925, 0x2925, 0x2925, 0x2925, 0x2925, 0xBDF8, 0xBDF8, 0x8431, 0x8431, 0x8431, 0x8431, 0x8431,
  0x8431, 0x8431, 0x8431, 0x8431, 0x8431, 0x8431, 0x8431, 0x8431, 0x8431, 0x8431, 0x8431, 0x8431,
  0x8431, 0x8431, 0x8431, 0x8431, 0x8431, 0x8431, 0x231B, 0x231B, 0x231B, 0x231B, 0x231B, 0x231B,
  0x231B, 0x231B, 0x231B, 0x231B, 0x231B, 0xEF7E, 0xEF7E, 0xEF7E, 0xEF7E, 0x1083, 0x1083, 0x1083,
  0x1083, 0x1083, 0x1083, 0x1083, 0x1083, 0x1083, 0x1083, 0x1083, 0x1083, 0x1083, 0x1083, 0x1083,
  0x1083, 0x1083, 0x1083, 0x1083, 0x1083, 0x1083, 0x1083, 0x1083, 0x1083, 0x1083, 0x1083, 0x1083,
  0x1083, 0x1083, 0x1083, 0x1083, 0x1083, 0x1083, 0x1083, 0x1083, 0x1083, 0x1083, 0x1083, 0x1083,
  0x1083, 0x1083, 0x1083, 0x1083, 0x1083, 0x1083, 0x1083, 0x1083, 0x1083, 0x1083, 0x1083, 0x1083,
  0x1083, 0x1083, 0x1083, 0x1083, 0x1083, 0x1083, 0x1083, 0x1083, 0x1083, 0x1083, 0x1083, 0x1083,
  0x1083, 0x1083, 0x1083, 0x1083, 0x1083, 0x1083, 0x1083, 0x1083, 0x1083, 0x1083, 0x1083, 0x1083,
  0x1083, 0x1083, 0x1083, 0x1083, 0x1083, 0x1083, 0x1083, 0x1083, 0x1083, 0x1083, 0x1083, 0x1083,
  0x1083, 0x1083, 0x1083, 0x1083, 0x1083, 0x1083, 0x1083, 0x1083, 0x1083, 0x1083, 0x1083, 0x1083,
  0x1083, 0x1083, 0x1083, 0x1083, 0x1083, 0x1083, 0x1083, 0x1083, 0x1083, 0x1083, 0x1083, 0xEF7E,
  0xEF7E, 0xEF7E, 0xEF7E, 0xF79E, 0xF79E, 0xF79E, 0xF79E, 0xF79E, 0xF79E, 0xF79E, 0xF79E, 0xF79E,
  0xD58F, 0xD58F, 0xD58F, 0xD58F, 0xD58F, 0xD58F, 0xB48B, 0xD58F, 0xD58F, 0xD58F, 0xD58F, 0xD58F,
  0xD58F, 0xB48B, 0xD58F, 0xD58F, 0xD58F, 0xD58F, 0xD58F, 0xD58F, 0xB48B, 0xD58F, 0xD58F, 0xD58F,
  0xD58F, 0xD58F, 0xD58F, 0xB48B, 0xD58F, 0xD58F, 0xD58F, 0xD58F, 0xD58F, 0xD58F, 0xB48B, 0xD58F,
  0xD58F, 0xD58F, 0xD58F, 0xD58F, 0xD58F, 0xB48B, 0xD58F, 0xD58F, 0xD58F, 0xD58F, 0xD58F, 0xD58F,
  0xB48B, 0xD58F, 0xD58F, 0xD58F, 0xD58F, 0xD58F, 0x20E4, 0x20E4, 0x20E4, 0x20E4, 0x20E4, 0x20E4,
  0x20E4, 0x20E4, 0x20E4, 0x20E4, 0x20E4, 0x20E4, 0x20E4, 0x20E4, 0xD946, 0xD946, 0xD946, 0xD946,
  0xD946, 0xD946, 0xD946, 0xD946, 0xD946, 0xD946, 0xD946, 0xD946, 0xD946, 0xD946, 0xD946, 0xD946,
  0xD946, 0xD946, 0xD946, 0xF77E, 0xF77E, 0xF77E, 0xF77E, 0xF77E, 0xBDD7, 0xBDD7, 0xBDD7, 0xBDD7,
  0xBDD7, 0xBDD7, 0xBDD7, 0xBDD7, 0xBDD7, 0xB925, 0xB925, 0xB925, 0xB925, 0xB925, 0xB925, 0xB925,
  0xB925, 0xB925, 0xB925, 0xB925, 0xB925, 0xB925, 0xB925, 0xB925, 0xB925, 0xB925, 0xB925, 0xB925,
  0xB925, 0xB925, 0xB925, 0xB925, 0xB925, 0xB925, 0xB925, 0xB925, 0xB925, 0xB925, 0xB925, 0xB925,
  0xB925, 0xB925, 0xB925, 0xB925, 0xB925, 0xB925, 0xB925, 0xB925, 0xB925, 0xB925, 0xD69A, 0xD69A,
  0xD69A, 0xD69A, 0xD69A, 0xD69A, 0x2105, 0x2105, 0x2105, 0x2105, 0x2105, 0x2105, 0x2105, 0xA535,
  0xA535, 0x738F, 0x738F, 0x738F, 0x738F, 0x738F, 0x738F, 0x738F, 0x738F, 0x738F, 0x738F, 0x738F,
  0x738F, 0x738F, 0x738F, 0x738F, 0x738F, 0x738F, 0x738F, 0x738F, 0x738F, 0x738F, 0x738F, 0x738F,
  0x738F, 0xD69A, 0x22B8, 0x22B8, 0x22B8, 0x22B8, 0x22B8, 0x22B8, 0x22B8, 0x22B8, 0x22B8, 0x22B8,
  0x22B8, 0xCE7A, 0xCE7A, 0xCE7A, 0xCE7A, 0x22B8, 0x22B8, 0x22B8, 0x22B8, 0x22B8, 0x22B8, 0x22B8,
  0x22B8, 0x22B8, 0x22B8, 0x22B8, 0x22B8, 0xD679, 0x10A3, 0x10A3, 0x10A3, 0x10A3, 0x10A3, 0xCE7A,
  0xCE7A, 0xCE7A, 0xCE7A, 0x8432, 0x8432, 0x8432, 0x8432, 0x8432, 0x42B6, 0x42B6, 0x42B6, 0x42B6,
  0x42B6, 0x42B6, 0x42B6, 0x42B6, 0x42B6, 0x42B6, 0x42B6, 0x42B6, 0x42B6, 0x10A7, 0x10A7, 0x10A7,
  0x10A7, 0x10A7, 0x10A7, 0x10A7, 0x10A7, 0x10A7, 0x10A7, 0x10A7, 0x10A7, 0x10A7, 0x10A7, 0x10A7,
  0x10A7, 0x10A7, 0x10A7, 0x10A7, 0x10A7, 0x10A7, 0x10A7, 0x10A7, 0x10A7, 0x10A7, 0x10A7, 0x10A7,
  0x10A7, 0x10A7, 0x10A7, 0x10A7, 0x10A7, 0x10A7, 0x10A7, 0x10A7, 0x10A7, 0x10A7, 0x10A7, 0x10A7,
  0x10A7, 0x10A7, 0x10A7, 0x10A7, 0x8432, 0x8432, 0x8432, 0x8432, 0x8432, 0xCE7A, 0xCE7A, 0xCE7A,
  0xCE7A, 0x4A4A, 0x4A4A, 0x4A4A, 0x4A4A, 0x4A4A, 0x4A4A, 0x4A4A, 0x4A4A, 0x4A4A, 0x4A4A, 0x4A4A,
  0x4A4A, 0x4A4A, 0x4A4A, 0x4A4A, 0x4A4A, 0x4A4A, 0xD69A, 0xCE7A, 0xCE7A, 0xCE7A, 0xCE7A, 0xD69A,
  0xD69A, 0xD69A, 0xD69A, 0xD69A, 0xD69A, 0xD69A, 0xD69A, 0xD69A, 0xD69A, 0xD69A, 0xB4CD, 0xB4CD,
  0xB4CD, 0x9BEA, 0xB4CD, 0xB4CD, 0xB4CD, 0xB4CD, 0xB4CD, 0xB4CD, 0x9BEA, 0xB4CD, 0xB4CD, 0xB4CD,
  0xB4CD, 0xB4CD, 0xB4CD, 0x9BEA, 0xB4CD, 0xB4CD, 0xB4CD, 0xB4CD, 0xB4CD, 0xB4CD, 0x9BEA, 0xB4CD,
  0xB4CD, 0xB4CD, 0xB4CD, 0xB4CD, 0xB4CD, 0x9BEA, 0xB4CD, 0xB4CD, 0xB4CD, 0xB4CD, 0xB4CD, 0xB4CD,
  0x9BEA, 0xB4CD, 0xB4CD, 0xB4CD, 0xB4CD, 0xB4CD, 0xB4CD, 0x9BEA, 0xB4CD, 0xB4CD, 0xB4CD, 0xB4CD,
  0xB4CD, 0xB4CD, 0x9BEA, 0xB4CD, 0xB4CD, 0x18C3, 0x18C3, 0x18C3, 0x18C3, 0x18C3, 0x18C3, 0x18C3,
  0x18C3, 0x18C3, 0x18C3, 0x18C3, 0x18C3, 0x18C3, 0x18C3, 0xB905, 0xB905, 0xB905, 0xB905, 0xB905,
  0xB905, 0xB905, 0xB905, 0xB905, 0xB905, 0xB905, 0xB905, 0xB905, 0xB905, 0xB905, 0xB905, 0xD67A,
  0xD67A, 0xD67A, 0xD67A, 0xD67A, 0xD6BB, 0xD6BB, 0xD6BB, 0xD6BB, 0xD6BB, 0xD146, 0xD146, 0xD146,
  0xD146, 0xD146, 0xD146, 0xD146, 0xD146, 0xD146, 0xD146, 0xD146, 0xD146, 0xD146, 0xD146, 0xD146,
  0xD146, 0xD146, 0xD146, 0xD146, 0xD146, 0xD146, 0xD146, 0xD146, 0xD146, 0xD146, 0xD146, 0xD146,
  0xD146, 0xD146, 0xD146, 0xD146, 0xD146, 0xD146, 0xD146, 0xD146, 0xD146, 0xD146, 0xD146, 0xD146,
  0xD146, 0xD146, 0xD146, 0xD146, 0xD146, 0xD146, 0xF79E, 0xF79E, 0xF79E, 0xF79E, 0x2925, 0x2925,
  0x2925, 0x2925, 0x2925, 0x2925, 0x2925, 0xBDF8, 0x8431, 0x8431, 0x8431, 0x8431, 0x8431, 0x8431,
  0x8431, 0x8431, 0x8431, 0x8431, 0x8431, 0x8431, 0x8431, 0x8431, 0x8431, 0x8431, 0x8431, 0x8431,
  0x8431, 0x8431, 0x8431, 0x8431, 0x8431, 0x8431, 0x8431, 0xF79E, 0xF79E, 0x0862, 0x231B, 0x231B,
  0x231B, 0x231B, 0x231B, 0x231B, 0x231B, 0x231B, 0x231B, 0x231B, 0x231B, 0xEF7E, 0xEF7E, 0xEF7E,
  0xEF7E, 0x231B, 0x231B, 0x231B, 0x231B, 0x231B, 0x231B, 0x231B, 0x231B, 0x231B, 0x231B, 0x231B,
  0x231B, 0xF77D, 0x18C3, 0x18C3, 0x18C3, 0x18C3, 0xEF7E, 0xEF7E, 0xEF7E, 0xEF7E, 0xEF7E, 0x94D5,
  0x94D5, 0x94D5, 0x94D5, 0x94D5, 0x18C8, 0x18C8, 0x18C8, 0x18C8, 0x18C8, 0x18C8, 0x18C8, 0x18C8,
  0x18C8, 0x18C8, 0x18C8, 0x18C8, 0x18C8, 0x18C8, 0x18C8, 0x18C8, 0x18C8, 0x18C8, 0x18C8, 0x18C8,
  0x18C8, 0x18C8, 0x18C8, 0x18C8, 0x18C8, 0x18C8, 0x18C8, 0x18C8, 0x18C8, 0x18C8, 0x18C8, 0x18C8,
  0x18C8, 0x18C8, 0x18C8, 0x18C8, 0x18C8, 0x18C8, 0x18C8, 0x18C8, 0x18C8, 0x18C8, 0x18C8, 0x18C8,
  0x18C8, 0x18C8, 0x18C8, 0x18C8, 0x18C8, 0x18C8, 0x18C8, 0x18C8, 0x18C8, 0x18C8, 0x18C8, 0x18C8,
  0x94D5, 0x94D5, 0x94D5, 0x94D5, 0x94D5, 0xEF7E, 0xEF7E, 0xEF7E, 0xEF7E, 0xEF7E, 0x528B, 0x528B,
  0x528B, 0x528B, 0x528B, 0x528B, 0x528B, 0x528B, 0x528B, 0x528B, 0x528B, 0x528B, 0x528B, 0x528B,
  0x528B, 0x528B, 0x528B, 0xEF7E, 0xEF7E, 0xEF7E, 0xEF7E, 0xF79E, 0xF79E, 0xF79E, 0xF79E, 0xF79E,
  0xF79E, 0xF79E, 0xF79E, 0xF79E, 0xF79E, 0xF79E, 0xF79E, 0xF79E, 0xB48B, 0xD58F, 0xD58F, 0xD58F,
  0xD58F, 0xD58F, 0xD58F, 0xB48B, 0xD58F, 0xD58F, 0xD58F, 0xD58F, 0xD58F, 0xD58F, 0xB48B, 0xD58F,
  0xD58F, 0xD58F, 0xD58F, 0xD58F, 0xD58F, 0xB48B, 0xD58F, 0xD58F, 0xD58F, 0xD58F, 0xD58F, 0xD58F,
  0xB48B, 0xD58F, 0xD58F, 0xD58F, 0xD58F, 0xD58F, 0xD58F, 0xB48B, 0xD58F, 0xD58F, 0xD58F, 0xD58F,
  0xD58F, 0xD58F, 0xB48B, 0xD58F, 0xD58F, 0xD58F, 0xD58F, 0xD58F, 0xD58F, 0xB48B, 0xD58F, 0xD58F,
  0xD58F, 0xD58F, 0xD58F, 0xD58F, 0x20E4, 0x20E4, 0x20E4, 0x20E4, 0x20E4, 0x20E4, 0x20E4, 0x20E4,
  0x20E4, 0x20E4, 0x20E4, 0x20E4, 0x20E4, 0x20E4, 0x20E4, 0xD946, 0xD946, 0xD946, 0xD946, 0xD946,
  0xD946, 0xD946, 0xD946, 0xD946, 0xD946, 0xD946, 0xD946, 0xF77E, 0xF77E, 0xF77E, 0xF77E, 0xF77E,
  0xBDD7, 0xBDD7, 0xB925, 0xB925, 0xB925, 0xB925, 0xB925, 0xB925, 0xB925, 0xB925, 0xB925, 0xB925,
  0xB925, 0xB925, 0xB925, 0xB925, 0xB925, 0xB925, 0xB925, 0xB925, 0xB925, 0xB925, 0xB925, 0xB925,
  0xB925, 0xB925, 0xB925, 0xB925, 0xB925, 0xB925, 0xB925, 0xB925, 0xB925, 0xB925, 0xB925, 0xB925,
  0xB925, 0xB925, 0xB925, 0xB925, 0xB925, 0xB925, 0xB925, 0xB925, 0xB925, 0xB925, 0xB925, 0xB925,
  0xB925, 0xB925, 0xD69A, 0x2105, 0x2105, 0x2105, 0x2105, 0x2105, 0x2105, 0x2105, 0x2105, 0xA535,
  0x738F, 0x738F, 0x738F, 0x738F, 0x738F, 0x738F, 0x738F, 0x738F, 0x738F, 0x738F, 0x738F, 0x738F,
  0x738F, 0x738F, 0x738F, 0x738F, 0x738F, 0x738F, 0x738F, 0x738F, 0x738F, 0x738F, 0x738F, 0x738F,
  0x738F, 0x738F, 0xD69A, 0xD69A, 0xC0E4, 0x22B8, 0x22B8, 0x22B8, 0x22B8, 0x22B8, 0x22B8, 0x22B8,
  0x22B8, 0x22B8, 0x22B8, 0x22B8, 0x22B8, 0xCE7A, 0xCE7A, 0xCE7A, 0xCE7A, 0x22B8, 0x22B8, 0x22B8,
  0x22B8, 0x22B8, 0x22B8, 0x22B8, 0x22B8, 0x22B8, 0x22B8, 0x22B8, 0x22B8, 0xD679, 0x10A3, 0x10A3,
  0x10A3, 0x10A3, 0xCE7A, 0xCE7A, 0xCE7A, 0xCE7A, 0x10A7, 0x8432, 0x8432, 0x8432, 0x8432, 0x8432,
  0x10A7, 0x10A7, 0x10A7, 0x10A7, 0x10A7, 0x10A7, 0x10A7, 0x10A7, 0x10A7, 0x10A7, 0x10A7, 0x10A7,
  0x10A7, 0x10A7, 0x10A7, 0x10A7, 0x10A7, 0x10A7, 0x10A7, 0x10A7, 0x10A7, 0x10A7, 0x10A7, 0x10A7,
  0x10A7, 0x10A7, 0x10A7, 0x10A7, 0x10A7, 0x10A7, 0x10A7, 0x10A7, 0x10A7, 0x10A7, 0x10A7, 0x10A7,
  0x10A7, 0x10A7, 0x10A7, 0x10A7, 0x10A7, 0x10A7, 0x10A7, 0x10A7, 0x10A7, 0x10A7, 0x10A7, 0x10A7,
  0x10A7, 0x10A7, 0x10A7, 0x10A7, 0x10A7, 0x10A7, 0x10A7, 0x10A7, 0x8432, 0x8432, 0x8432, 0x8432,
  0x8432, 0x10A7, 0xCE7A, 0xCE7A, 0xCE7A, 0xCE7A, 0x4A4A, 0x4A4A, 0x4A4A, 0xD69A, 0xD69A, 0xD69A,
  0x4A4A, 0x4A4A, 0x4A4A, 0x4A4A, 0x4A4A, 0x4A4A, 0x4A4A, 0x4A4A, 0x4A4A, 0x4A4A, 0x4A4A, 0xCE7A,
  0xCE7A, 0xCE7A, 0xCE7A, 0xD69A, 0xD69A, 0xD69A, 0xC0E4, 0xC0E4, 0xC0E4, 0xC0E4, 0xC0E4, 0xC0E4,
  0xC0E4, 0xC0E4, 0xC0E4, 0xC0E4, 0xC0E4, 0xB4CD, 0xB4CD, 0xB4CD, 0xB4CD, 0xB4CD, 0x9BEA, 0xB4CD,
  0xB4CD, 0xB4CD, 0xB4CD, 0xB4CD, 0xB4CD, 0x9BEA, 0xB4CD, 0xB4CD, 0xB4CD, 0xB4CD, 0xB4CD, 0xB4CD,
  0x9BEA, 0xB4CD, 0xB4CD, 0xB4CD, 0xB4CD, 0xB4CD, 0xB4CD, 0x9BEA, 0xB4CD, 0xB4CD, 0xB4CD, 0xB4CD,
  0xB4CD, 0xB4CD, 0x9BEA, 0xB4CD, 0xB4CD, 0xB4CD, 0xB4CD, 0xB4CD, 0xB4CD, 0x9BEA, 0xB4CD, 0xB4CD,
  0xB4CD, 0xB4CD, 0xB4CD, 0xB4CD, 0x9BEA, 0xB4CD, 0xB4CD, 0xB4CD, 0xB4CD, 0xB4CD, 0xB4CD, 0x9BEA,
  0xB4CD, 0xB4CD, 0x18C3, 0x18C3, 0x18C3, 0x18C3, 0x18C3, 0x18C3, 0x18C3, 0x18C3, 0x18C3, 0x18C3,
  0x18C3, 0x18C3, 0x18C3, 0x18C3, 0x18C3, 0x18C3, 0xB905, 0xB905, 0xB905, 0xB905, 0xB905, 0xB905,
  0xB905, 0xB905, 0xB905, 0xD67A, 0xD67A, 0xD67A, 0xD67A, 0xD67A, 0xD146, 0xD146, 0xD146, 0xD146,
  0xD146, 0xD146, 0xD146, 0xD146, 0xD146, 0xD146, 0xD146, 0xD146, 0xD146, 0xD146, 0xD146, 0xD146,
  0xD146, 0xD146, 0xD146, 0xD146, 0xD146, 0xD146, 0xD146, 0xD146, 0xD146, 0xD146, 0xD146, 0xD146,
  0xD146, 0xD146, 0xD146, 0xD146, 0xD146, 0xD146, 0xD146, 0xD146, 0xD146, 0xD146, 0xD146, 0xD146,
  0xD146, 0xD146, 0xD146, 0xD146, 0xD146, 0xD146, 0xD146, 0xD146, 0xD146, 0x2125, 0x2925, 0x2925,
  0x2925, 0x2925, 0x2925, 0x2925, 0x2925, 0xBDF8, 0x8431, 0x8431, 0x8431, 0x8431, 0x8431, 0x8431,
  0x8431, 0x8431, 0x8431, 0x8431, 0x8431, 0x8431, 0x8431, 0x8431, 0x8431, 0x8431, 0x8431, 0x8431,
  0x8431, 0x8431, 0x8431, 0x8431, 0x8431, 0x8431, 0x8431, 0x8431, 0xF79E, 0xF79E, 0xD905, 0xD905,
  0xD905, 0x231B, 0x231B, 0x231B, 0x231B, 0x231B, 0x231B, 0x231B, 0x231B, 0x231B, 0x231B, 0x231B,
  0x231B, 0xEF7E, 0xEF7E, 0xEF7E, 0xEF7E, 0x231B, 0x231B, 0x231B, 0x231B, 0x231B, 0x231B, 0x231B,
  0x231B, 0x231B, 0x231B, 0x231B, 0x231B, 0xF77D, 0x18C3, 0x18C3, 0x18C3, 0xEF7E, 0xEF7E, 0xEF7E,
  0xEF7E, 0xEF7E, 0x18C8, 0x94D5, 0x94D5, 0x94D5, 0x94D5, 0x94D5, 0x18C8, 0x18C8, 0x18C8, 0x18C8,
  0x18C8, 0x18C8, 0x18C8, 0x18C8, 0x18C8, 0x18C8, 0x18C8, 0x18C8, 0x18C8, 0x18C8, 0x18C8, 0x18C8,
  0x18C8, 0x18C8, 0x18C8, 0x18C8, 0x18C8, 0x18C8, 0x18C8, 0x18C8, 0x18C8, 0x18C8, 0x18C8, 0x18C8,
  0x18C8, 0x18C8, 0x18C8, 0x18C8, 0x18C8, 0x18C8, 0x18C8, 0x18C8, 0x18C8, 0x18C8, 0x18C8, 0x18C8,
  0x18C8, 0x18C8, 0x18C8, 0x18C8, 0x18C8, 0x18C8, 0x18C8, 0x18C8, 0x18C8, 0x18C8, 0x18C8, 0x18C8,
  0x18C8, 0x18C8, 0x18C8, 0x18C8, 0x94D5, 0x94D5, 0x94D5, 0x94D5, 0x94D5, 0x18C8, 0xEF7E, 0xEF7E,
  0xEF7E, 0xEF7E, 0xEF7E, 0x528B, 0x528B, 0x528B, 0xF79E, 0xF79E, 0xF79E, 0x528B, 0x528B, 0x528B,
  0x528B, 0x528B, 0x528B, 0x528B, 0x528B, 0x528B, 0x528B, 0xEF7E, 0xEF7E, 0xEF7E, 0xEF7E, 0xF79E,
  0xF79E, 0xF79E, 0xF79E, 0xD905, 0xD905, 0xD905, 0xD905, 0xD905, 0xD905, 0xD905, 0xD905, 0xD905,
  0xD905, 0xD905, 0xD905, 0xD58F, 0xD58F, 0xB48B, 0xD58F, 0xD58F, 0xD58F, 0xD58F, 0xD58F, 0xD58F,
  0xB48B, 0xD58F, 0xD58F, 0xD58F, 0xD58F, 0xD58F, 0xD58F, 0xB48B, 0xD58F, 0xD58F, 0xD58F, 0xD58F,
  0xD58F, 0xD58F, 0xB48B, 0xD58F, 0xD58F, 0xD58F, 0xD58F, 0xD58F, 0xD58F, 0xB48B, 0xD58F, 0xD58F,
  0xD58F, 0xD58F, 0xD58F, 0xD58F, 0xB48B, 0xD58F, 0xD58F, 0xD58F, 0xD58F, 0xD58F, 0xD58F, 0xB48B,
  0xD58F, 0xD58F, 0xD58F, 0xD58F, 0xD58F, 0xD58F, 0xB48B, 0xD58F, 0xD58F, 0xD58F, 0xD58F, 0xD58F,
  0xD58F, 0x20E4, 0x20E4, 0x20E4, 0x20E4, 0x20E4, 0x20E4, 0x20E4, 0x20E4, 0x20E4, 0x20E4, 0x20E4,
  0x20E4, 0x20E4, 0x20E4, 0x20E4, 0x20E4, 0xD946, 0xD946, 0xD946, 0xD946, 0xD946, 0xD946, 0xF77E,
  0xF77E, 0xF77E, 0xF77E, 0xF77E, 0xB925, 0xB925, 0xB925, 0xB925, 0xB925, 0xB925, 0xB925, 0xB925,
  0xB925, 0xB925, 0xB925, 0xB925, 0xB925, 0xB925, 0xB925, 0xB925, 0xB925, 0xB925, 0xB925, 0xB925,
  0xB925, 0xB925, 0xB925, 0xB925, 0xB925, 0xB925, 0xB925, 0xB925, 0xB925, 0xB925, 0xB925, 0xB925,
  0xB925, 0xB925, 0xB925, 0xB925, 0xB925, 0xB925, 0xB925, 0xB925, 0xB925, 0xB925, 0xB925, 0xB925,
  0xB925, 0xB925, 0xB925, 0x2105, 0x2105, 0x2105, 0x2105, 0x2105, 0x2105, 0x2105, 0xA535, 0xA535,
  0x738F, 0x738F, 0x738F, 0x738F, 0x738F, 0x738F, 0x738F, 0x738F, 0x738F, 0x738F, 0x738F, 0x738F,
  0x738F, 0x738F, 0x738F, 0x738F, 0x738F, 0x738F, 0x738F, 0x738F, 0x738F, 0x738F, 0x738F, 0x738F,
  0x738F, 0x738F, 0xD69A, 0xD69A, 0xD69A, 0xC0E4, 0xC0E4, 0xC0E4, 0xC0E4, 0x22B8, 0x22B8, 0x22B8,
  0x22B8, 0x22B8, 0x22B8, 0x22B8, 0x22B8, 0x22B8, 0x22B8, 0x22B8, 0x22B8, 0xCE7A, 0xCE7A, 0xCE7A,
  0xCE7A, 0x22B8, 0x22B8, 0x22B8, 0x22B8, 0x22B8, 0x22B8, 0x22B8, 0x22B8, 0x22B8, 0x22B8, 0x22B8,
  0x22B8, 0xD679, 0xD679, 0xD679, 0xD679, 0xCE7A, 0xCE7A, 0xCE7A, 0xCE7A, 0x10A7, 0x10A7, 0x8432,
  0x8432, 0x8432, 0x8432, 0x8432, 0x10A7, 0x10A7, 0x10A7, 0x10A7, 0x10A7, 0x10A7, 0x10A7, 0x10A7,
  0x10A7, 0x10A7, 0x10A7, 0x10A7, 0x10A7, 0x10A7, 0x10A7, 0x10A7, 0x10A7, 0x10A7, 0x10A7, 0x10A7,
  0x10A7, 0x10A7, 0x10A7, 0x10A7, 0x10A7, 0x10A7, 0x10A7, 0x10A7, 0x10A7, 0x10A7, 0x10A7, 0x10A7,
  0x10A7, 0x10A7, 0x10A7, 0x10A7, 0x10A7, 0x10A7, 0x10A7, 0x10A7, 0x10A7, 0x10A7, 0x10A7, 0x10A7,
  0x10A7, 0x10A7, 0x10A7, 0x10A7, 0x10A7, 0x10A7, 0x10A7, 0x10A7, 0x10A7, 0x10A7, 0x10A7, 0x10A7,
  0x8432, 0x8432, 0x8432, 0x8432, 0x8432, 0x10A7, 0x10A7, 0xCE7A, 0xCE7A, 0xCE7A, 0xCE7A, 0x4A4A,
  0x4A4A, 0x4A4A, 0x4A4A, 0xD69A, 0xD69A, 0xD69A, 0x4A4A, 0x4A4A, 0x4A4A, 0x4A4A, 0x4A4A, 0x4A4A,
  0x4A4A, 0x4A4A, 0x4A4A, 0xCE7A, 0xCE7A, 0xCE7A, 0xCE7A, 0xD69A, 0xD69A, 0xD69A, 0xD69A, 0xD69A,
  0xC0E4, 0xC0E4, 0xC0E4, 0xC0E4, 0xC0E4, 0xC0E4, 0xC0E4, 0xC0E4, 0xC0E4, 0xC0E4, 0xC0E4, 0xC0E4,
  0x9BEA, 0xB4CD, 0xB4CD, 0xB4CD, 0xB4CD, 0xB4CD, 0xB4CD, 0x9BEA, 0xB4CD, 0xB4CD, 0xB4CD, 0xB4CD,
  0xB4CD, 0xB4CD, 0x9BEA, 0xB4CD, 0xB4CD, 0xB4CD, 0xB4CD, 0xB4CD, 0xB4CD, 0x9BEA, 0xB4CD, 0xB4CD,
  0xB4CD, 0xB4CD, 0xB4CD, 0xB4CD, 0x9BEA, 0xB4CD, 0xB4CD, 0xB4CD, 0xB4CD, 0xB4CD, 0xB4CD, 0x9BEA,
  0xB4CD, 0xB4CD, 0xB4CD, 0xB4CD, 0xB4CD, 0xB4CD, 0x9BEA, 0xB4CD, 0xB4CD, 0xB4CD, 0xB4CD, 0xB4CD,
  0xB4CD, 0x9BEA, 0xB4CD, 0xB4CD, 0xB4CD, 0xB4CD, 0xB4CD, 0xB4CD, 0x9BEA, 0xB4CD, 0xB4CD, 0xB4CD,
  0x18C3, 0x18C3, 0x18C3, 0x18C3, 0x18C3, 0x18C3, 0x18C3, 0x18C3, 0x18C3, 0x18C3, 0x18C3, 0x18C3,
  0x18C3, 0x18C3, 0x18C3, 0x18C3, 0x18C3, 0xB905, 0xB905, 0xD67A, 0xD67A, 0xD67A, 0xD67A, 0xD67A,
  0xD146, 0xD146, 0xD146, 0xD146, 0xD146, 0xD146, 0xD146, 0xD146, 0xD146, 0xD146, 0xD146, 0xD146,
  0xD146, 0xD146, 0xD146, 0xD146, 0xD146, 0xD146, 0xD146, 0xD146, 0xD146, 0xD146, 0xD146, 0xD146,
  0xD146, 0xD146, 0xD146, 0xD146, 0xD146, 0xD146, 0xD146, 0xD146, 0xD146, 0xD146, 0xD146, 0xD146,
  0xD146, 0xD146, 0xD146, 0xD146, 0xD146, 0xD146, 0xD146, 0xD146, 0x2125, 0x2125, 0x2125, 0x2125,
  0x2125, 0x2125, 0x2925, 0x2925, 0xBDF8, 0xBDF8, 0x8411, 0x8411, 0x8411, 0x8411, 0x8411, 0x8411,
  0x8411, 0x8411, 0x8411, 0x8411, 0x8411, 0x8411, 0x8411, 0x8411, 0x8411, 0x8411, 0x8411, 0x8411,
  0x8411, 0x8411, 0x8411, 0x8411, 0x8411, 0x8411, 0x8411, 0x8411, 0x8411, 0xF79E, 0xF79E, 0xD905,
  0xD905, 0xD905, 0xD905, 0xD905, 0xD905, 0x0862, 0x231B, 0x231B, 0x231B, 0x231B, 0x231B, 0x231B,
  0x231B, 0x231B, 0x231B, 0x231B, 0x231B, 0x231B, 0x231B, 0x231B, 0x231B, 0x231B, 0x231B, 0x231B,
  0x231B, 0x231B, 0x231B, 0x231B, 0x231B, 0x231B, 0x231B, 0x231B, 0x231B, 0x231B, 0x231B, 0x231B,
  0xEF7E, 0xEF7E, 0xEF7E, 0xEF7E, 0xEF7E, 0xEF7E, 0xEF7E, 0x94D5, 0x94D5, 0x94D5, 0x94D5, 0x94D5,
  0xEF7E, 0xEF7E, 0xEF7E, 0xEF7E, 0xEF7E, 0xEF7E, 0xEF7E, 0xEF7E, 0xEF7E, 0xEF7E, 0xEF7E, 0xEF7E,
  0xEF7E, 0xEF7E, 0xEF7E, 0xEF7E, 0xEF7E, 0xEF7E, 0xEF7E, 0xEF7E, 0xEF7E, 0xEF7E, 0xEF7E, 0xEF7E,
  0xEF7E, 0xEF7E, 0xEF7E, 0xEF7E, 0xEF7E, 0xEF7E, 0xEF7E, 0xEF7E, 0xEF7E, 0xEF7E, 0xEF7E, 0xEF7E,
  0xEF7E, 0xEF7E, 0xEF7E, 0xEF7E, 0xEF7E, 0xEF7E, 0xEF7E, 0xEF7E, 0xEF7E, 0xEF7E, 0xEF7E, 0xEF7E,
  0xEF7E, 0xEF7E, 0xEF7E, 0xEF7E, 0xEF7E, 0xEF7E, 0xEF7E, 0xEF7E, 0x94D5, 0x94D5, 0x94D5, 0x94D5,
  0x94D5, 0xEF7E, 0xEF7E, 0xEF7E, 0xEF7E, 0xEF7E, 0xEF7E, 0xEF7E, 0x528B, 0x528B, 0x528B, 0x528B,
  0xF79E, 0xF79E, 0xF79E, 0x528B, 0x528B, 0x528B, 0x528B, 0x528B, 0x528B, 0x528B, 0x528B, 0x528B,
  0x528B, 0x528B, 0x528B, 0x528B, 0xF79E, 0xF79E, 0xF79E, 0xF79E, 0xF79E, 0xD905, 0xD905, 0xD905,
  0xD905, 0xD905, 0xD905, 0xD905, 0xD905, 0xD905, 0xD905, 0xD905, 0xD905, 0xD905, 0xD58F, 0xD58F,
  0xD58F, 0xD58F, 0xB48B, 0xD58F, 0xD58F, 0xD58F, 0xD58F, 0xD58F, 0xD58F, 0xB48B, 0xD58F, 0xD58F,
  0xD58F, 0xD58F, 0xD58F, 0xD58F, 0xB48B, 0xD58F, 0xD58F, 0xD58F, 0xD58F, 0xD58F, 0xD58F, 0xB48B,
  0xD58F, 0xD58F, 0xD58F, 0xD58F, 0xD58F, 0xD58F, 0xB48B, 0xD58F, 0xD58F, 0xD58F, 0xD58F, 0xD58F,
  0xD58F, 0xB48B, 0xD58F, 0xD58F, 0xD58F, 0xD58F, 0xD58F, 0xD58F, 0xB48B, 0xD58F, 0xD58F, 0xD58F,
  0xD58F, 0xD58F, 0xD58F, 0xB48B, 0xD58F, 0xD58F, 0xD58F, 0xD58F, 0xD58F, 0xD58F, 0xB48B, 0x20E4,
  0x20E4, 0x20E4, 0x20E4, 0x20E4, 0x20E4, 0x20E4, 0x20E4, 0x20E4, 0x20E4, 0x20E4, 0x20E4, 0x20E4,
  0x20E4, 0x20E4, 0x20E4, 0x18E4, 0xF77E, 0xF77E, 0xF77E, 0xF77E, 0xB925, 0xB925, 0xB925, 0xB925,
  0xB925, 0xB925, 0xB925, 0xB925, 0xB925, 0xB925, 0xB925, 0xB925, 0xB925, 0xB925, 0xB925, 0xB925,
  0xB925, 0xB925, 0xB925, 0xB925, 0xB925, 0xB925, 0xB925, 0xB925, 0xB925, 0xB925, 0xB925, 0xB925,
  0xB925, 0xB925, 0xB925, 0xB925, 0xB925, 0xB925, 0xB925, 0xB925, 0xB925, 0xB925, 0xB925, 0xB925,
  0xB925, 0xB925, 0x2105, 0x2105, 0x2105, 0x2105, 0x2105, 0x2105, 0x2105, 0x2105, 0xA535, 0xA535,
  0x738F, 0x738F, 0x738F, 0x738F, 0x738F, 0x738F, 0x738F, 0x738F, 0x738F, 0x738F, 0x738F, 0x738F,
  0x738F, 0x738F, 0x738F, 0x738F, 0x738F, 0x738F, 0x738F, 0x738F, 0x738F, 0x738F, 0x738F, 0x738F,
  0x738F, 0x738F, 0x738F, 0xD69A, 0xD69A, 0xD69A, 0xC0E4, 0xC0E4, 0xC0E4, 0xC0E4, 0xC0E4, 0xC0E4,
  0xC0E4, 0x0861, 0x116F, 0x116F, 0x116F, 0x116F, 0x116F, 0x116F, 0x116F, 0x116F, 0x116F, 0x10A3,
  0x10A3, 0x10A3, 0x10A3, 0x10A3, 0x10A3, 0x10A3, 0x10A3, 0x41E9, 0x10A3, 0x10A3, 0x10A3, 0x10A3,
  0xDEFB, 0xDEFB, 0xDEFB, 0xDEFB, 0xDEFB, 0xDEFB, 0xDEFB, 0xDEFB, 0xCE7A, 0xCE7A, 0xCE7A, 0xCE7A,
  0xCE7A, 0xCE7A, 0xCE7A, 0x8432, 0x8432, 0x8432, 0x8432, 0x8432, 0xCE7A, 0xCE7A, 0xCE7A, 0xCE7A,
  0xCE7A, 0xCE7A, 0xCE7A, 0xCE7A, 0xCE7A, 0xCE7A, 0xCE7A, 0xCE7A, 0xCE7A, 0xCE7A, 0xCE7A, 0xCE7A,
  0xCE7A, 0xCE7A, 0xCE7A, 0xCE7A, 0xCE7A, 0xCE7A, 0xCE7A, 0xCE7A, 0xCE7A, 0xCE7A, 0xCE7A, 0xCE7A,
  0xCE7A, 0xCE7A, 0xCE7A, 0xCE7A, 0xCE7A, 0xCE7A, 0xCE7A, 0xCE7A, 0xCE7A, 0xCE7A, 0xCE7A, 0xCE7A,
  0xCE7A, 0xCE7A, 0xCE7A, 0xCE7A, 0xCE7A, 0xCE7A, 0xCE7A, 0xCE7A, 0xCE7A, 0xCE7A, 0xCE7A, 0xCE7A,
  0xCE7A, 0xCE7A, 0xCE7A, 0xCE7A, 0x8432, 0x8432, 0x8432, 0x8432, 0x8432, 0xCE7A, 0xCE7A, 0xCE7A,
  0xCE7A, 0xCE7A, 0xCE7A, 0xCE7A, 0xDEFB, 0xDEFB, 0xDEFB, 0xDEFB, 0xDEFB, 0xDEFB, 0xDEFB, 0xDEFB,
  0x4A4A, 0x4A4A, 0x4A4A, 0x4A4A, 0x4A4A, 0x4A4A, 0x4A4A, 0x4A4A, 0x4A4A, 0x4A4A, 0x4A4A, 0x4A4A,
  0x4A4A, 0xD69A, 0xD69A, 0xD69A, 0xD69A, 0xD69A, 0xD69A, 0xC0E4, 0xC0E4, 0xC0E4, 0xC0E4, 0xC0E4,
  0xC0E4, 0xC0E4, 0xC0E4, 0xC0E4, 0xC0E4, 0xC0E4, 0xC0E4, 0xB4CD, 0xB4CD, 0x9BEA, 0xB4CD, 0xB4CD,
  0xB4CD, 0xB4CD, 0xB4CD, 0xB4CD, 0x9BEA, 0xB4CD, 0xB4CD, 0xB4CD, 0xB4CD, 0xB4CD, 0xB4CD, 0x9BEA,
  0xB4CD, 0xB4CD, 0xB4CD, 0xB4CD, 0xB4CD, 0xB4CD, 0x9BEA, 0xB4CD, 0xB4CD, 0xB4CD, 0xB4CD, 0xB4CD,
  0xB4CD, 0x9BEA, 0xB4CD, 0xB4CD, 0xB4CD, 0xB4CD, 0xB4CD, 0xB4CD, 0x9BEA, 0xB4CD, 0xB4CD, 0xB4CD,
  0xB4CD, 0xB4CD, 0xB4CD, 0x9BEA, 0xB4CD, 0xB4CD, 0xB4CD, 0xB4CD, 0xB4CD, 0xB4CD, 0x9BEA, 0xB4CD,
  0xB4CD, 0xB4CD, 0xB4CD, 0xB4CD, 0xB4CD, 0x9BEA, 0xB4CD, 0xB4CD, 0xB4CD, 0x18C3, 0x18C3, 0x18C3,
  0x18C3, 0x18C3, 0x18C3, 0x18C3, 0x18C3, 0x18C3, 0x18C3, 0x18C3, 0x18C3, 0x18C3, 0x18C3, 0x18C3,
  0x18C3, 0x18C3, 0x18C3, 0xD67A, 0xD146, 0xD146, 0xD146, 0xD146, 0xD146, 0xD146, 0xD146, 0xD146,
  0xD146, 0xD146, 0xD146, 0xD146, 0xD146, 0xD146, 0xD146, 0xD146, 0xD146, 0xD146, 0xD146, 0xD146,
  0xD146, 0xD146, 0xD146, 0xD146, 0xD146, 0xD146, 0xD146, 0xD146, 0xD146, 0xD146, 0xD146, 0xD146,
  0xD146, 0xD146, 0xD146, 0xD146, 0xD146, 0xD146, 0xD146, 0xD146, 0x2125, 0x2125, 0x2125, 0x2125,
  0x2125, 0x2125, 0x2125, 0x2125, 0xBDF8, 0x7BF1, 0x7BF1, 0x7BF1, 0x7BF1, 0x7BF1, 0x7BF1, 0x7BF1,
  0x7BF1, 0x7BF1, 0x7BF1, 0x7BF1, 0x7BF1, 0x7BF1, 0x7BF1, 0x7BF1, 0x7BF1, 0x7BF1, 0x7BF1, 0x7BF1,
  0x7BF1, 0x7BF1, 0x7BF1, 0x7BF1, 0x7BF1, 0x7BF1, 0x7BF1, 0x7BF1, 0x7BF1, 0x7BF1, 0xF79E, 0xF79E,
  0xD905, 0xD905, 0xD905, 0xD905, 0xD905, 0xD905, 0xD905, 0xD905, 0xD905, 0x0862, 0x1191, 0x1191,
  0x1191, 0x1191, 0x1191, 0x1191, 0x1191, 0x1191, 0x1191, 0x18C4, 0x18C4, 0x9CB4, 0x9CB4, 0x9CB4,
  0x9CB4, 0x9CB4, 0x9CB4, 0x4A4A, 0x18C4, 0x18C4, 0x18C4, 0xFFFF, 0xFFFF, 0xFFFF, 0xFFFF, 0xFFFF,
  0xFFFF, 0xFFFF, 0xFFFF, 0xFFFF, 0xFFFF, 0xFFFF, 0xFFFF, 0xFFFF, 0xFFFF, 0xFFFF, 0xFFFF, 0x94D5,
  0x94D5, 0x94D5, 0x94D5, 0x94D5, 0xFFFF, 0xFFFF, 0xFFFF, 0xFFFF, 0xFFFF, 0xFFFF, 0xFFFF, 0xFFFF,
  0xFFFF, 0xFFFF, 0xFFFF, 0xFFFF, 0xFFFF, 0xFFFF, 0xFFFF, 0xFFFF, 0xFFFF, 0xFFFF, 0xFFFF, 0xFFFF,
  0xFFFF, 0xFFFF, 0xFFFF, 0xFFFF, 0xFFFF, 0xFFFF, 0xFFFF, 0xFFFF, 0xFFFF, 0xFFFF, 0xFFFF, 0xFFFF,
  0xFFFF, 0xFFFF, 0xFFFF, 0xFFFF, 0xFFFF, 0xFFFF, 0xFFFF, 0xFFFF, 0xFFFF, 0xFFFF, 0xFFFF, 0xFFFF,
  0xFFFF, 0xFFFF, 0xFFFF, 0xFFFF, 0xFFFF, 0xFFFF, 0xFFFF, 0xFFFF, 0xFFFF, 0xFFFF, 0xFFFF, 0xFFFF,
  0x94D5, 0x94D5, 0x94D5, 0x94D5, 0x94D5, 0xFFFF, 0xFFFF, 0xFFFF, 0xFFFF, 0xFFFF, 0xFFFF, 0xFFFF,
  0xFFFF, 0xFFFF, 0xFFFF, 0xFFFF, 0xFFFF, 0xFFFF, 0xFFFF, 0xFFFF, 0xFFFF, 0x4A6B, 0x4A6B, 0x4A6B,
  0x4A6B, 0x4A6B, 0x4A6B, 0x4A6B, 0x4A6B, 0x4A6B, 0x4A6B, 0x4A6B, 0x4A6B, 0x4A6B, 0xF79E, 0xF79E,
  0xF79E, 0xF79E, 0xF79E, 0xF79E, 0xD905, 0xD905, 0xD905, 0xD905, 0xD905, 0xD905, 0xD905, 0xD905,
  0xD905, 0xD905, 0xD905, 0xD905, 0xD905, 0xD58F, 0xD58F, 0xD58F, 0xD58F, 0xD58F, 0xD58F, 0xB48B,
  0xD58F, 0xD58F, 0xD58F, 0xD58F, 0xD58F, 0xD58F, 0xB48B, 0xD58F, 0xD58F, 0xD58F, 0xD58F, 0xD58F,
  0xD58F, 0xB48B, 0xD58F, 0xD58F, 0xD58F, 0xD58F, 0xD58F, 0xD58F, 0xB48B, 0xD58F, 0xD58F, 0xD58F,
  0xD58F, 0xD58F, 0xD58F, 0xB48B, 0xD58F, 0xD58F, 0xD58F, 0xD58F, 0xD58F, 0xD58F, 0xB48B, 0xD58F,
  0xD58F, 0xD58F, 0xD58F, 0xD58F, 0xD58F, 0xB48B, 0xD58F, 0xD58F, 0xD58F, 0xD58F, 0xD58F, 0xD58F,
  0xB48B, 0xD58F, 0xD58F, 0xD58F, 0xD58F, 0xD58F, 0xD58F, 0xB48B, 0x20E4, 0x20E4, 0x20E4, 0x20E4,
  0x20E4, 0x20E4, 0x20E4, 0x20E4, 0x20E4, 0x20E4, 0x20E4, 0x18E4, 0x18E4, 0x18E4, 0x18E4, 0x18E4,
  0xB925, 0xB925, 0xB925, 0xB925, 0xB925, 0xB925, 0xB925, 0xB925, 0xB925, 0xB925, 0xB925, 0xB925,
  0xB925, 0xB925, 0xB925, 0xB925, 0xB925, 0xB925, 0xB925, 0xB925, 0xB925, 0xB925, 0xB925, 0xB925,
  0xB925, 0xB925, 0xB925, 0xB925, 0xB925, 0xB925, 0xB925, 0xB925, 0xB925, 0xB925, 0xB925, 0xB925,
  0xB925, 0x2105, 0x2105, 0x2105, 0x2105, 0x2105, 0x2105, 0x2105, 0x2105, 0x2105, 0xA535, 0x6B6E,
  0x6B6E, 0x6B6E, 0x6B6E, 0x6B6E, 0x6B6E, 0x6B6E, 0x6B6E, 0x6B6E, 0x6B6E, 0x6B6E, 0x6B6E, 0x6B6E,
  0x6B6E, 0x6B6E, 0x6B6E, 0x6B6E, 0x6B6E, 0x6B6E, 0x6B6E, 0x6B6E, 0x6B6E, 0x6B6E, 0x6B6E, 0x6B6E,
  0x6B6E, 0x6B6E, 0x6B6E, 0x6B6E, 0xD69A, 0xD69A, 0xC0E4, 0xC0E4, 0xC0E4, 0xC0E4, 0xC0E4, 0xC0E4,
  0xC0E4, 0xC0E4, 0xC0E4, 0xC0E4, 0xC0E4, 0x0861, 0x116F, 0x116F, 0x116F, 0x116F, 0x116F, 0x116F,
  0x116F, 0x116F, 0x116F, 0x10A3, 0x10A3, 0x8411, 0x1082, 0x1082, 0x1082, 0x1082, 0x8411, 0x41E9,
  0x10A3, 0x10A3, 0xDEFB, 0xDEFB, 0xDEFB, 0xDEFB, 0xDEFB, 0xDEFB, 0xDEFB, 0xDEFB, 0xDEFB, 0xDEFB,
  0xDEFB, 0xDEFB, 0xDEFB, 0xDEFB, 0xDEFB, 0xDEFB, 0xDEFB, 0x8432, 0x8432, 0x8432, 0x8432, 0x8432,
  0xDEFB, 0xDEFB, 0xDEFB, 0xDEFB, 0xDEFB, 0xDEFB, 0xDEFB, 0xDEFB, 0xDEFB, 0xDEFB, 0xDEFB, 0xDEFB,
  0xDEFB, 0xDEFB, 0xDEFB, 0xDEFB, 0xDEFB, 0xDEFB, 0xDEFB, 0xDEFB, 0xDEFB, 0xDEFB, 0xDEFB, 0xDEFB,
  0xDEFB, 0xDEFB, 0xDEFB, 0xDEFB, 0xDEFB, 0xDEFB, 0xDEFB, 0xDEFB, 0xDEFB, 0xDEFB, 0xDEFB, 0xDEFB,
  0xDEFB, 0xDEFB, 0xDEFB, 0xDEFB, 0xDEFB, 0xDEFB, 0xDEFB, 0xDEFB, 0xDEFB, 0xDEFB, 0xDEFB, 0xDEFB,
  0xDEFB, 0xDEFB, 0xDEFB, 0xDEFB, 0xDEFB, 0xDEFB, 0xDEFB, 0xDEFB, 0x8432, 0x8432, 0x8432, 0x8432,
  0x8432, 0xDEFB, 0xDEFB, 0xDEFB, 0xDEFB, 0xDEFB, 0xDEFB, 0xDEFB, 0xDEFB, 0xDEFB, 0xDEFB, 0xDEFB,
  0xDEFB, 0xDEFB, 0xDEFB, 0xDEFB, 0xDEFB, 0xDEFB, 0x4209, 0x4209, 0x4209, 0x4209, 0x4209, 0x4209,
  0x4209, 0x4209, 0x4209, 0x4209, 0x4209, 0x4209, 0x4209, 0x4209, 0xD69A, 0xD69A, 0xD69A, 0xD69A,
  0xD69A, 0xC0E4, 0xC0E4, 0xC0E4, 0xC0E4, 0xC0E4, 0xC0E4, 0xC0E4, 0xC0E4, 0xC0E4, 0xC0E4, 0xC0E4,
  0xC0E4, 0xC0E4, 0xC0E4, 0xB4CD, 0xB4CD, 0xB4CD, 0x9BEA, 0xB4CD, 0xB4CD, 0xB4CD, 0xB4CD, 0xB4CD,
  0xB4CD, 0x9BEA, 0xB4CD, 0xB4CD, 0xB4CD, 0xB4CD, 0xB4CD, 0xB4CD, 0x9BEA, 0xB4CD, 0xB4CD, 0xB4CD,
  0xB4CD, 0xB4CD, 0xB4CD, 0x9BEA, 0xB4CD, 0xB4CD, 0xB4CD, 0xB4CD, 0xB4CD, 0xB4CD, 0x9BEA, 0xB4CD,
  0xB4CD, 0xB4CD, 0xB4CD, 0xB4CD, 0xB4CD, 0x9BEA, 0xB4CD, 0xB4CD, 0xB4CD, 0xB4CD, 0xB4CD, 0xB4CD,
  0x9BEA, 0xB4CD, 0xB4CD, 0xB4CD, 0xB4CD, 0xB4CD, 0xB4CD, 0x9BEA, 0xB4CD, 0xB4CD, 0xB4CD, 0xB4CD,
  0xB4CD, 0xB4CD, 0x9BEA, 0xB4CD, 0xB4CD, 0xB4CD, 0xB4CD, 0x18C3, 0x18C3, 0x18C3, 0x18C3, 0x18C3,
  0x18C3, 0x18C3, 0x18C3, 0x18C3, 0x18C3, 0x18C3, 0x18C3, 0x18C3, 0xD146, 0xD146, 0xD146, 0xD146,
  0xD146, 0xD146, 0xD146, 0xD146, 0xD146, 0xD146, 0xD146, 0xD146, 0xD146, 0xD146, 0xD146, 0xD146,
  0xD146, 0xD146, 0xD146, 0xD146, 0xD146, 0xD146, 0xD146, 0xD146, 0xD146, 0xD146, 0xD146, 0xD146,
  0xD146, 0xD146, 0xD146, 0xD146, 0xD146, 0xD146, 0xD146, 0x2125, 0x2125, 0x2125, 0x2125, 0x2125,
  0x2125, 0x2125, 0x2125, 0x2125, 0xBDF8, 0x7BF1, 0x7BF1, 0x7BF1, 0x7BF1, 0x7BF1, 0x7BF1, 0x7BF1,
  0x7BF1, 0x7BF1, 0x7BF1, 0x7BF1, 0x7BF1, 0x7BF1, 0x7BF1, 0x7BF1, 0x7BF1, 0x7BF1, 0x7BF1, 0x7BF1,
  0x7BF1, 0x7BF1, 0x7BF1, 0x7BF1, 0x7BF1, 0x7BF1, 0x7BF1, 0x7BF1, 0x7BF1, 0x7BF1, 0xF79E, 0xF79E,
  0xF79E, 0xD905, 0xD905, 0xD905, 0xD905, 0xD905, 0xD905, 0xD905, 0xD905, 0xD905, 0xD905, 0xD905,
  0xD905, 0x0862, 0x0862, 0x1191, 0x1191, 0x1191, 0x1191, 0x1191, 0x1191, 0x1191, 0x1191, 0x18C4,
  0x18C4, 0x9CB4, 0x10A2, 0x10A2, 0x10A2, 0x10A2, 0x9CB4, 0x4A4A, 0x18C4, 0xFFFF, 0xFFFF, 0xFFFF,
  0xFFFF, 0xFFFF, 0xFFFF, 0xFFFF, 0xFFFF, 0xFFFF, 0xFFFF, 0xFFFF, 0xFFFF, 0xFFFF, 0xFFFF, 0xFFFF,
  0xFFFF, 0xFFFF, 0xFFFF, 0x94D5, 0x94D5, 0x94D5, 0x94D5, 0x94D5, 0xFFFF, 0xFFFF, 0xFFFF, 0xFFFF,
  0xFFFF, 0xFFFF, 0xFFFF, 0xFFFF, 0xFFFF, 0xFFFF, 0xFFFF, 0xFFFF, 0xFFFF, 0xFFFF, 0xFFFF, 0xFFFF,
  0xFFFF, 0xFFFF, 0xFFFF, 0xFFFF, 0xFFFF, 0xFFFF, 0xFFFF, 0xFFFF, 0xFFFF, 0xFFFF, 0xFFFF, 0xFFFF,
  0xFFFF, 0xFFFF, 0xFFFF, 0xFFFF, 0xFFFF, 0xFFFF, 0xFFFF, 0xFFFF, 0xFFFF, 0xFFFF, 0xFFFF, 0xFFFF,
  0xFFFF, 0xFFFF, 0xFFFF, 0xFFFF, 0xFFFF, 0xFFFF, 0xFFFF, 0xFFFF, 0xFFFF, 0xFFFF, 0xFFFF, 0xFFFF,
  0xFFFF, 0xFFFF, 0xFFFF, 0xFFFF, 0x94D5, 0x94D5, 0x94D5, 0x94D5, 0x94D5, 0xFFFF, 0xFFFF, 0xFFFF,
  0xFFFF, 0xFFFF, 0xFFFF, 0xFFFF, 0xFFFF, 0xFFFF, 0xFFFF, 0xFFFF, 0xFFFF, 0xFFFF, 0xFFFF, 0xFFFF,
  0xFFFF, 0xFFFF, 0xFFFF, 0x4A6B, 0x4A6B, 0x4A6B, 0x4A6B, 0x4A6B, 0x4A6B, 0x4A6B, 0x4A6B, 0x4A6B,
  0x4A6B, 0x4A6B, 0x4A6B, 0x4A6B, 0x4A6B, 0xF79E, 0xF79E, 0xF79E, 0xF79E, 0xF79E, 0xF79E, 0xD905,
  0xD905, 0xD905, 0xD905, 0xD905, 0xD905, 0xD905, 0xD905, 0xD905, 0xD905, 0xD905, 0xD905, 0xD905,
  0xD58F, 0xB48B, 0xD58F, 0xD58F, 0xD58F, 0xD58F, 0xD58F, 0xD58F, 0xB48B, 0xD58F, 0xD58F, 0xD58F,
  0xD58F, 0xD58F, 0xD58F, 0xB48B, 0xD58F, 0xD58F, 0xD58F, 0xD58F, 0xD58F, 0xD58F, 0xB48B, 0xD58F,
  0xD58F, 0xD58F, 0xD58F, 0xD58F, 0xD58F, 0xB48B, 0xD58F, 0xD58F, 0xD58F, 0xD58F, 0xD58F, 0xD58F,
  0xB48B, 0xD58F, 0xD58F, 0xD58F, 0xD58F, 0xD58F, 0xD58F, 0xB48B, 0xD58F, 0xD58F, 0xD58F, 0xD58F,
  0xD58F, 0xD58F, 0xB48B, 0xD58F, 0xD58F, 0xD58F, 0xD58F, 0xD58F, 0xD58F, 0xB48B, 0xD58F, 0xD58F,
  0xD58F, 0xD58F, 0xD58F, 0xD58F, 0xB48B, 0xD58F, 0x20E4, 0x20E4, 0x20E4, 0x20E4, 0x20E4, 0x18E4,
  0x18E4, 0x18E4, 0x18E4, 0x18E4, 0xB925, 0xB925, 0xB925, 0xB925, 0xB925, 0xB925, 0xB925, 0xB925,
  0xB925, 0xB925, 0xB925, 0xB925, 0xB925, 0xB925, 0xB925, 0xB925, 0xB925, 0xB925, 0xB925, 0xB925,
  0xB925, 0xB925, 0xB925, 0xB925, 0xB925, 0xB925, 0xB925, 0xB925, 0xB925, 0xB925, 0xB925, 0xB925,
  0xB925, 0x2105, 0x2105, 0x2105, 0x2105, 0x2105, 0x2105, 0x2105, 0x2105, 0xA535, 0xA535, 0x6B6E,
  0x6B6E, 0x6B6E, 0x6B6E, 0x6B6E, 0x6B6E, 0x6B6E, 0x6B6E, 0x6B6E, 0x6B6E, 0x6B6E, 0x6B6E, 0x6B6E,
  0x6B6E, 0x6B6E, 0x6B6E, 0x6B6E, 0x6B6E, 0x6B6E, 0x6B6E, 0x6B6E, 0x6B6E, 0x6B6E, 0x6B6E, 0x6B6E,
  0x6B6E, 0x6B6E, 0x6B6E, 0x6B6E, 0x6B6E, 0xD69A, 0xD69A, 0xC0E4, 0xC0E4, 0xC0E4, 0xC0E4, 0xC0E4,
  0xC0E4, 0xC0E4, 0xC0E4, 0xC0E4, 0xC0E4, 0xC0E4, 0xC0E4, 0xC0E4, 0xC0E4, 0x0861, 0x0861, 0x116F,
  0x116F, 0x116F, 0x116F, 0x116F, 0x116F, 0x116F, 0x116F, 0x10A3, 0x10A3, 0x8411, 0x8411, 0x8411,
  0x8411, 0x8411, 0x8411, 0x41E9, 0xDEFB, 0xDEFB, 0xDEFB, 0xDEFB, 0xDEFB, 0xDEFB, 0xDEFB, 0xDEFB,
  0xDEFB, 0xDEFB, 0xDEFB, 0xDEFB, 0xDEFB, 0xDEFB, 0xDEFB, 0xDEFB, 0xDEFB, 0xDEFB, 0xDEFB, 0x8432,
  0x8432, 0x8432, 0x8432, 0x8432, 0xDEFB, 0xDEFB, 0xDEFB, 0xDEFB, 0xDEFB, 0xDEFB, 0xDEFB, 0xDEFB,
  0xDEFB, 0xDEFB, 0xDEFB, 0xDEFB, 0xDEFB, 0xDEFB, 0xDEFB, 0xDEFB, 0xDEFB, 0xDEFB, 0xDEFB, 0xDEFB,
  0xDEFB, 0xDEFB, 0xDEFB, 0xDEFB, 0xDEFB, 0xDEFB, 0xDEFB, 0xDEFB, 0xDEFB, 0xDEFB, 0xDEFB, 0xDEFB,
  0xDEFB, 0xDEFB, 0xDEFB, 0xDEFB, 0xDEFB, 0xDEFB, 0xDEFB, 0xDEFB, 0xDEFB, 0xDEFB, 0xDEFB, 0xDEFB,
  0xDEFB, 0xDEFB, 0xDEFB, 0xDEFB, 0xDEFB, 0xDEFB, 0xDEFB, 0xDEFB, 0xDEFB, 0xDEFB, 0xDEFB, 0xDEFB,
  0x8432, 0x8432, 0x8432, 0x8432, 0x8432, 0xDEFB, 0xDEFB, 0xDEFB, 0xDEFB, 0xDEFB, 0xDEFB, 0xDEFB,
  0xDEFB, 0xDEFB, 0xDEFB, 0xDEFB, 0xDEFB, 0xDEFB, 0xDEFB, 0xDEFB, 0xDEFB, 0xDEFB, 0xDEFB, 0xDEFB,
  0x4209, 0x4209, 0x4209, 0x4209, 0x4209, 0x4209, 0x4209, 0x4209, 0x4209, 0x4209, 0x4209, 0x4209,
  0x4209, 0x4209, 0xD69A, 0xD69A, 0xD69A, 0xD69A, 0xD69A, 0xD69A, 0xC0E4, 0xC0E4, 0xC0E4, 0xC0E4,
  0xC0E4, 0xC0E4, 0xC0E4, 0xC0E4, 0xC0E4, 0xC0E4, 0xC0E4, 0xC0E4, 0xC0E4, 0xC0E4, 0xB4CD, 0xB4CD,
  0xB4CD, 0xB4CD, 0xB4CD, 0x9BEA, 0xB4CD, 0xB4CD, 0xB4CD, 0xB4CD, 0xB4CD, 0xB4CD, 0x9BEA, 0xB4CD,
  0xB4CD, 0xB4CD, 0xB4CD, 0xB4CD, 0xB4CD, 0x9BEA, 0xB4CD, 0xB4CD, 0xB4CD, 0xB4CD, 0xB4CD, 0xB4CD,
  0x9BEA, 0xB4CD, 0xB4CD, 0xB4CD, 0xB4CD, 0xB4CD, 0xB4CD, 0x9BEA, 0xB4CD, 0xB4CD, 0xB4CD, 0xB4CD,
  0xB4CD, 0xB4CD, 0x9BEA, 0xB4CD, 0xB4CD, 0xB4CD, 0xB4CD, 0xB4CD, 0xB4CD, 0x9BEA, 0xB4CD, 0xB4CD,
  0xB4CD, 0xB4CD, 0xB4CD, 0xB4CD, 0x9BEA, 0xB4CD, 0xB4CD, 0xB4CD, 0xB4CD, 0xB4CD, 0xB4CD, 0x9BEA,
  0xB4CD, 0xB4CD, 0xB4CD, 0xB4CD, 0x18C3, 0x18C3, 0x18C3, 0x18C3, 0x18C3, 0x18C3, 0x18C3, 0x18C3,
  0xD146, 0xD146, 0xD146, 0xD146, 0xD146, 0xD146, 0xD146, 0xD146, 0xD146, 0xD146, 0xD146, 0xD146,
  0xD146, 0xD146, 0xD146, 0xD146, 0xD146, 0xD146, 0xD146, 0xD146, 0xD146, 0xD146, 0xD146, 0xD146,
  0xD146, 0xD146, 0xD146, 0xD146, 0xD146, 0xD146, 0x2125, 0x2125, 0x2125, 0x2125, 0x2125, 0x2125,
  0x2125, 0x2125, 0x2125, 0xBDF8, 0xBDF8, 0x7BF1, 0x7BF1, 0x7BF1, 0x7BF1, 0x7BF1, 0x7BF1, 0x7BF1,
  0x7BF1, 0x7BF1, 0x7BF1, 0x7BF1, 0x7BF1, 0x7BF1, 0x7BF1, 0x7BF1, 0x7BF1, 0x7BF1, 0x7BF1, 0x7BF1,
  0x7BF1, 0x7BF1, 0x7BF1, 0x7BF1, 0x7BF1, 0x7BF1, 0x7BF1, 0x7BF1, 0x7BF1, 0x7BF1, 0x7BF1, 0xF79E,
  0xF79E, 0xF79E, 0xF79E, 0xF79E, 0xF79E, 0xF79E, 0xF79E, 0xF79E, 0xF79E, 0xF79E, 0xF79E, 0xF79E,
  0xF79E, 0xF79E, 0xF79E, 0xF79E, 0xF79E, 0x0862, 0x0862, 0x1191, 0x1191, 0x1191, 0x1191, 0x1191,
  0x1191, 0x1191, 0x1191, 0x18C4, 0x18C4, 0x18C4, 0x18C4, 0x18C4, 0x18C4, 0x18C4, 0x18C4, 0xFFFF,
  0xFFFF, 0xFFFF, 0xFFFF, 0xFFFF, 0xFFFF, 0xFFFF, 0xFFFF, 0xFFFF, 0xFFFF, 0xFFFF, 0xFFFF, 0xFFFF,
  0xFFFF, 0xFFFF, 0xFFFF, 0xFFFF, 0xFFFF, 0xFFFF, 0xFFFF, 0xFFFF, 0xFFFF, 0xFFFF, 0xFFFF, 0xFFFF,
  0xFFFF, 0xFFFF, 0xFFFF, 0xFFFF, 0xFFFF, 0xFFFF, 0xFFFF, 0xFFFF, 0xFFFF, 0xFFFF, 0xFFFF, 0xFFFF,
  0xFFFF, 0xFFFF, 0xFFFF, 0xFFFF, 0xFFFF, 0xFFFF, 0xFFFF, 0xFFFF, 0xFFFF, 0xFFFF, 0xFFFF, 0xFFFF,
  0xFFFF, 0xFFFF, 0xFFFF, 0xFFFF, 0xFFFF, 0xFFFF, 0xFFFF, 0xFFFF, 0xFFFF, 0xFFFF, 0xFFFF, 0xFFFF,
  0xFFFF, 0xFFFF, 0xFFFF, 0xFFFF, 0xFFFF, 0xFFFF, 0xFFFF, 0xFFFF, 0xFFFF, 0xFFFF, 0xFFFF, 0xFFFF,
  0xFFFF, 0xFFFF, 0xFFFF, 0xFFFF, 0xFFFF, 0xFFFF, 0xFFFF, 0xFFFF, 0xFFFF, 0xFFFF, 0xFFFF, 0xFFFF,
  0xFFFF, 0xFFFF, 0xFFFF, 0xFFFF, 0xFFFF, 0xFFFF, 0xFFFF, 0xFFFF, 0xFFFF, 0xFFFF, 0xFFFF, 0xFFFF,
  0xFFFF, 0xFFFF, 0xFFFF, 0xFFFF, 0xFFFF, 0xFFFF, 0xFFFF, 0xFFFF, 0xFFFF, 0x4A6B, 0x4A6B, 0x4A6B,
  0x4A6B, 0x4A6B, 0x4A6B, 0x4A6B, 0x4A6B, 0x4A6B, 0x4A6B, 0x4A6B, 0x4A6B, 0x4A6B, 0x4A6B, 0xF79E,
  0xF79E, 0xF79E, 0xF79E, 0xF79E, 0xF79E, 0xF79E, 0xF79E, 0xF79E, 0xF79E, 0xF79E, 0xF79E, 0xF79E,
  0xF79E, 0xF79E, 0xF79E, 0xF79E, 0xF79E, 0xF79E, 0xF79E, 0xD58F, 0xD58F, 0xD58F, 0xB48B, 0xD58F,
  0xD58F, 0xD58F, 0xD58F, 0xD58F, 0xD58F, 0xB48B, 0xD58F, 0xD58F, 0xD58F, 0xD58F, 0xD58F, 0xD58F,
  0xB48B, 0xD58F, 0xD58F, 0xD58F, 0xD58F, 0xD58F, 0xD58F, 0xB48B, 0xD58F, 0xD58F, 0xD58F, 0xD58F,
  0xD58F, 0xD58F, 0xB48B, 0xD58F, 0xD58F, 0xD58F, 0xD58F, 0xD58F, 0xD58F, 0xB48B, 0xD58F, 0xD58F,
  0xD58F, 0xD58F, 0xD58F, 0xD58F, 0xB48B, 0xD58F, 0xD58F, 0xD58F, 0xD58F, 0xD58F, 0xD58F, 0xB48B,
  0xD58F, 0xD58F, 0xD58F, 0xD58F, 0xD58F, 0xD58F, 0xB48B, 0xD58F, 0xD58F, 0xD58F, 0xD58F, 0xD58F,
  0xD58F, 0xB48B, 0xD58F, 0x18E4, 0x18E4, 0x18E4, 0x18E4, 0x18E4, 0xB925, 0xB925, 0xB925, 0xB925,
  0xB925, 0xB925, 0xB925, 0xB925, 0xB925, 0xB925, 0xB925, 0xB925, 0xB925, 0xB925, 0xB925, 0xB925,
  0xB925, 0xB925, 0xB925, 0xB925, 0xB925, 0xB925, 0xB925, 0xB925, 0xB925, 0xB925, 0xB925, 0xB925,
  0x2105, 0x2105, 0x2105, 0x2105, 0x2105, 0x2105, 0x2105, 0x2105, 0x2105, 0xA535, 0xA535, 0x6B6E,
  0x6B6E, 0x6B6E, 0x6B6E, 0x6B6E, 0x6B6E, 0x6B6E, 0x6B6E, 0x6B6E, 0x6B6E, 0x6B6E, 0x6B6E, 0x6B6E,
  0x6B6E, 0x6B6E, 0x6B6E, 0x6B6E, 0x6B6E, 0x6B6E, 0x6B6E, 0x6B6E, 0x6B6E, 0x6B6E, 0x6B6E, 0x6B6E,
  0x6B6E, 0x6B6E, 0x6B6E, 0x6B6E, 0x6B6E, 0x6B6E, 0xD69A, 0xD69A, 0xD69A, 0xD69A, 0xD69A, 0xD69A,
  0xD69A, 0xD69A, 0xD69A, 0xD69A, 0xD69A, 0xD69A, 0xD69A, 0xD69A, 0xD69A, 0xD69A, 0xD69A, 0xD69A,
  0xD69A, 0x0861, 0x0861, 0x2946, 0x2946, 0x2946, 0x0861, 0x0861, 0x0861, 0x0861, 0x0861, 0x0861,
  0x4209, 0x4209, 0x4209, 0x4209, 0x4209, 0x4209, 0xDEFB, 0xDEFB, 0xDEFB, 0xDEFB, 0xDEFB, 0xDEFB,
  0xDEFB, 0xDEFB, 0xDEFB, 0xDEFB, 0xDEFB, 0xDEFB, 0xDEFB, 0xDEFB, 0xDEFB, 0xDEFB, 0xDEFB, 0xDEFB,
  0xDEFB, 0xDEFB, 0xDEFB, 0xDEFB, 0xDEFB, 0xDEFB, 0xDEFB, 0xDEFB, 0xDEFB, 0xDEFB, 0xDEFB, 0xDEFB,
  0xDEFB, 0xDEFB, 0xDEFB, 0xDEFB, 0xDEFB, 0xDEFB, 0xDEFB, 0xDEFB, 0xDEFB, 0xDEFB, 0xDEFB, 0xDEFB,
  0xDEFB, 0xDEFB, 0xDEFB, 0xDEFB, 0xDEFB, 0xDEFB, 0xB8C4, 0xB8C4, 0xB8C4, 0xB8C4, 0xB8C4, 0xB8C4,
  0xB8C4, 0xB8C4, 0xB8C4, 0xB8C4, 0xB8C4, 0xB8C4, 0xDEFB, 0xDEFB, 0xDEFB, 0xDEFB, 0xDEFB, 0xDEFB,
  0xDEFB, 0xDEFB, 0xDEFB, 0xDEFB, 0xDEFB, 0xDEFB, 0xDEFB, 0xDEFB, 0xDEFB, 0xDEFB, 0xDEFB, 0xDEFB,
  0xDEFB, 0xDEFB, 0xDEFB, 0xDEFB, 0xDEFB, 0xDEFB, 0xDEFB, 0xDEFB, 0xDEFB, 0xDEFB, 0xDEFB, 0xDEFB,
  0xDEFB, 0xDEFB, 0xDEFB, 0xDEFB, 0xDEFB, 0xDEFB, 0xDEFB, 0xDEFB, 0xDEFB, 0xDEFB, 0xDEFB, 0xDEFB,
  0xDEFB, 0xDEFB, 0xDEFB, 0xDEFB, 0xDEFB, 0xDEFB, 0x4209, 0x4209, 0x4209, 0x4209, 0x4209, 0x4209,
  0x4209, 0x4209, 0x4209, 0x4209, 0x4209, 0x4209, 0x4209, 0x4209, 0xD69A, 0xD69A, 0xD69A, 0xD69A,
  0xD69A, 0xD69A, 0xD69A, 0xD69A, 0xD69A, 0xD69A, 0xD69A, 0xD69A, 0xD69A, 0xD69A, 0xD69A, 0xD69A,
  0xD69A, 0xD69A, 0xD69A, 0xD69A, 0xD69A, 0x9BEA, 0xB4CD, 0xB4CD, 0xB4CD, 0xB4CD, 0xB4CD, 0xB4CD,
  0x9BEA, 0xB4CD, 0xB4CD, 0xB4CD, 0xB4CD, 0xB4CD, 0xB4CD, 0x9BEA, 0xB4CD, 0xB4CD, 0xB4CD, 0xB4CD,
  0xB4CD, 0xB4CD, 0x9BEA, 0xB4CD, 0xB4CD, 0xB4CD, 0xB4CD, 0xB4CD, 0xB4CD, 0x9BEA, 0xB4CD, 0xB4CD,
  0xB4CD, 0xB4CD, 0xB4CD, 0xB4CD, 0x9BEA, 0xB4CD, 0xB4CD, 0xB4CD, 0xB4CD, 0xB4CD, 0xB4CD, 0x9BEA,
  0xB4CD, 0xB4CD, 0xB4CD, 0xB4CD, 0xB4CD, 0xB4CD, 0x9BEA, 0xB4CD, 0xB4CD, 0xB4CD, 0xB4CD, 0xB4CD,
  0xB4CD, 0x9BEA, 0xB4CD, 0xB4CD, 0xB4CD, 0xB4CD, 0xB4CD, 0xB4CD, 0x9BEA, 0xB4CD, 0xB4CD, 0xB4CD,
  0xB4CD, 0xB4CD, 0x18C3, 0x18C3, 0xD146, 0xD146, 0xD146, 0xD146, 0xD146, 0xD146, 0xD146, 0xD146,
  0xD146, 0xD146, 0xD146, 0xD146, 0xD146, 0xD146, 0xD146, 0xD146, 0xD146, 0xD146, 0xD146, 0xD146,
  0xD146, 0xD146, 0xD146, 0xD146, 0xD146, 0xD146, 0x2125, 0x2125, 0x2125, 0x2125, 0x2125, 0x2125,
  0x2125, 0x2125, 0x2125, 0xBDF8, 0xBDF8, 0x7BF1, 0x7BF1, 0x7BF1, 0x7BF1, 0x7BF1, 0x7BF1, 0x7BF1,
  0x7BF1, 0x7BF1, 0x7BF1, 0x7BF1, 0x7BF1, 0x7BF1, 0x7BF1, 0x7BF1, 0x7BF1, 0x7BF1, 0x7BF1, 0x7BF1,
  0x7BF1, 0x7BF1, 0x7BF1, 0x7BF1, 0x7BF1, 0x7BF1, 0x7BF1, 0x7BF1, 0x7BF1, 0x7BF1, 0x7BF1, 0x7BF1,
  0xF79E, 0xF79E, 0xF79E, 0xF79E, 0xF79E, 0xF79E, 0xF79E, 0xF79E, 0xF79E, 0xF79E, 0xF79E, 0xF79E,
  0xF79E, 0xF79E, 0xF79E, 0xF79E, 0xF79E, 0xF79E, 0xF79E, 0xF79E, 0xF79E, 0x0862, 0x0862, 0x3187,
  0x3187, 0x3187, 0x0862, 0x0862, 0x0862, 0x0862, 0x0862, 0x0862, 0x2105, 0x2105, 0x2105, 0x2105,
  0x2105, 0x2105, 0xEF7E, 0xEF7E, 0xEF7E, 0xEF7E, 0xEF7E, 0xEF7E, 0xEF7E, 0xEF7E, 0xEF7E, 0xEF7E,
  0xEF7E, 0xEF7E, 0xEF7E, 0xEF7E, 0xEF7E, 0xEF7E, 0xEF7E, 0xEF7E, 0xEF7E, 0xEF7E, 0xEF7E, 0xEF7E,
  0xEF7E, 0xEF7E, 0xEF7E, 0xEF7E, 0xEF7E, 0xEF7E, 0xEF7E, 0xEF7E, 0xEF7E, 0xEF7E, 0xEF7E, 0xEF7E,
  0xEF7E, 0xEF7E, 0xEF7E, 0xEF7E, 0xEF7E, 0xEF7E, 0xEF7E, 0xEF7E, 0xEF7E, 0xEF7E, 0xEF7E, 0xEF7E,
  0xEF7E, 0xEF7E, 0xD8E5, 0xD8E5, 0xD8E5, 0xD8E5, 0xD8E5, 0xD8E5, 0xD8E5, 0xD8E5, 0xD8E5, 0xD8E5,
  0xD8E5, 0xD8E5, 0xEF7E, 0xEF7E, 0xEF7E, 0xEF7E, 0xEF7E, 0xEF7E, 0xEF7E, 0xEF7E, 0xEF7E, 0xEF7E,
  0xEF7E, 0xEF7E, 0xEF7E, 0xEF7E, 0xEF7E, 0xEF7E, 0xEF7E, 0xEF7E, 0xEF7E, 0xEF7E, 0xEF7E, 0xEF7E,
  0xEF7E, 0xEF7E, 0xEF7E, 0xEF7E, 0xEF7E, 0xEF7E, 0xEF7E, 0xEF7E, 0xEF7E, 0xEF7E, 0xEF7E, 0xEF7E,
  0xEF7E, 0xEF7E, 0xEF7E, 0xEF7E, 0xEF7E, 0xEF7E, 0xEF7E, 0xEF7E, 0xEF7E, 0xEF7E, 0xEF7E, 0xEF7E,
  0xEF7E, 0xEF7E, 0x4A6B, 0x4A6B, 0x4A6B, 0x4A6B, 0x4A6B, 0x4A6B, 0x4A6B, 0x4A6B, 0x4A6B, 0x4A6B,
  0x4A6B, 0x4A6B, 0x4A6B, 0x4A6B, 0x4A6B, 0x4A6B, 0xF79E, 0xF79E, 0xF79E, 0xF79E, 0xF79E, 0xF79E,
  0xF79E, 0xF79E, 0xF79E, 0xF79E, 0xF79E, 0xF79E, 0xF79E, 0xF79E, 0xF79E, 0xF79E, 0xF79E, 0xF79E,
  0xF79E, 0xF79E, 0xD58F, 0xD58F, 0xD58F, 0xD58F, 0xD58F, 0xB48B, 0xD58F, 0xD58F, 0xD58F, 0xD58F,
  0xD58F, 0xD58F, 0xB48B, 0xD58F, 0xD58F, 0xD58F, 0xD58F, 0xD58F, 0xD58F, 0xB48B, 0xD58F, 0xD58F,
  0xD58F, 0xD58F, 0xD58F, 0xD58F, 0xB48B, 0xD58F, 0xD58F, 0xD58F, 0xD58F, 0xD58F, 0xD58F, 0xB48B,
  0xD58F, 0xD58F, 0xD58F, 0xD58F, 0xD58F, 0xD58F, 0xB48B, 0xD58F, 0xD58F, 0xD58F, 0xD58F, 0xD58F,
  0xD58F, 0xB48B, 0xD58F, 0xD58F, 0xD58F, 0xD58F, 0xD58F, 0xD58F, 0xB48B, 0xD58F, 0xD58F, 0xD58F,
  0xD58F, 0xD58F, 0xD58F, 0xB48B, 0xD58F, 0xD58F, 0xD58F, 0xD58F, 0xD58F, 0xD58F, 0xB48B, 0xD58F,
  0xB925, 0xB925, 0xB925, 0xB925, 0xB925, 0xB925, 0xB925, 0xB925, 0xB925, 0xB925, 0xB925, 0xB925,
  0xB925, 0xB925, 0xB925, 0xB925, 0xB925, 0xB925, 0xB925, 0xB925, 0xB925, 0xB925, 0xB925, 0x2105,
  0x2105, 0x2105, 0x2105, 0x2105, 0x2105, 0x2105, 0x2105, 0x2105, 0x2105, 0xA535, 0x6B6E, 0x6B6E,
  0x6B6E, 0x6B6E, 0x6B6E, 0x6B6E, 0x6B6E, 0x6B6E, 0x6B6E, 0x6B6E, 0x6B6E, 0x6B6E, 0x6B6E, 0x6B6E,
  0x6B6E, 0x6B6E, 0x6B6E, 0x6B6E, 0x6B6E, 0x6B6E, 0x6B6E, 0x6B6E, 0x6B6E, 0x6B6E, 0x6B6E, 0x6B6E,
  0x6B6E, 0x6B6E, 0x6B6E, 0x6B6E, 0x6B6E, 0x6B6E, 0xD69A, 0xD69A, 0xD69A, 0xD69A, 0xD69A, 0xD69A,
  0xD69A, 0xD69A, 0xD69A, 0xD69A, 0xD69A, 0xD69A, 0xD69A, 0xD69A, 0xD69A, 0xD69A, 0xD69A, 0xD69A,
  0xD69A, 0xD69A, 0xD69A, 0xD69A, 0xD69A, 0x0861, 0x0861, 0x2946, 0x2946, 0x2946, 0x0861, 0x0861,
  0x0861, 0x0861, 0x0861, 0x0861, 0x18E4, 0x18E4, 0x18E4, 0x18E4, 0x18E4, 0x18E4, 0xCE7A, 0xCE7A,
  0xCE7A, 0xCE7A, 0xCE7A, 0xCE7A, 0xCE7A, 0xCE7A, 0xCE7A, 0xCE7A, 0xCE7A, 0xCE7A, 0xCE7A, 0xCE7A,
  0xCE7A, 0xCE7A, 0xCE7A, 0xCE7A, 0xCE7A, 0xCE7A, 0xCE7A, 0xCE7A, 0xCE7A, 0xCE7A, 0xCE7A, 0xCE7A,
  0xCE7A, 0xCE7A, 0xCE7A, 0xCE7A, 0xCE7A, 0xCE7A, 0xCE7A, 0xCE7A, 0xCE7A, 0xCE7A, 0xCE7A, 0xCE7A,
  0xCE7A, 0xCE7A, 0xCE7A, 0xCE7A, 0xCE7A, 0xCE7A, 0xCE7A, 0xCE7A, 0xCE7A, 0xCE7A, 0xB8C4, 0xB8C4,
  0xB8C4, 0xB8C4, 0xB8C4, 0xB8C4, 0xB8C4, 0xB8C4, 0xB8C4, 0xB8C4, 0xB8C4, 0xB8C4, 0xCE7A, 0xCE7A,
  0xCE7A, 0xCE7A, 0xCE7A, 0xCE7A, 0xCE7A, 0xCE7A, 0xCE7A, 0xCE7A, 0xCE7A, 0xCE7A, 0xCE7A, 0xCE7A,
  0xCE7A, 0xCE7A, 0xCE7A, 0xCE7A, 0xCE7A, 0xCE7A, 0xCE7A, 0xCE7A, 0xCE7A, 0xCE7A, 0xCE7A, 0xCE7A,
  0xCE7A, 0xCE7A, 0xCE7A, 0xCE7A, 0xCE7A, 0xCE7A, 0xCE7A, 0xCE7A, 0xCE7A, 0xCE7A, 0xCE7A, 0xCE7A,
  0xCE7A, 0xCE7A, 0xCE7A, 0xCE7A, 0xCE7A, 0xCE7A, 0xCE7A, 0xCE7A, 0xCE7A, 0xCE7A, 0xCE7A, 0x4209,
  0x4209, 0x4209, 0x4209, 0x4209, 0x4209, 0x4209, 0x4209, 0x4209, 0x4209, 0x4209, 0x4209, 0x4209,
  0x4209, 0x4209, 0x4209, 0xD69A, 0xD69A, 0xD69A, 0xD69A, 0xD69A, 0xD69A, 0xD69A, 0xD69A, 0xD69A,
  0xD69A, 0xD69A, 0xD69A, 0xD69A, 0xD69A, 0xD69A, 0xD69A, 0xD69A, 0xD69A, 0xD69A, 0xD69A, 0xD69A,
  0xB4CD, 0xB4CD, 0x9BEA, 0xB4CD, 0xB4CD, 0xB4CD, 0xB4CD, 0xB4CD, 0xB4CD, 0x9BEA, 0xB4CD, 0xB4CD,
  0xB4CD, 0xB4CD, 0xB4CD, 0xB4CD, 0x9BEA, 0xB4CD, 0xB4CD, 0xB4CD, 0xB4CD, 0xB4CD, 0xB4CD, 0x9BEA,
  0xB4CD, 0xB4CD, 0xB4CD, 0xB4CD, 0xB4CD, 0xB4CD, 0x9BEA, 0xB4CD, 0xB4CD, 0xB4CD, 0xB4CD, 0xB4CD,
  0xB4CD, 0x9BEA, 0xB4CD, 0xB4CD, 0xB4CD, 0xB4CD, 0xB4CD, 0xB4CD, 0x9BEA, 0xB4CD, 0xB4CD, 0xB4CD,
  0xB4CD, 0xB4CD, 0xB4CD, 0x9BEA, 0xB4CD, 0xB4CD, 0xB4CD, 0xB4CD, 0xB4CD, 0xB4CD, 0x9BEA, 0xB4CD,
  0xB4CD, 0xB4CD, 0xB4CD, 0xB4CD, 0xB4CD, 0x9BEA, 0xB4CD, 0xB4CD, 0xD146, 0xD146, 0xD146, 0xD146,
  0xD146, 0xD146, 0xD146, 0xD146, 0xD146, 0xD146, 0xD146, 0xD146, 0xD146, 0xD146, 0xD146, 0xD146,
  0xD146, 0xD146, 0xD146, 0xD146, 0xD146, 0x2125, 0x2125, 0x2125, 0x2125, 0x2125, 0x2125, 0x2125,
  0x2125, 0x2125, 0x2125, 0xBDF8, 0x7BF1, 0x7BF1, 0x7BF1, 0x7BF1, 0x7BF1, 0x7BF1, 0x7BF1, 0x7BF1,
  0x7BF1, 0x7BF1, 0x7BF1, 0x7BF1, 0x7BF1, 0x7BF1, 0x7BF1, 0x7BF1, 0x7BF1, 0x7BF1, 0x7BF1, 0x7BF1,
  0x7BF1, 0x7BF1, 0x7BF1, 0x7BF1, 0x7BF1, 0x7BF1, 0x7BF1, 0x7BF1, 0x7BF1, 0x7BF1, 0x7BF1, 0x7BF1,
  0x7BF1, 0xF79E, 0xF79E, 0xF79E, 0xF79E, 0xF79E, 0xF79E, 0xF79E, 0xF79E, 0xF79E, 0xF79E, 0xF79E,
  0xF79E, 0xF79E, 0xF79E, 0xF79E, 0xF79E, 0xF79E, 0xF79E, 0xF79E, 0xF79E, 0xF79E, 0xF79E, 0xF79E,
  0x2105, 0x0862, 0x0862, 0x3187, 0x3187, 0x3187, 0x0862, 0x0862, 0x0862, 0x0862, 0x0862, 0x0862,
  0x2105, 0x2105, 0x2105, 0x2105, 0x2105, 0xEF7E, 0xEF7E, 0xEF7E, 0xEF7E, 0xEF7E, 0xEF7E, 0xEF7E,
  0xEF7E, 0xEF7E, 0xEF7E, 0xEF7E, 0xEF7E, 0xEF7E, 0xEF7E, 0xEF7E, 0xEF7E, 0xEF7E, 0xEF7E, 0xEF7E,
  0xEF7E, 0xEF7E, 0xEF7E, 0xEF7E, 0xEF7E, 0xEF7E, 0xEF7E, 0xEF7E, 0xEF7E, 0xEF7E, 0xEF7E, 0xEF7E,
  0xEF7E, 0xEF7E, 0xEF7E, 0xEF7E, 0xEF7E, 0xEF7E, 0xEF7E, 0xEF7E, 0xEF7E, 0xEF7E, 0xEF7E, 0xEF7E,
  0xEF7E, 0xEF7E, 0xEF7E, 0xEF7E, 0xEF7E, 0xEF7E, 0xD8E5, 0xD8E5, 0xD8E5, 0xD8E5, 0xD8E5, 0xD8E5,
  0xD8E5, 0xD8E5, 0xD8E5, 0xD8E5, 0xD8E5, 0xD8E5, 0xEF7E, 0xEF7E, 0xEF7E, 0xEF7E, 0xEF7E, 0xEF7E,
  0xEF7E, 0xEF7E, 0xEF7E, 0xEF7E, 0xEF7E, 0xEF7E, 0xEF7E, 0xEF7E, 0xEF7E, 0xEF7E, 0xEF7E, 0xEF7E,
  0xEF7E, 0xEF7E, 0xEF7E, 0xEF7E, 0xEF7E, 0xEF7E, 0xEF7E, 0xEF7E, 0xEF7E, 0xEF7E, 0xEF7E, 0xEF7E,
  0xEF7E, 0xEF7E, 0xEF7E, 0xEF7E, 0xEF7E, 0xEF7E, 0xEF7E, 0xEF7E, 0xEF7E, 0xEF7E, 0xEF7E, 0xEF7E,
  0xEF7E, 0xEF7E, 0xEF7E, 0xEF7E, 0xEF7E, 0xEF7E, 0xEF7E, 0xF79E, 0x4A6B, 0x4A6B, 0x4A6B, 0x4A6B,
  0x4A6B, 0x4A6B, 0x4A6B, 0x4A6B, 0x4A6B, 0x4A6B, 0x4A6B, 0x4A6B, 0x4A6B, 0x4A6B, 0x4A6B, 0x4A6B,
  0xF79E, 0xF79E, 0xF79E, 0xF79E, 0xF79E, 0xF79E, 0xF79E, 0xF79E, 0xF79E, 0xF79E, 0xF79E, 0xF79E,
  0xF79E, 0xF79E, 0xF79E, 0xF79E, 0xF79E, 0xF79E, 0xF79E, 0xF79E, 0xF79E, 0xB48B, 0xD58F, 0xD58F,
  0xD58F, 0xD58F, 0xD58F, 0xD58F, 0xB48B, 0xD58F, 0xD58F, 0xD58F, 0xD58F, 0xD58F, 0xD58F, 0xB48B,
  0xD58F, 0xD58F, 0xD58F, 0xD58F, 0xD58F, 0xD58F, 0xB48B, 0xD58F, 0xD58F, 0xD58F, 0xD58F, 0xD58F,
  0xD58F, 0xB48B, 0xD58F, 0xD58F, 0xD58F, 0xD58F, 0xD58F, 0xD58F, 0xB48B, 0xD58F, 0xD58F, 0xD58F,
  0xD58F, 0xD58F, 0xD58F, 0xB48B, 0xD58F, 0xD58F, 0xD58F, 0xD58F, 0xD58F, 0xD58F, 0xB48B, 0xD58F,
  0xD58F, 0xD58F, 0xD58F, 0xD58F, 0xD58F, 0xB48B, 0xD58F, 0xD58F, 0xD58F, 0xD58F, 0xD58F, 0xD58F,
  0xB48B, 0xD58F, 0xD58F, 0xD58F, 0xB925, 0xB925, 0xB925, 0xB925, 0xB925, 0xB925, 0xB925, 0xB925,
  0xB925, 0xB925, 0xB925, 0xB925, 0xB925, 0xB925, 0xB925, 0xB925, 0xB925, 0xB925, 0xB925, 0x2105,
  0x2105, 0x2105, 0x2105, 0x2105, 0x2105, 0x2105, 0x2105, 0x2105, 0xA535, 0xA535, 0x6B6E, 0x6B6E,
  0x6B6E, 0x6B6E, 0x6B6E, 0x6B6E, 0x6B6E, 0x6B6E, 0x6B6E, 0x6B6E, 0x6B6E, 0x6B6E, 0x6B6E, 0x6B6E,
  0x6B6E, 0x6B6E, 0x6B6E, 0x6B6E, 0x6B6E, 0x6B6E, 0x6B6E, 0x6B6E, 0x6B6E, 0x6B6E, 0x6B6E, 0x6B6E,
  0x6B6E, 0x6B6E, 0x6B6E, 0x6B6E, 0x6B6E, 0x6B6E, 0x6B6E, 0xD69A, 0xD69A, 0xD69A, 0xD69A, 0xD69A,
  0xD69A, 0xD69A, 0xD69A, 0xD69A, 0xD69A, 0xD69A, 0xD69A, 0xD69A, 0xD69A, 0xD69A, 0xD69A, 0xD69A,
  0xD69A, 0xD69A, 0xD69A, 0xD69A, 0xD69A, 0xD69A, 0x18E4, 0x18E4, 0x18E4, 0x0861, 0x0861, 0x0861,
  0x0861, 0x0861, 0x0861, 0x0861, 0x0861, 0x0861, 0x0861, 0x0861, 0x18E4, 0x18E4, 0x18E4, 0x18E4,
  0x18E4, 0xCE7A, 0x3801, 0x3801, 0x3801, 0x3801, 0x3801, 0x3801, 0x3801, 0x3801, 0x3801, 0x3801,
  0x3801, 0x3801, 0x3801, 0x3801, 0x3801, 0x3801, 0x3801, 0x3801, 0x3801, 0x3801, 0x3801, 0x3801,
  0x3801, 0x3801, 0x3801, 0x3801, 0x3801, 0x3801, 0x3801, 0x3801, 0x3801, 0x3801, 0x3801, 0x3801,
  0x3801, 0x3801, 0x3801, 0x3801, 0x3801, 0x3801, 0x3801, 0x3801, 0x3801, 0x3801, 0x3801, 0x3801,
  0x3801, 0x3801, 0x3801, 0x3801, 0x3801, 0x3801, 0x3801, 0x3801, 0x3801, 0x3801, 0x3801, 0x3801,
  0x3801, 0x3801, 0x3801, 0x3801, 0x3801, 0x3801, 0x3801, 0x3801, 0x3801, 0x3801, 0x3801, 0x3801,
  0x3801, 0x3801, 0x3801, 0x3801, 0x3801, 0x3801, 0x3801, 0x3801, 0x3801, 0x3801, 0x3801, 0x3801,
  0x3801, 0x3801, 0x3801, 0x3801, 0x3801, 0x3801, 0x3801, 0x3801, 0x3801, 0x3801, 0x3801, 0x3801,
  0x3801, 0x3801, 0x3801, 0x3801, 0x3801, 0x3801, 0x3801, 0x3801, 0x3801, 0x3801, 0x3801, 0x3801,
  0x3801, 0x3801, 0xCE7A, 0xD69A, 0xD69A, 0x4209, 0x4209, 0x4209, 0x4209, 0x4209, 0x4209, 0x4209,
  0x4209, 0x4209, 0x4209, 0x4209, 0x4209, 0x4209, 0x4209, 0x4209, 0x4209, 0xD69A, 0xD69A, 0xD69A,
  0xD69A, 0xD69A, 0xD69A, 0xD69A, 0xD69A, 0xD69A, 0xD69A, 0xD69A, 0xD69A, 0xD69A, 0xD69A, 0xD69A,
  0xD69A, 0xD69A, 0xD69A, 0xD69A, 0xD69A, 0xD69A, 0xD69A, 0xB4CD, 0xB4CD, 0xB4CD, 0xB4CD, 0x9BEA,
  0xB4CD, 0xB4CD, 0xB4CD, 0xB4CD, 0xB4CD, 0xB4CD, 0x9BEA, 0xB4CD, 0xB4CD, 0xB4CD, 0xB4CD, 0xB4CD,
  0xB4CD, 0x9BEA, 0xB4CD, 0xB4CD, 0xB4CD, 0xB4CD, 0xB4CD, 0xB4CD, 0x9BEA, 0xB4CD, 0xB4CD, 0xB4CD,
  0xB4CD, 0xB4CD, 0xB4CD, 0x9BEA, 0xB4CD, 0xB4CD, 0xB4CD, 0xB4CD, 0xB4CD, 0xB4CD, 0x9BEA, 0xB4CD,
  0xB4CD, 0xB4CD, 0xB4CD, 0xB4CD, 0xB4CD, 0x9BEA, 0xB4CD, 0xB4CD, 0xB4CD, 0xB4CD, 0xB4CD, 0xB4CD,
  0x9BEA, 0xB4CD, 0xB4CD, 0xB4CD, 0xB4CD, 0xB4CD, 0xB4CD, 0x9BEA, 0xB4CD, 0xB4CD, 0xB4CD, 0xB4CD,
  0xD146, 0xD146, 0xD146, 0xD146, 0xD146, 0xD146, 0xD146, 0xD146, 0xD146, 0xD146, 0xD146, 0xD146,
  0xD146, 0xD146, 0xD146, 0xD146, 0x2125, 0x2125, 0x2125, 0x2125, 0x2125, 0x2125, 0x2125, 0x2125,
  0x2125, 0x2125, 0xBDF8, 0xBDF8, 0x7BF1, 0x7BF1, 0x7BF1, 0x7BF1, 0x7BF1, 0x7BF1, 0x7BF1, 0x7BF1,
  0x7BF1, 0x7BF1, 0x7BF1, 0x7BF1, 0x7BF1, 0x7BF1, 0x7BF1, 0x7BF1, 0x7BF1, 0x7BF1, 0x7BF1, 0x7BF1,
  0x7BF1, 0x7BF1, 0x7BF1, 0x7BF1, 0x7BF1, 0x7BF1, 0x7BF1, 0x7BF1, 0x7BF1, 0x7BF1, 0x7BF1, 0x7BF1,
  0x7BF1, 0x7BF1, 0xF79E, 0xF79E, 0xF79E, 0xF79E, 0xF79E, 0xF79E, 0xF79E, 0xF79E, 0xF79E, 0xF79E,
  0xF79E, 0xF79E, 0xF79E, 0xF79E, 0xF79E, 0xF79E, 0xF79E, 0xF79E, 0xF79E, 0xF79E, 0xF79E, 0xF79E,
  0xF79E, 0xF79E, 0x2105, 0x2105, 0x2105, 0x2105, 0x2105, 0x2105, 0x2105, 0x2105, 0x2105, 0x2105,
  0x2105, 0x2105, 0x2105, 0x2105, 0x2105, 0x2105, 0x2105, 0x2105, 0x2105, 0xEF7E, 0x4001, 0x4001,
  0xFCB2, 0xFCB2, 0xFCB2, 0xFCB2, 0xFCB2, 0xFCB2, 0x8002, 0x8002, 0xFCB2, 0xFCB2, 0xFCB2, 0xFCB2,
  0xFCB2, 0xFCB2, 0xFCB2, 0xFCB2, 0xFCB2, 0x8002, 0x8002, 0xFCB2, 0xFCB2, 0xFCB2, 0xFCB2, 0xFCB2,
  0xFCB2, 0xFCB2, 0xFCB2, 0xFCB2, 0xFCB2, 0x8002, 0x8002, 0xFCB2, 0xFCB2, 0xFCB2, 0xFCB2, 0xFCB2,
  0xFCB2, 0xFCB2, 0xFCB2, 0xFCB2, 0x8002, 0x8002, 0xFCB2, 0xFCB2, 0xFCB2, 0xFCB2, 0xFCB2, 0xFCB2,
  0xFCB2, 0xFCB2, 0xFCB2, 0xFCB2, 0x8002, 0xFCB2, 0xFCB2, 0xFCB2, 0xFCB2, 0xFCB2, 0xFCB2, 0xFCB2,
  0xFCB2, 0xFCB2, 0xFCB2, 0x8002, 0x8002, 0xFCB2, 0xFCB2, 0xFCB2, 0xFCB2, 0xFCB2, 0xFCB2, 0xFCB2,
  0xFCB2, 0xFCB2, 0x8002, 0x8002, 0xFCB2, 0xFCB2, 0xFCB2, 0xFCB2, 0xFCB2, 0xFCB2, 0xFCB2, 0xFCB2,
  0xFCB2, 0xFCB2, 0x8002, 0x8002, 0xFCB2, 0xFCB2, 0xFCB2, 0xFCB2, 0xFCB2, 0xFCB2, 0xFCB2, 0xFCB2,
  0xFCB2, 0x8002, 0x8002, 0xFCB2, 0xFCB2, 0xFCB2, 0xFCB2, 0xFCB2, 0x4001, 0x4001, 0xEF7E, 0xF79E,
  0xF79E, 0xF79E, 0x4A6B, 0x4A6B, 0x4A6B, 0x4A6B, 0x4A6B, 0x4A6B, 0x4A6B, 0x4A6B, 0x4A6B, 0x4A6B,
  0x4A6B, 0x4A6B, 0x4A6B, 0x4A6B, 0x4A6B, 0x4A6B, 0xF79E, 0xF79E, 0xF79E, 0xF79E, 0xF79E, 0xF79E,
  0xF79E, 0xF79E, 0xF79E, 0xF79E, 0xF79E, 0xF79E, 0xF79E, 0xF79E, 0xF79E, 0xF79E, 0xF79E, 0xF79E,
  0xF79E, 0xF79E, 0xF79E, 0xF79E, 0xF79E, 0xD58F, 0xB48B, 0xD58F, 0xD58F, 0xD58F, 0xD58F, 0xD58F,
  0xD58F, 0xB48B, 0xD58F, 0xD58F, 0xD58F, 0xD58F, 0xD58F, 0xD58F, 0xB48B, 0xD58F, 0xD58F, 0xD58F,
  0xD58F, 0xD58F, 0xD58F, 0xB48B, 0xD58F, 0xD58F, 0xD58F, 0xD58F, 0xD58F, 0xD58F, 0xB48B, 0xD58F,
  0xD58F, 0xD58F, 0xD58F, 0xD58F, 0xD58F, 0xB48B, 0xD58F, 0xD58F, 0xD58F, 0xD58F, 0xD58F, 0xD58F,
  0xB48B, 0xD58F, 0xD58F, 0xD58F, 0xD58F, 0xD58F, 0xD58F, 0xB48B, 0xD58F, 0xD58F, 0xD58F, 0xD58F,
  0xD58F, 0xD58F, 0xB48B, 0xD58F, 0xD58F, 0xD58F, 0xD58F, 0xD58F, 0xB925, 0xB925, 0xB925, 0xB925,
  0xB925, 0xB925, 0xB925, 0xB925, 0xB925, 0xB925, 0xB925, 0xB925, 0xB925, 0xB925, 0x2105, 0x2105,
  0x2105, 0x2105, 0x2105, 0x2105, 0x2105, 0x2105, 0x2105, 0x2105, 0xA535, 0xA535, 0x6B6E, 0x6B6E,
  0x6B6E, 0x6B6E, 0x6B6E, 0x6B6E, 0x6B6E, 0x6B6E, 0x6B6E, 0x6B6E, 0x6B6E, 0x6B6E, 0x6B6E, 0x6B6E,
  0x6B6E, 0x6B6E, 0x6B6E, 0x6B6E, 0x6B6E, 0x6B6E, 0x6B6E, 0x6B6E, 0x6B6E, 0x6B6E, 0x6B6E, 0x6B6E,
  0x6B6E, 0x6B6E, 0x6B6E, 0x6B6E, 0x6B6E, 0x6B6E, 0x6B6E, 0x6B6E, 0xD69A, 0xD69A, 0xD69A, 0xD69A,
  0xD69A, 0xD69A, 0xD69A, 0xD69A, 0xD69A, 0xD69A, 0xD69A, 0xD69A, 0xD69A, 0xD69A, 0xD69A, 0xD69A,
  0xD69A, 0xD69A, 0xD69A, 0xD69A, 0xD69A, 0xD69A, 0xD69A, 0xD69A, 0xD69A, 0x4209, 0x4209, 0x4209,
  0x18E4, 0x18E4, 0x18E4, 0x18E4, 0x18E4, 0x18E4, 0x18E4, 0x18E4, 0x18E4, 0x18E4, 0x18E4, 0x18E4,
  0x18E4, 0x18E4, 0x18E4, 0x18E4, 0x18E4, 0xCE7A, 0x3801, 0x3801, 0xDC10, 0xDC10, 0xDC10, 0xDC10,
  0xDC10, 0xDC10, 0x7002, 0x7002, 0xDC10, 0xDC10, 0xDC10, 0xDC10, 0xDC10, 0xDC10, 0xDC10, 0xDC10,
  0xDC10, 0x7002, 0x7002, 0xDC10, 0xDC10, 0xDC10, 0xDC10, 0xDC10, 0xDC10, 0xDC10, 0xDC10, 0xDC10,
  0xDC10, 0x7002, 0x7002, 0xDC10, 0xDC10, 0xDC10, 0xDC10, 0xDC10, 0xDC10, 0xDC10, 0xDC10, 0xDC10,
  0x7002, 0x7002, 0xDC10, 0xDC10, 0xDC10, 0xDC10, 0xDC10, 0xDC10, 0xDC10, 0xDC10, 0xDC10, 0xDC10,
  0x7002, 0xDC10, 0xDC10, 0xDC10, 0xDC10, 0xDC10, 0xDC10, 0xDC10, 0xDC10, 0xDC10, 0xDC10, 0x7002,
  0x7002, 0xDC10, 0xDC10, 0xDC10, 0xDC10, 0xDC10, 0xDC10, 0xDC10, 0xDC10, 0xDC10, 0x7002, 0x7002,
  0xDC10, 0xDC10, 0xDC10, 0xDC10, 0xDC10, 0xDC10, 0xDC10, 0xDC10, 0xDC10, 0xDC10, 0x7002, 0x7002,
  0xDC10, 0xDC10, 0xDC10, 0xDC10, 0xDC10, 0xDC10, 0xDC10, 0xDC10, 0xDC10, 0x7002, 0x7002, 0xDC10,
  0xDC10, 0xDC10, 0xDC10, 0xDC10, 0x3801, 0x3801, 0xCE7A, 0xCE7A, 0xD69A, 0xD69A, 0xD69A, 0x4209,
  0x4209, 0x4209, 0x4209, 0x4209, 0x4209, 0x4209, 0x4209, 0x4209, 0x4209, 0x4209, 0x4209, 0x4209,
  0x4209, 0x4209, 0x4209, 0x4209, 0xD69A, 0xD69A, 0xD69A, 0xD69A, 0xD69A, 0xD69A, 0xD69A, 0xD69A,
  0xD69A, 0xD69A, 0xD69A, 0xD69A, 0xD69A, 0xD69A, 0xD69A, 0xD69A, 0xD69A, 0xD69A, 0xD69A, 0xD69A,
  0xD69A, 0xD69A, 0xB4CD, 0xB4CD, 0xB4CD, 0xB4CD, 0xB4CD, 0xB4CD, 0x9BEA, 0xB4CD, 0xB4CD, 0xB4CD,
  0xB4CD, 0xB4CD, 0xB4CD, 0x9BEA, 0xB4CD, 0xB4CD, 0xB4CD, 0xB4CD, 0xB4CD, 0xB4CD, 0x9BEA, 0xB4CD,
  0xB4CD, 0xB4CD, 0xB4CD, 0xB4CD, 0xB4CD, 0x9BEA, 0xB4CD, 0xB4CD, 0xB4CD, 0xB4CD, 0xB4CD, 0xB4CD,
  0x9BEA, 0xB4CD, 0xB4CD, 0xB4CD, 0xB4CD, 0xB4CD, 0xB4CD, 0x9BEA, 0xB4CD, 0xB4CD, 0xB4CD, 0xB4CD,
  0xB4CD, 0xB4CD, 0x9BEA, 0xB4CD, 0xB4CD, 0xB4CD, 0xB4CD, 0xB4CD, 0xB4CD, 0x9BEA, 0xB4CD, 0xB4CD,
  0xB4CD, 0xB4CD, 0xB4CD, 0xB4CD, 0xD146, 0xD146, 0xD146, 0xD146, 0xD146, 0xD146, 0xD146, 0xD146,
  0xD146, 0xD146, 0xD146, 0xD146, 0x2125, 0x2125, 0x2125, 0x2125, 0x2125, 0x2125, 0x2125, 0x2125,
  0x2125, 0x2125, 0xBDF8, 0xBDF8, 0x7BF1, 0x7BF1, 0x7BF1, 0x7BF1, 0x7BF1, 0x7BF1, 0x7BF1, 0x7BF1,
  0x7BF1, 0x7BF1, 0x7BF1, 0x7BF1, 0x7BF1, 0x7BF1, 0x7BF1, 0x7BF1, 0x7BF1, 0x7BF1, 0x7BF1, 0x7BF1,
  0x7BF1, 0x7BF1, 0x7BF1, 0x7BF1, 0x7BF1, 0x7BF1, 0x7BF1, 0x7BF1, 0x7BF1, 0x7BF1, 0x7BF1, 0x7BF1,
  0x7BF1, 0x7BF1, 0xF79E, 0xF79E, 0xF79E, 0xF79E, 0xF79E, 0xF79E, 0xF79E, 0xF79E, 0xF79E, 0xF79E,
  0xF79E, 0xF79E, 0xF79E, 0xF79E, 0xF79E, 0xF79E, 0xF79E, 0xF79E, 0xF79E, 0xF79E, 0xF79E, 0xF79E,
  0xF79E, 0xF79E, 0xF79E, 0xF79E, 0x4A6B, 0x4A6B, 0x4A6B, 0x4A6B, 0x4A6B, 0x4A6B, 0x4A6B, 0x2105,
  0x2105, 0x2105, 0x2105, 0x2105, 0x2105, 0x2105, 0x2105, 0x2105, 0x2105, 0x2105, 0x2105, 0x2105,
  0xEF7E, 0xEF7E, 0x4001, 0x4001, 0xF8E5, 0xF8E5, 0xF8E5, 0xF8E5, 0xF8E5, 0xF8E5, 0x8002, 0x8002,
  0xF8E5, 0xF8E5, 0xF8E5, 0xF8E5, 0xF8E5, 0xF8E5, 0xF8E5, 0xF8E5, 0xF8E5, 0x8002, 0x8002, 0xF8E5,
  0xF8E5, 0xF8E5, 0xF8E5, 0xF8E5, 0xF8E5, 0xF8E5, 0xF8E5, 0xF8E5, 0xF8E5, 0x8002, 0x8002, 0xF8E5,
  0xF8E5, 0xF8E5, 0xF8E5, 0xF8E5, 0xF8E5, 0xF8E5, 0xF8E5, 0xF8E5, 0x8002, 0x8002, 0xF8E5, 0xF8E5,
  0xF8E5, 0xF8E5, 0xF8E5, 0xF8E5, 0xF8E5, 0xF8E5, 0xF8E5, 0xF8E5, 0x8002, 0xF8E5, 0xF8E5, 0xF8E5,
  0xF8E5, 0xF8E5, 0xF8E5, 0xF8E5, 0xF8E5, 0xF8E5, 0xF8E5, 0x8002, 0x8002, 0xF8E5, 0xF8E5, 0xF8E5,
  0xF8E5, 0xF8E5, 0xF8E5, 0xF8E5, 0xF8E5, 0xF8E5, 0x8002, 0x8002, 0xF8E5, 0xF8E5, 0xF8E5, 0xF8E5,
  0xF8E5, 0xF8E5, 0xF8E5, 0xF8E5, 0xF8E5, 0xF8E5, 0x8002, 0x8002, 0xF8E5, 0xF8E5, 0xF8E5, 0xF8E5,
  0xF8E5, 0xF8E5, 0xF8E5, 0xF8E5, 0xF8E5, 0x8002, 0x8002, 0xF8E5, 0xF8E5, 0xF8E5, 0xF8E5, 0xF8E5,
  0x4001, 0x4001, 0xEF7E, 0xEF7E, 0xF79E, 0xF79E, 0xF79E, 0xF79E, 0x4A6B, 0x4A6B, 0x4A6B, 0x4A6B,
  0x4A6B, 0x4A6B, 0x4A6B, 0x4A6B, 0x4A6B, 0x4A6B, 0x4A6B, 0x4A6B, 0x4A6B, 0x4A6B, 0x4A6B, 0x4A6B,
  0x4A6B, 0xF79E, 0xF79E, 0xF79E, 0xF79E, 0xF79E, 0xF79E, 0xF79E, 0xF79E, 0xF79E, 0xF79E, 0xF79E,
  0xF79E, 0xF79E, 0xF79E, 0xF79E, 0xF79E, 0xF79E, 0xF79E, 0xF79E, 0xF79E, 0xF79E, 0xF79E, 0xF79E,
  0xD58F, 0xD58F, 0xD58F, 0xB48B, 0xD58F, 0xD58F, 0xD58F, 0xD58F, 0xD58F, 0xD58F, 0xB48B, 0xD58F,
  0xD58F, 0xD58F, 0xD58F, 0xD58F, 0xD58F, 0xB48B, 0xD58F, 0xD58F, 0xD58F, 0xD58F, 0xD58F, 0xD58F,
  0xB48B, 0xD58F, 0xD58F, 0xD58F, 0xD58F, 0xD58F, 0xD58F, 0xB48B, 0xD58F, 0xD58F, 0xD58F, 0xD58F,
  0xD58F, 0xD58F, 0xB48B, 0xD58F, 0xD58F, 0xD58F, 0xD58F, 0xD58F, 0xD58F, 0xB48B, 0xD58F, 0xD58F,
  0xD58F, 0xD58F, 0xD58F, 0xD58F, 0xB48B, 0xD58F, 0xD58F, 0xD58F, 0xD58F, 0xD58F, 0xD58F, 0xB48B,
  0xB925, 0xB925, 0xB925, 0xB925, 0xB925, 0xB925, 0xB925, 0xB925, 0xB925, 0x2105, 0x2105, 0x2105,
  0x2105, 0x2105, 0x2105, 0x2105, 0x2105, 0x2105, 0x2105, 0x2105, 0xA535, 0x6B6E, 0x6B6E, 0x6B6E,
  0x6B6E, 0x6B6E, 0x6B6E, 0x6B6E, 0x6B6E, 0x6B6E, 0x6B6E, 0x6B6E, 0x6B6E, 0x6B6E, 0x6B6E, 0x6B6E,
  0x6B6E, 0x6B6E, 0x6B6E, 0x6B6E, 0x6B6E, 0x6B6E, 0x6B6E, 0x6B6E, 0x6B6E, 0x6B6E, 0x6B6E, 0x6B6E,
  0x6B6E, 0x6B6E, 0x6B6E, 0x6B6E, 0x6B6E, 0x6B6E, 0x6B6E, 0x6B6E, 0x6B6E, 0xD69A, 0xD69A, 0xD69A,
  0xD69A, 0xD69A, 0xD69A, 0xD69A, 0xD69A, 0xD69A, 0xD69A, 0xD69A, 0xD69A, 0xD69A, 0xD69A, 0xD69A,
  0xD69A, 0xD69A, 0xD69A, 0xD69A, 0xD69A, 0xD69A, 0xD69A, 0xD69A, 0xD69A, 0xD69A, 0xD69A, 0x4209,
  0x4209, 0x4209, 0x4209, 0x4209, 0x4209, 0x4209, 0x4209, 0x4209, 0x4209, 0x4209, 0x4209, 0x4209,
  0x18E4, 0x18E4, 0x18E4, 0x18E4, 0x18E4, 0x18E4, 0x18E4, 0x18E4, 0xCE7A, 0xCE7A, 0x3801, 0x3801,
  0xD8C4, 0xD8C4, 0xD8C4, 0xD8C4, 0xD8C4, 0xD8C4, 0x7002, 0x7002, 0xD8C4, 0xD8C4, 0xD8C4, 0xD8C4,
  0xD8C4, 0xD8C4, 0xD8C4, 0xD8C4, 0xD8C4, 0x7002, 0x7002, 0xD8C4, 0xD8C4, 0xD8C4, 0xD8C4, 0xD8C4,
  0xD8C4, 0xD8C4, 0xD8C4, 0xD8C4, 0xD8C4, 0x7002, 0x7002, 0xD8C4, 0xD8C4, 0xD8C4, 0xD8C4, 0xD8C4,
  0xD8C4, 0xD8C4, 0xD8C4, 0xD8C4, 0x7002, 0x7002, 0xD8C4, 0xD8C4, 0xD8C4, 0xD8C4, 0xD8C4, 0xD8C4,
  0xD8C4, 0xD8C4, 0xD8C4, 0xD8C4, 0x7002, 0xD8C4, 0xD8C4, 0xD8C4, 0xD8C4, 0xD8C4, 0xD8C4, 0xD8C4,
  0xD8C4, 0xD8C4, 0xD8C4, 0x7002, 0x7002, 0xD8C4, 0xD8C4, 0xD8C4, 0xD8C4, 0xD8C4, 0xD8C4, 0xD8C4,
  0xD8C4, 0xD8C4, 0x7002, 0x7002, 0xD8C4, 0xD8C4, 0xD8C4, 0xD8C4, 0xD8C4, 0xD8C4, 0xD8C4, 0xD8C4,
  0xD8C4, 0xD8C4, 0x7002, 0x7002, 0xD8C4, 0xD8C4, 0xD8C4, 0xD8C4, 0xD8C4, 0xD8C4, 0xD8C4, 0xD8C4,
  0xD8C4, 0x7002, 0x7002, 0xD8C4, 0xD8C4, 0xD8C4, 0xD8C4, 0xD8C4, 0x3801, 0x3801, 0xCE7A, 0xCE7A,
  0x4209, 0xD69A, 0xD69A, 0xD69A, 0xD69A, 0x4209, 0x4209, 0x4209, 0x4209, 0x4209, 0x4209, 0x4209,
  0x4209, 0x4209, 0x4209, 0x4209, 0x4209, 0x4209, 0x4209, 0x4209, 0x4209, 0x4209, 0xD69A, 0xD69A,
  0xD69A, 0xD69A, 0xD69A, 0xD69A, 0xD69A, 0xD69A, 0xD69A, 0xD69A, 0xD69A, 0xD69A, 0xD69A, 0xD69A,
  0xD69A, 0xD69A, 0xD69A, 0xD69A, 0xD69A, 0xD69A, 0xD69A, 0xD69A, 0xD69A, 0xB4CD, 0x9BEA, 0xB4CD,
  0xB4CD, 0xB4CD, 0xB4CD, 0xB4CD, 0xB4CD, 0x9BEA, 0xB4CD, 0xB4CD, 0xB4CD, 0xB4CD, 0xB4CD, 0xB4CD,
  0x9BEA, 0xB4CD, 0xB4CD, 0xB4CD, 0xB4CD, 0xB4CD, 0xB4CD, 0x9BEA, 0xB4CD, 0xB4CD, 0xB4CD, 0xB4CD,
  0xB4CD, 0xB4CD, 0x9BEA, 0xB4CD, 0xB4CD, 0xB4CD, 0xB4CD, 0xB4CD, 0xB4CD, 0x9BEA, 0xB4CD, 0xB4CD,
  0xB4CD, 0xB4CD, 0xB4CD, 0xB4CD, 0x9BEA, 0xB4CD, 0xB4CD, 0xB4CD, 0xB4CD, 0xB4CD, 0xB4CD, 0x9BEA,
  0xB4CD, 0xB4CD, 0xB4CD, 0xB4CD, 0xB4CD, 0xB4CD, 0x9BEA, 0xB4CD, 0xD146, 0xD146, 0xD146, 0xD146,
  0xD146, 0xD146, 0xD146, 0x2125, 0x2125, 0x2125, 0x2125, 0x2125, 0x2125, 0x2125, 0x2125, 0x2125,
  0x2125, 0x2125, 0xBDF8, 0x7BF1, 0x7BF1, 0x7BF1, 0x7BF1, 0x7BF1, 0x7BF1, 0x7BF1, 0x7BF1, 0x7BF1,
  0x7BF1, 0x7BF1, 0x7BF1, 0x7BF1, 0x7BF1, 0x7BF1, 0x7BF1, 0x7BF1, 0x7BF1, 0x7BF1, 0x7BF1, 0x7BF1,
  0x7BF1, 0x7BF1, 0x7BF1, 0x7BF1, 0x7BF1, 0x7BF1, 0x7BF1, 0x7BF1, 0x7BF1, 0x7BF1, 0x7BF1, 0x7BF1,
  0x7BF1, 0x7BF1, 0x7BF1, 0xF79E, 0xF79E, 0xF79E, 0xF79E, 0xF79E, 0xF79E, 0xF79E, 0xF79E, 0xF79E,
  0xF79E, 0xF79E, 0xF79E, 0xF79E, 0xF79E, 0xF79E, 0xF79E, 0xF79E, 0xF79E, 0xF79E, 0xF79E, 0xF79E,
  0xF79E, 0xF79E, 0xF79E, 0xF79E, 0xF79E, 0xF79E, 0x4A6B, 0x4A6B, 0x4A6B, 0x4A6B, 0x4A6B, 0x4A6B,
  0x4A6B, 0x4A6B, 0x4A6B, 0x4A6B, 0x4A6B, 0x4A6B, 0x4A6B, 0x4A6B, 0x4A6B, 0x4A6B, 0x4A6B, 0x4A6B,
  0xF79E, 0xF79E, 0xF79E, 0x4A6B, 0xEF7E, 0xEF7E, 0x4001, 0x4001, 0xF8E5, 0xF8E5, 0xF8E5, 0xF8E5,
  0xF8E5, 0xF8E5, 0x8002, 0x8002, 0xF8E5, 0xF8E5, 0xF8E5, 0xF8E5, 0xF8E5, 0xF8E5, 0xF8E5, 0xF8E5,
  0xF8E5, 0x8002, 0x8002, 0xF8E5, 0xF8E5, 0xF8E5, 0xF8E5, 0xF8E5, 0xF8E5, 0xF8E5, 0xF8E5, 0xF8E5,
  0xF8E5, 0x8002, 0x8002, 0xF8E5, 0xF8E5, 0xF8E5, 0xF8E5, 0xF8E5, 0xF8E5, 0xF8E5, 0xF8E5, 0xF8E5,
  0x8002, 0x8002, 0xF8E5, 0xF8E5, 0xF8E5, 0xF8E5, 0xF8E5, 0xF8E5, 0xF8E5, 0xF8E5, 0xF8E5, 0xF8E5,
  0x8002, 0xF8E5, 0xF8E5, 0xF8E5, 0xF8E5, 0xF8E5, 0xF8E5, 0xF8E5, 0xF8E5, 0xF8E5, 0xF8E5, 0x8002,
  0x8002, 0xF8E5, 0xF8E5, 0xF8E5, 0xF8E5, 0xF8E5, 0xF8E5, 0xF8E5, 0xF8E5, 0xF8E5, 0x8002, 0x8002,
  0xF8E5, 0xF8E5, 0xF8E5, 0xF8E5, 0xF8E5, 0xF8E5, 0xF8E5, 0xF8E5, 0xF8E5, 0xF8E5, 0x8002, 0x8002,
  0xF8E5, 0xF8E5, 0xF8E5, 0xF8E5, 0xF8E5, 0xF8E5, 0xF8E5, 0xF8E5, 0xF8E5, 0x8002, 0x8002, 0xF8E5,
  0xF8E5, 0xF8E5, 0xF8E5, 0xF8E5, 0x4001, 0x4001, 0xEF7E, 0xEF7E, 0x4A6B, 0x4A6B, 0xF79E, 0xF79E,
  0xF79E, 0x4A6B, 0x4A6B, 0x4A6B, 0x4A6B, 0x4A6B, 0x4A6B, 0x4A6B, 0x4A6B, 0x4A6B, 0x4A6B, 0x4A6B,
  0x4A6B, 0x4A6B, 0x4A6B, 0x4A6B, 0x4A6B, 0x4A6B, 0x4A6B, 0xF79E, 0xF79E, 0xF79E, 0xF79E, 0xF79E,
  0xF79E, 0xF79E, 0xF79E, 0xF79E, 0xF79E, 0xF79E, 0xF79E, 0xF79E, 0xF79E, 0xF79E, 0xF79E, 0xF79E,
  0xF79E, 0xF79E, 0xF79E, 0xF79E, 0xF79E, 0xF79E, 0xF79E, 0xD58F, 0xD58F, 0xD58F, 0xD58F, 0xD58F,
  0xB48B, 0xD58F, 0xD58F, 0xD58F, 0xD58F, 0xD58F, 0xD58F, 0xB48B, 0xD58F, 0xD58F, 0xD58F, 0xD58F,
  0xD58F, 0xD58F, 0xB48B, 0xD58F, 0xD58F, 0xD58F, 0xD58F, 0xD58F, 0xD58F, 0xB48B, 0xD58F, 0xD58F,
  0xD58F, 0xD58F, 0xD58F, 0xD58F, 0xB48B, 0xD58F, 0xD58F, 0xD58F, 0xD58F, 0xD58F, 0xD58F, 0xB48B,
  0xD58F, 0xD58F, 0xD58F, 0xD58F, 0xD58F, 0xD58F, 0xB48B, 0xD58F, 0xD58F, 0xD58F, 0xD58F, 0xD58F,
  0xD58F, 0xB48B, 0xD58F, 0xD58F, 0xB925, 0xB925, 0xB925, 0xB925, 0xB925, 0x2105, 0x2105, 0x2105,
  0x2105, 0x2105, 0x2105, 0x2105, 0x2105, 0x2105, 0x2105, 0xA535, 0xA535, 0x6B6E, 0x6B6E, 0x6B6E,
  0x6B6E, 0x6B6E, 0x6B6E, 0x6B6E, 0x6B6E, 0x6B6E, 0x6B6E, 0x6B6E, 0x6B6E, 0x6B6E, 0x6B6E, 0x6B6E,
  0x6B6E, 0x6B6E, 0x6B6E, 0x6B6E, 0x6B6E, 0x6B6E, 0x6B6E, 0x6B6E, 0x6B6E, 0x6B6E, 0x6B6E, 0x6B6E,
  0x6B6E, 0x6B6E, 0x6B6E, 0x6B6E, 0x6B6E, 0x6B6E, 0x6B6E, 0x6B6E, 0x6B6E, 0xD69A, 0xD69A, 0xD69A,
  0xD69A, 0xD69A, 0xD69A, 0xD69A, 0xD69A, 0xD69A, 0xD69A, 0xD69A, 0xD69A, 0xD69A, 0xD69A, 0xD69A,
  0xD69A, 0xD69A, 0xD69A, 0xD69A, 0xD69A, 0xD69A, 0xD69A, 0xD69A, 0xD69A, 0xD69A, 0xD69A, 0xD69A,
  0x4209, 0x4209, 0x4209, 0x4209, 0x4209, 0x4209, 0x4209, 0x4209, 0x4209, 0x4209, 0x4209, 0x4209,
  0x4209, 0x4209, 0x4209, 0x4209, 0x4209, 0x4209, 0x4209, 0xD69A, 0xD69A, 0xD69A, 0x4209, 0x4209,
  0xCE7A, 0xCE7A, 0x3801, 0x3801, 0xD8C4, 0xD8C4, 0xD8C4, 0xD8C4, 0xD8C4, 0xD8C4, 0x7002, 0x7002,
  0xD8C4, 0xD8C4, 0xD8C4, 0xD8C4, 0xD8C4, 0xD8C4, 0xD8C4, 0xD8C4, 0xD8C4, 0x7002, 0x7002, 0xD8C4,
  0xD8C4, 0xD8C4, 0xD8C4, 0xD8C4, 0xD8C4, 0xD8C4, 0xD8C4, 0xD8C4, 0xD8C4, 0x7002, 0x7002, 0xD8C4,
  0xD8C4, 0xD8C4, 0xD8C4, 0xD8C4, 0xD8C4, 0xD8C4, 0xD8C4, 0xD8C4, 0x7002, 0x7002, 0xD8C4, 0xD8C4,
  0xD8C4, 0xD8C4, 0xD8C4, 0xD8C4, 0xD8C4, 0xD8C4, 0xD8C4, 0xD8C4, 0x7002, 0xD8C4, 0xD8C4, 0xD8C4,
  0xD8C4, 0xD8C4, 0xD8C4, 0xD8C4, 0xD8C4, 0xD8C4, 0xD8C4, 0x7002, 0x7002, 0xD8C4, 0xD8C4, 0xD8C4,
  0xD8C4, 0xD8C4, 0xD8C4, 0xD8C4, 0xD8C4, 0xD8C4, 0x7002, 0x7002, 0xD8C4, 0xD8C4, 0xD8C4, 0xD8C4,
  0xD8C4, 0xD8C4, 0xD8C4, 0xD8C4, 0xD8C4, 0xD8C4, 0x7002, 0x7002, 0xD8C4, 0xD8C4, 0xD8C4, 0xD8C4,
  0xD8C4, 0xD8C4, 0xD8C4, 0xD8C4, 0xD8C4, 0x7002, 0x7002, 0xD8C4, 0xD8C4, 0xD8C4, 0xD8C4, 0xD8C4,
  0x3801, 0x3801, 0xCE7A, 0xCE7A, 0xCE7A, 0x4209, 0x4209, 0xD69A, 0xD69A, 0xD69A, 0x4209, 0x4209,
  0x4209, 0x4209, 0x4209, 0x4209, 0x4209, 0x4209, 0x4209, 0x4209, 0x4209, 0x4209, 0x4209, 0x4209,
  0x4209, 0x4209, 0x4209, 0x4209, 0x4209, 0xD69A, 0xD69A, 0xD69A, 0xD69A, 0xD69A, 0xD69A, 0xD69A,
  0xD69A, 0xD69A, 0xD69A, 0xD69A, 0xD69A, 0xD69A, 0xD69A, 0xD69A, 0xD69A, 0xD69A, 0xD69A, 0xD69A,
  0xD69A, 0xD69A, 0xD69A, 0xD69A, 0xB4CD, 0xB4CD, 0xB4CD, 0x9BEA, 0xB4CD, 0xB4CD, 0xB4CD, 0xB4CD,
  0xB4CD, 0xB4CD, 0x9BEA, 0xB4CD, 0xB4CD, 0xB4CD, 0xB4CD, 0xB4CD, 0xB4CD, 0x9BEA, 0xB4CD, 0xB4CD,
  0xB4CD, 0xB4CD, 0xB4CD, 0xB4CD, 0x9BEA, 0xB4CD, 0xB4CD, 0xB4CD, 0xB4CD, 0xB4CD, 0xB4CD, 0x9BEA,
  0xB4CD, 0xB4CD, 0xB4CD, 0xB4CD, 0xB4CD, 0xB4CD, 0x9BEA, 0xB4CD, 0xB4CD, 0xB4CD, 0xB4CD, 0xB4CD,
  0xB4CD, 0x9BEA, 0xB4CD, 0xB4CD, 0xB4CD, 0xB4CD, 0xB4CD, 0xB4CD, 0x9BEA, 0xB4CD, 0xB4CD, 0xB4CD,
  0xD146, 0xD146, 0x2125, 0x2125, 0x2125, 0x2125, 0x2125, 0x2125, 0x2125, 0x2125, 0x2125, 0x2125,
  0x2125, 0xBDF8, 0xBDF8, 0x7BF1, 0x7BF1, 0x7BF1, 0x7BF1, 0x7BF1, 0x7BF1, 0x7BF1, 0x7BF1, 0x7BF1,
  0x7BF1, 0x7BF1, 0x7BF1, 0x7BF1, 0x7BF1, 0x7BF1, 0x7BF1, 0x7BF1, 0x7BF1, 0x7BF1, 0x7BF1, 0x7BF1,
  0x7BF1, 0x7BF1, 0x7BF1, 0x7BF1, 0x7BF1, 0x7BF1, 0x7BF1, 0x7BF1, 0x7BF1, 0x7BF1, 0x7BF1, 0x7BF1,
  0x7BF1, 0x7BF1, 0x7BF1, 0x7BF1, 0xF79E, 0xF79E, 0xF79E, 0xF79E, 0xF79E, 0xF79E, 0xF79E, 0xF79E,
  0xF79E, 0xF79E, 0xF79E, 0xF79E, 0xF79E, 0xF79E, 0xF79E, 0xF79E, 0xF79E, 0xF79E, 0xF79E, 0xF79E,
  0xF79E, 0xF79E, 0xF79E, 0xF79E, 0xF79E, 0xF79E, 0xF79E, 0x4A6B, 0x4A6B, 0x4A6B, 0x4A6B, 0x4A6B,
  0x4A6B, 0x4A6B, 0x4A6B, 0x4A6B, 0x4A6B, 0x4A6B, 0x4A6B, 0x4A6B, 0x4A6B, 0x4A6B, 0x4A6B, 0x4A6B,
  0x4A6B, 0x4A6B, 0xF79E, 0xF79E, 0xF79E, 0x4A6B, 0x4A6B, 0x4A6B, 0xEF7E, 0xEF7E, 0x4001, 0x4001,
  0x4001, 0x4001, 0x4001, 0x4001, 0x4001, 0x4001, 0x4001, 0x4001, 0x4001, 0x4001, 0x4001, 0x4001,
  0x4001, 0x4001, 0x4001, 0x4001, 0x4001, 0x4001, 0x4001, 0x4001, 0x4001, 0x4001, 0x4001, 0x4001,
  0x4001, 0x4001, 0x4001, 0x4001, 0x4001, 0x4001, 0x4001, 0x4001, 0x4001, 0x4001, 0x4001, 0x4001,
  0x4001, 0x4001, 0x4001, 0x4001, 0x4001, 0x4001, 0x4001, 0x4001, 0x4001, 0x4001, 0x4001, 0x4001,
  0x4001, 0x4001, 0x4001, 0x4001, 0x4001, 0x4001, 0x4001, 0x4001, 0x4001, 0x4001, 0x4001, 0x4001,
  0x4001, 0x4001, 0x4001, 0x4001, 0x4001, 0x4001, 0x4001, 0x4001, 0x4001, 0x4001, 0x4001, 0x4001,
  0x4001, 0x4001, 0x4001, 0x4001, 0x4001, 0x4001, 0x4001, 0x4001, 0x4001, 0x4001, 0x4001, 0x4001,
  0x4001, 0x4001, 0x4001, 0x4001, 0x4001, 0x4001, 0x4001, 0x4001, 0x4001, 0x4001, 0x4001, 0x4001,
  0x4001, 0x4001, 0x4001, 0x4001, 0x4001, 0x4001, 0x4001, 0x4001, 0x4001, 0x4001, 0xEF7E, 0xEF7E,
  0xEF7E, 0x4A6B, 0x4A6B, 0x4A6B, 0xF79E, 0xF79E, 0xF79E, 0x4A6B, 0x4A6B, 0x4A6B, 0x4A6B, 0x4A6B,
  0x4A6B, 0x4A6B, 0x4A6B, 0x4A6B, 0x4A6B, 0x4A6B, 0x4A6B, 0x4A6B, 0x4A6B, 0x4A6B, 0x4A6B, 0x4A6B,
  0x4A6B, 0x4A6B, 0xF79E, 0xF79E, 0xF79E, 0xF79E, 0xF79E, 0xF79E, 0xF79E, 0xF79E, 0xF79E, 0xF79E,
  0xF79E, 0xF79E, 0xF79E, 0xF79E, 0xF79E, 0xF79E, 0xF79E, 0xF79E, 0xF79E, 0xF79E, 0xF79E, 0xF79E,
  0xF79E, 0xF79E, 0xB48B, 0xD58F, 0xD58F, 0xD58F, 0xD58F, 0xD58F, 0xD58F, 0xB48B, 0xD58F, 0xD58F,
  0xD58F, 0xD58F, 0xD58F, 0xD58F, 0xB48B, 0xD58F, 0xD58F, 0xD58F, 0xD58F, 0xD58F, 0xD58F, 0xB48B,
  0xD58F, 0xD58F, 0xD58F, 0xD58F, 0xD58F, 0xD58F, 0xB48B, 0xD58F, 0xD58F, 0xD58F, 0xD58F, 0xD58F,
  0xD58F, 0xB48B, 0xD58F, 0xD58F, 0xD58F, 0xD58F, 0xD58F, 0xD58F, 0xB48B, 0xD58F, 0xD58F, 0xD58F,
  0xD58F, 0xD58F, 0xD58F, 0xB48B, 0xD58F, 0xD58F, 0xD58F, 0xD58F, 0x2105, 0x2105, 0x2105, 0x2105,
  0x2105, 0x2105, 0x2105, 0x2105, 0x2105, 0x2105, 0x2105, 0xA535, 0xA535, 0x6B6E, 0x6B6E, 0x6B6E,
  0x6B6E, 0x6B6E, 0x6B6E, 0x6B6E, 0x6B6E, 0x6B6E, 0x6B6E, 0x6B6E, 0x6B6E, 0x6B6E, 0x6B6E, 0x6B6E,
  0x6B6E, 0x6B6E, 0x6B6E, 0x6B6E, 0x6B6E, 0x6B6E, 0x6B6E, 0x6B6E, 0x6B6E, 0x6B6E, 0x6B6E, 0x6B6E,
  0x6B6E, 0x6B6E, 0x6B6E, 0x6B6E, 0x6B6E, 0x6B6E, 0x6B6E, 0x6B6E, 0x6B6E, 0x6B6E, 0xD69A, 0xD69A,
  0xD69A, 0xD69A, 0xD69A, 0xD69A, 0xD69A, 0xD69A, 0xD69A, 0xD69A, 0xD69A, 0xD69A, 0xD69A, 0xD69A,
  0xD69A, 0xD69A, 0xD69A, 0xD69A, 0xD69A, 0xD69A, 0xD69A, 0xD69A, 0xD69A, 0xD69A, 0xD69A, 0xD69A,
  0xD69A, 0xD69A, 0x4209, 0x4209, 0x4209, 0x4209, 0x4209, 0x4209, 0x4209, 0x4209, 0x4209, 0x4209,
  0x4209, 0x4209, 0x4209, 0x4209, 0x4209, 0x4209, 0x4209, 0x4209, 0x4209, 0x4209, 0x4209, 0x4209,
  0x4209, 0x4209, 0x4209, 0xCE7A, 0xCE7A, 0xCE7A, 0xCE7A, 0xCE7A, 0xCE7A, 0xCE7A, 0xCE7A, 0xCE7A,
  0xCE7A, 0xCE7A, 0xCE7A, 0xCE7A, 0xCE7A, 0xCE7A, 0xCE7A, 0xCE7A, 0xCE7A, 0xCE7A, 0xCE7A, 0xCE7A,
  0xCE7A, 0xCE7A, 0xCE7A, 0xCE7A, 0xCE7A, 0xCE7A, 0xCE7A, 0xCE7A, 0xCE7A, 0xCE7A, 0xCE7A, 0xCE7A,
  0xCE7A, 0xCE7A, 0xCE7A, 0xCE7A, 0xCE7A, 0xCE7A, 0xCE7A, 0xCE7A, 0xCE7A, 0xCE7A, 0xCE7A, 0xCE7A,
  0xCE7A, 0xCE7A, 0xCE7A, 0xCE7A, 0xCE7A, 0xCE7A, 0xB8C4, 0xB8C4, 0xB8C4, 0xB8C4, 0xB8C4, 0xB8C4,
  0xB8C4, 0xB8C4, 0xB8C4, 0xB8C4, 0xB8C4, 0xB8C4, 0xCE7A, 0xCE7A, 0xCE7A, 0xCE7A, 0xCE7A, 0xCE7A,
  0xCE7A, 0xCE7A, 0xCE7A, 0xCE7A, 0xCE7A, 0xCE7A, 0xCE7A, 0xCE7A, 0xCE7A, 0xCE7A, 0xCE7A, 0xCE7A,
  0xCE7A, 0xCE7A, 0xCE7A, 0xCE7A, 0xCE7A, 0xCE7A, 0xCE7A, 0xCE7A, 0xCE7A, 0xCE7A, 0xCE7A, 0xCE7A,
  0xCE7A, 0xCE7A, 0xCE7A, 0xCE7A, 0xCE7A, 0xCE7A, 0xCE7A, 0xCE7A, 0xCE7A, 0xCE7A, 0xCE7A, 0xCE7A,
  0xCE7A, 0xCE7A, 0xCE7A, 0xCE7A, 0xCE7A, 0xCE7A, 0xCE7A, 0xCE7A, 0xCE7A, 0x4209, 0x4209, 0x4209,
  0x4209, 0x4209, 0x4209, 0x4209, 0x4209, 0x4209, 0x4209, 0x4209, 0x4209, 0x4209, 0x4209, 0x4209,
  0x4209, 0x4209, 0x4209, 0x4209, 0x4209, 0x4209, 0x4209, 0x4209, 0x4209, 0x4209, 0x4209, 0xD69A,
  0xD69A, 0xD69A, 0xD69A, 0xD69A, 0xD69A, 0xD69A, 0xD69A, 0xD69A, 0xD69A, 0xD69A, 0xD69A, 0xD69A,
  0xD69A, 0xD69A, 0xD69A, 0xD69A, 0xD69A, 0xD69A, 0xD69A, 0xD69A, 0xD69A, 0xD69A, 0xD69A, 0xD69A,
  0xB4CD, 0xB4CD, 0xB4CD, 0xB4CD, 0x9BEA, 0xB4CD, 0xB4CD, 0xB4CD, 0xB4CD, 0xB4CD, 0xB4CD, 0x9BEA,
  0xB4CD, 0xB4CD, 0xB4CD, 0xB4CD, 0xB4CD, 0xB4CD, 0x9BEA, 0xB4CD, 0xB4CD, 0xB4CD, 0xB4CD, 0xB4CD,
  0xB4CD, 0x9BEA, 0xB4CD, 0xB4CD, 0xB4CD, 0xB4CD, 0xB4CD, 0xB4CD, 0x9BEA, 0xB4CD, 0xB4CD, 0xB4CD,
  0xB4CD, 0xB4CD, 0xB4CD, 0x9BEA, 0xB4CD, 0xB4CD, 0xB4CD, 0xB4CD, 0xB4CD, 0xB4CD, 0x9BEA, 0xB4CD,
  0xB4CD, 0xB4CD, 0xB4CD, 0xB4CD, 0x2125, 0x2125, 0x2125, 0x2125, 0x2125, 0x2125, 0x2125, 0x2125,
  0x2125, 0xBDF8, 0xBDF8, 0x7BF1, 0x7BF1, 0x7BF1, 0x7BF1, 0x7BF1, 0x7BF1, 0x7BF1, 0x7BF1, 0x7BF1,
  0x7BF1, 0x7BF1, 0x7BF1, 0x7BF1, 0x7BF1, 0x7BF1, 0x7BF1, 0x7BF1, 0x7BF1, 0x7BF1, 0x7BF1, 0x7BF1,
  0x7BF1, 0x7BF1, 0x7BF1, 0x7BF1, 0x7BF1, 0x7BF1, 0x7BF1, 0x7BF1, 0x7BF1, 0x7BF1, 0x7BF1, 0x7BF1,
  0x7BF1, 0x7BF1, 0x7BF1, 0x7BF1, 0x7BF1, 0xF79E, 0xF79E, 0xF79E, 0xD905, 0xD905, 0xD905, 0xD905,
  0xD905, 0xD905, 0xD905, 0xD905, 0xD905, 0xD905, 0xD905, 0xD905, 0xD905, 0xD905, 0xD905, 0xD905,
  0xD905, 0xF79E, 0xF79E, 0xF79E, 0xF79E, 0xF79E, 0xF79E, 0xF79E, 0xF79E, 0x4A6B, 0x4A6B, 0x4A6B,
  0x4A6B, 0x4A6B, 0x4A6B, 0x4A6B, 0x4A6B, 0x4A6B, 0x4A6B, 0x4A6B, 0x4A6B, 0x4A6B, 0x4A6B, 0x4A6B,
  0x4A6B, 0x4A6B, 0x4A6B, 0x4A6B, 0x4A6B, 0x4A6B, 0x4A6B, 0x4A6B, 0x4A6B, 0x4A6B, 0x4A6B, 0xEF7E,
  0xEF7E, 0xEF7E, 0xEF7E, 0xEF7E, 0xEF7E, 0xEF7E, 0xEF7E, 0xEF7E, 0xEF7E, 0xEF7E, 0xEF7E, 0xEF7E,
  0xEF7E, 0xEF7E, 0xEF7E, 0xEF7E, 0xEF7E, 0xEF7E, 0xEF7E, 0xEF7E, 0xEF7E, 0xEF7E, 0xEF7E, 0xEF7E,
  0xEF7E, 0xEF7E, 0xEF7E, 0xEF7E, 0xEF7E, 0xEF7E, 0xEF7E, 0xEF7E, 0xEF7E, 0xEF7E, 0xEF7E, 0xEF7E,
  0xEF7E, 0xEF7E, 0xEF7E, 0xEF7E, 0xEF7E, 0xEF7E, 0xEF7E, 0xEF7E, 0xEF7E, 0xEF7E, 0xEF7E, 0xEF7E,
  0xEF7E, 0xEF7E, 0xD8E5, 0xD8E5, 0xD8E5, 0xD8E5, 0xD8E5, 0xD8E5, 0xD8E5, 0xD8E5, 0xD8E5, 0xD8E5,
  0xD8E5, 0xD8E5, 0xEF7E, 0xEF7E, 0xEF7E, 0xEF7E, 0xEF7E, 0xEF7E, 0xEF7E, 0xEF7E, 0xEF7E, 0xEF7E,
  0xEF7E, 0xEF7E, 0xEF7E, 0xEF7E, 0xEF7E, 0xEF7E, 0xEF7E, 0xEF7E, 0xEF7E, 0xEF7E, 0xEF7E, 0xEF7E,
  0xEF7E, 0xEF7E, 0xEF7E, 0xEF7E, 0xEF7E, 0xEF7E, 0xEF7E, 0xEF7E, 0xEF7E, 0xEF7E, 0xEF7E, 0xEF7E,
  0xEF7E, 0xEF7E, 0xEF7E, 0xEF7E, 0xEF7E, 0xEF7E, 0xEF7E, 0xEF7E, 0xEF7E, 0xEF7E, 0xEF7E, 0xEF7E,
  0xEF7E, 0xEF7E, 0xEF7E, 0xEF7E, 0xEF7E, 0x4A6B, 0x4A6B, 0x4A6B, 0x4A6B, 0x4A6B, 0x4A6B, 0x4A6B,
  0x4A6B, 0x4A6B, 0x4A6B, 0x4A6B, 0x4A6B, 0x4A6B, 0x4A6B, 0x4A6B, 0x4A6B, 0x4A6B, 0x4A6B, 0x4A6B,
  0x4A6B, 0x4A6B, 0x4A6B, 0x4A6B, 0x4A6B, 0x4A6B, 0x4A6B, 0x4A6B, 0xF79E, 0xF79E, 0xF79E, 0xF79E,
  0xF79E, 0xF79E, 0xF79E, 0xF79E, 0xD905, 0xD905, 0xD905, 0xD905, 0xD905, 0xD905, 0xD905, 0xD905,
  0xD905, 0xD905, 0xD905, 0xD905, 0xD905, 0xD905, 0xD905, 0xD905, 0xD905, 0xD58F, 0xD58F, 0xB48B,
  0xD58F, 0xD58F, 0xD58F, 0xD58F, 0xD58F, 0xD58F, 0xB48B, 0xD58F, 0xD58F, 0xD58F, 0xD58F, 0xD58F,
  0xD58F, 0xB48B, 0xD58F, 0xD58F, 0xD58F, 0xD58F, 0xD58F, 0xD58F, 0xB48B, 0xD58F, 0xD58F, 0xD58F,
  0xD58F, 0xD58F, 0xD58F, 0xB48B, 0xD58F, 0xD58F, 0xD58F, 0xD58F, 0xD58F, 0xD58F, 0xB48B, 0xD58F,
  0xD58F, 0xD58F, 0xD58F, 0xD58F, 0xD58F, 0xB48B, 0xD58F, 0xD58F, 0xD58F, 0xD58F, 0xD58F, 0xD58F,
  0x2105, 0x2105, 0x2105, 0x2105, 0x2105, 0x2105, 0x2105, 0xA535, 0x6B6E, 0x6B6E, 0x6B6E, 0x6B6E,
  0x6B6E, 0x6B6E, 0x6B6E, 0x6B6E, 0x6B6E, 0x6B6E, 0x6B6E, 0x6B6E, 0x6B6E, 0x6B6E, 0x6B6E, 0x6B6E,
  0x6B6E, 0x6B6E, 0x6B6E, 0x6B6E, 0x6B6E, 0x6B6E, 0x6B6E, 0x6B6E, 0x6B6E, 0x6B6E, 0x6B6E, 0x6B6E,
  0x6B6E, 0x6B6E, 0x6B6E, 0x6B6E, 0x6B6E, 0x6B6E, 0x6B6E, 0x6B6E, 0x6B6E, 0x6B6E, 0x6B6E, 0xD69A,
  0xD69A, 0xD69A, 0xC0E4, 0xC0E4, 0xC0E4, 0xC0E4, 0xC0E4, 0xC0E4, 0xC0E4, 0xC0E4, 0xC0E4, 0xC0E4,
  0xC0E4, 0xC0E4, 0xC0E4, 0xC0E4, 0xC0E4, 0xC0E4, 0xC0E4, 0xC0E4, 0xD69A, 0xD69A, 0xD69A, 0xD69A,
  0xD69A, 0xD69A, 0xD69A, 0xD69A, 0x4209, 0x4209, 0x4209, 0x4209, 0x4209, 0x4209, 0x4209, 0x4209,
  0x4209, 0x4209, 0x4209, 0x4209, 0x4209, 0x4209, 0x4209, 0x4209, 0x4209, 0x4209, 0x4209, 0x4209,
  0x4209, 0x4209, 0x4209, 0x4209, 0x4209, 0x4209, 0x4209, 0xCE7A, 0xCE7A, 0xCE7A, 0xCE7A, 0xCE7A,
  0xCE7A, 0xCE7A, 0xCE7A, 0xCE7A, 0xCE7A, 0xCE7A, 0xCE7A, 0xCE7A, 0xCE7A, 0xCE7A, 0xCE7A, 0xCE7A,
  0xCE7A, 0xCE7A, 0xCE7A, 0xCE7A, 0xCE7A, 0xCE7A, 0xCE7A, 0xCE7A, 0xCE7A, 0xCE7A, 0xCE7A, 0xCE7A,
  0xCE7A, 0xCE7A, 0xCE7A, 0xCE7A, 0xCE7A, 0xCE7A, 0xCE7A, 0xCE7A, 0xCE7A, 0xCE7A, 0xCE7A, 0xCE7A,
  0xCE7A, 0xCE7A, 0xCE7A, 0xCE7A, 0xCE7A, 0xCE7A, 0xCE7A, 0xCE7A, 0xCE7A, 0xCE7A, 0xB8C4, 0xB8C4,
  0xB8C4, 0xB8C4, 0xB8C4, 0xB8C4, 0xB8C4, 0xB8C4, 0xB8C4, 0xB8C4, 0xB8C4, 0xB8C4, 0xCE7A, 0xCE7A,
  0xCE7A, 0xCE7A, 0xCE7A, 0xCE7A, 0xCE7A, 0xCE7A, 0xCE7A, 0xCE7A, 0xCE7A, 0xCE7A, 0xCE7A, 0xCE7A,
  0xCE7A, 0xCE7A, 0xCE7A, 0xCE7A, 0xCE7A, 0xCE7A, 0xCE7A, 0xCE7A, 0xCE7A, 0xCE7A, 0xCE7A, 0xCE7A,
  0xCE7A, 0xCE7A, 0xCE7A, 0xCE7A, 0xCE7A, 0xCE7A, 0xCE7A, 0xCE7A, 0xCE7A, 0xCE7A, 0xCE7A, 0xCE7A,
  0xCE7A, 0xCE7A, 0xCE7A, 0xCE7A, 0xCE7A, 0xCE7A, 0xCE7A, 0xCE7A, 0xCE7A, 0xCE7A, 0xCE7A, 0xCE7A,
  0xCE7A, 0xCE7A, 0x4209, 0x4209, 0x4209, 0x4209, 0x4209, 0x4209, 0x4209, 0x4209, 0x4209, 0x4209,
  0x4209, 0x4209, 0x4209, 0x4209, 0x4209, 0x4209, 0x4209, 0x4209, 0x4209, 0x4209, 0x4209, 0x4209,
  0x4209, 0x4209, 0x4209, 0x4209, 0x4209, 0xD69A, 0xD69A, 0xD69A, 0xD69A, 0xD69A, 0xD69A, 0xD69A,
  0xD69A, 0xC0E4, 0xC0E4, 0xC0E4, 0xC0E4, 0xC0E4, 0xC0E4, 0xC0E4, 0xC0E4, 0xC0E4, 0xC0E4, 0xC0E4,
  0xC0E4, 0xC0E4, 0xC0E4, 0xC0E4, 0xC0E4, 0xC0E4, 0xC0E4, 0xB4CD, 0xB4CD, 0xB4CD, 0xB4CD, 0xB4CD,
  0xB4CD, 0x9BEA, 0xB4CD, 0xB4CD, 0xB4CD, 0xB4CD, 0xB4CD, 0xB4CD, 0x9BEA, 0xB4CD, 0xB4CD, 0xB4CD,
  0xB4CD, 0xB4CD, 0xB4CD, 0x9BEA, 0xB4CD, 0xB4CD, 0xB4CD, 0xB4CD, 0xB4CD, 0xB4CD, 0x9BEA, 0xB4CD,
  0xB4CD, 0xB4CD, 0xB4CD, 0xB4CD, 0xB4CD, 0x9BEA, 0xB4CD, 0xB4CD, 0xB4CD, 0xB4CD, 0xB4CD, 0xB4CD,
  0x9BEA, 0xB4CD, 0xB4CD, 0xB4CD, 0xB4CD, 0xB4CD, 0xB4CD, 0x9BEA, 0x2125, 0x2125, 0x2125, 0x2125,
  0x2125, 0xBDF8, 0x7BF1, 0x7BF1, 0x7BF1, 0x7BF1, 0x7BF1, 0x7BF1, 0x7BF1, 0x7BF1, 0x7BF1, 0x7BF1,
  0x7BF1, 0x7BF1, 0x7BF1, 0x7BF1, 0x7BF1, 0x7BF1, 0x7BF1, 0x7BF1, 0x7BF1, 0x7BF1, 0x7BF1, 0x7BF1,
  0x7BF1, 0x7BF1, 0x7BF1, 0x7BF1, 0x7BF1, 0x7BF1, 0x7BF1, 0x7BF1, 0x7BF1, 0x7BF1, 0x7BF1, 0x7BF1,
  0x7BF1, 0x7BF1, 0x7BF1, 0x7BF1, 0x7BF1, 0xF79E, 0xF79E, 0xF79E, 0xF79E, 0xD905, 0xD905, 0xD905,
  0xD905, 0xD905, 0xD905, 0xD905, 0xD905, 0xD905, 0xD905, 0xD905, 0xD905, 0xD905, 0xD905, 0xD905,
  0xD905, 0xD905, 0xD905, 0xF79E, 0xF79E, 0xF79E, 0xF79E, 0xF79E, 0xF79E, 0xF79E, 0x4A6B, 0x4A6B,
  0x4A6B, 0x4A6B, 0x4A6B, 0x4A6B, 0x4A6B, 0x4A6B, 0x4A6B, 0x4A6B, 0x4A6B, 0x4A6B, 0x4A6B, 0x4A6B,
  0x4A6B, 0x4A6B, 0x4A6B, 0x4A6B, 0x4A6B, 0x4A6B, 0x4A6B, 0x4A6B, 0x4A6B, 0x4A6B, 0x4A6B, 0x4A6B,
  0x4A6B, 0x4A6B, 0x4A6B, 0xEF7E, 0xEF7E, 0xEF7E, 0xEF7E, 0xEF7E, 0xEF7E, 0xEF7E, 0xEF7E, 0xEF7E,
  0xEF7E, 0xEF7E, 0xEF7E, 0xEF7E, 0xEF7E, 0xEF7E, 0xEF7E, 0xEF7E, 0xEF7E, 0xEF7E, 0xEF7E, 0xEF7E,
  0xEF7E, 0xEF7E, 0xEF7E, 0xEF7E, 0xEF7E, 0xEF7E, 0xEF7E, 0xEF7E, 0xEF7E, 0xEF7E, 0xEF7E, 0xEF7E,
  0xEF7E, 0xEF7E, 0xEF7E, 0xEF7E, 0xEF7E, 0xEF7E, 0xEF7E, 0xEF7E, 0xEF7E, 0xEF7E, 0xEF7E, 0xEF7E,
  0xF79E, 0xF79E, 0xF79E, 0xF79E, 0xF79E, 0xF79E, 0xF79E, 0xF79E, 0xF79E, 0xF79E, 0xF79E, 0xF79E,
  0xF79E, 0xF79E, 0xF79E, 0xF79E, 0xF79E, 0xF79E, 0xF79E, 0xF79E, 0xF79E, 0xF79E, 0xF79E, 0xF79E,
  0xEF7E, 0xEF7E, 0xEF7E, 0xEF7E, 0xEF7E, 0xEF7E, 0xEF7E, 0xEF7E, 0xEF7E, 0xEF7E, 0xEF7E, 0xEF7E,
  0xEF7E, 0xEF7E, 0xEF7E, 0xEF7E, 0xEF7E, 0xEF7E, 0xEF7E, 0xEF7E, 0xEF7E, 0xEF7E, 0xEF7E, 0xEF7E,
  0xEF7E, 0xEF7E, 0xEF7E, 0xEF7E, 0xEF7E, 0xEF7E, 0xEF7E, 0xEF7E, 0xEF7E, 0xEF7E, 0xEF7E, 0xEF7E,
  0xEF7E, 0xEF7E, 0xEF7E, 0xEF7E, 0xEF7E, 0xEF7E, 0xEF7E, 0xEF7E, 0xEF7E, 0xEF7E, 0x4A6B, 0x4A6B,
  0x4A6B, 0x4A6B, 0x4A6B, 0x4A6B, 0x4A6B, 0x4A6B, 0x4A6B, 0x4A6B, 0x4A6B, 0x4A6B, 0x4A6B, 0x4A6B,
  0x4A6B, 0x4A6B, 0x4A6B, 0x4A6B, 0x4A6B, 0x4A6B, 0x4A6B, 0x4A6B, 0x4A6B, 0x4A6B, 0x4A6B, 0x4A6B,
  0x4A6B, 0x4A6B, 0x4A6B, 0xF79E, 0xF79E, 0xF79E, 0xF79E, 0xF79E, 0xF79E, 0xF79E, 0xD905, 0xD905,
  0xD905, 0xD905, 0xD905, 0xD905, 0xD905, 0xD905, 0xD905, 0xD905, 0xD905, 0xD905, 0xD905, 0xD905,
  0xD905, 0xD905, 0xD905, 0xD905, 0xD58F, 0xD58F, 0xD58F, 0xD58F, 0xB48B, 0xD58F, 0xD58F, 0xD58F,
  0xD58F, 0xD58F, 0xD58F, 0xB48B, 0xD58F, 0xD58F, 0xD58F, 0xD58F, 0xD58F, 0xD58F, 0xB48B, 0xD58F,
  0xD58F, 0xD58F, 0xD58F, 0xD58F, 0xD58F, 0xB48B, 0xD58F, 0xD58F, 0xD58F, 0xD58F, 0xD58F, 0xD58F,
  0xB48B, 0xD58F, 0xD58F, 0xD58F, 0xD58F, 0xD58F, 0xD58F, 0xB48B, 0xD58F, 0xD58F, 0xD58F, 0xD58F,
  0xD58F, 0xD58F, 0xB48B, 0xD58F, 0x2105, 0x2105, 0x2105, 0xA535, 0x6B6E, 0x6B6E, 0x6B6E, 0x6B6E,
  0x6B6E, 0x6B6E, 0x6B6E, 0x6B6E, 0x6B6E, 0x6B6E, 0x6B6E, 0x6B6E, 0x6B6E, 0x6B6E, 0x6B6E, 0x6B6E,
  0x6B6E, 0x6B6E, 0x6B6E, 0x6B6E, 0x6B6E, 0x6B6E, 0x6B6E, 0x6B6E, 0x6B6E, 0x6B6E, 0x6B6E, 0x6B6E,
  0x6B6E, 0x6B6E, 0x6B6E, 0x6B6E, 0x6B6E, 0x6B6E, 0x6B6E, 0x6B6E, 0x6B6E, 0x6B6E, 0x6B6E, 0x6B6E,
  0xD69A, 0xD69A, 0xD69A, 0xC0E4, 0xC0E4, 0xC0E4, 0xC0E4, 0xC0E4, 0xC0E4, 0xC0E4, 0xC0E4, 0xC0E4,
  0xC0E4, 0xC0E4, 0xC0E4, 0xC0E4, 0xC0E4, 0xC0E4, 0xC0E4, 0xC0E4, 0xC0E4, 0xD69A, 0xD69A, 0xD69A,
  0xD69A, 0xD69A, 0xD69A, 0xD69A, 0xD69A, 0x4209, 0x4209, 0x4209, 0x4209, 0x4209, 0x4209, 0x4209,
  0x4209, 0x4209, 0x4209, 0x4209, 0x4209, 0x4209, 0x4209, 0x4209, 0x4209, 0x4209, 0x4209, 0x4209,
  0x4209, 0x4209, 0x4209, 0x4209, 0x4209, 0x4209, 0x4209, 0x4209, 0x4209, 0x4209, 0x4209, 0xCE7A,
  0xCE7A, 0xCE7A, 0xCE7A, 0xCE7A, 0xCE7A, 0xCE7A, 0xCE7A, 0xCE7A, 0xCE7A, 0xCE7A, 0xCE7A, 0xCE7A,
  0xCE7A, 0xCE7A, 0xCE7A, 0xCE7A, 0xCE7A, 0xCE7A, 0xCE7A, 0xCE7A, 0xCE7A, 0xCE7A, 0xCE7A, 0xCE7A,
  0xCE7A, 0xCE7A, 0xCE7A, 0xCE7A, 0xCE7A, 0xCE7A, 0xCE7A, 0xCE7A, 0xCE7A, 0xCE7A, 0xCE7A, 0xCE7A,
  0xCE7A, 0xCE7A, 0xCE7A, 0xCE7A, 0xCE7A, 0xCE7A, 0xCE7A, 0xCE7A, 0xD69A, 0xD69A, 0xD69A, 0xD69A,
  0xD69A, 0xD69A, 0xD69A, 0xD69A, 0xD69A, 0xD69A, 0xD69A, 0xD69A, 0xD69A, 0xD69A, 0xD69A, 0xD69A,
  0xD69A, 0xD69A, 0xD69A, 0xD69A, 0xD69A, 0xD69A, 0xD69A, 0xD69A, 0xCE7A, 0xCE7A, 0xCE7A, 0xCE7A,
  0xCE7A, 0xCE7A, 0xCE7A, 0xCE7A, 0xCE7A, 0xCE7A, 0xCE7A, 0xCE7A, 0xCE7A, 0xCE7A, 0xCE7A, 0xCE7A,
  0xCE7A, 0xCE7A, 0xCE7A, 0xCE7A, 0xCE7A, 0xCE7A, 0xCE7A, 0xCE7A, 0xCE7A, 0xCE7A, 0xCE7A, 0xCE7A,
  0xCE7A, 0xCE7A, 0xCE7A, 0xCE7A, 0xCE7A, 0xCE7A, 0xCE7A, 0xCE7A, 0xCE7A, 0xCE7A, 0xCE7A, 0xCE7A,
  0xCE7A, 0xCE7A, 0xCE7A, 0xCE7A, 0xCE7A, 0xCE7A, 0x4209, 0x4209, 0x4209, 0x4209, 0x4209, 0x4209,
  0x4209, 0x4209, 0x4209, 0x4209, 0x4209, 0x4209, 0x4209, 0x4209, 0x4209, 0x4209, 0x4209, 0x4209,
  0x4209, 0x4209, 0x4209, 0x4209, 0x4209, 0x4209, 0x4209, 0x4209, 0x4209, 0x4209, 0x4209, 0x4209,
  0xD69A, 0xD69A, 0xD69A, 0xD69A, 0xD69A, 0xD69A, 0xD69A, 0xD69A, 0xC0E4, 0xC0E4, 0xC0E4, 0xC0E4,
  0xC0E4, 0xC0E4, 0xC0E4, 0xC0E4, 0xC0E4, 0xC0E4, 0xC0E4, 0xC0E4, 0xC0E4, 0xC0E4, 0xC0E4, 0xC0E4,
  0xC0E4, 0xC0E4, 0xB4CD, 0x9BEA, 0xB4CD, 0xB4CD, 0xB4CD, 0xB4CD, 0xB4CD, 0xB4CD, 0x9BEA, 0xB4CD,
  0xB4CD, 0xB4CD, 0xB4CD, 0xB4CD, 0xB4CD, 0x9BEA, 0xB4CD, 0xB4CD, 0xB4CD, 0xB4CD, 0xB4CD, 0xB4CD,
  0x9BEA, 0xB4CD, 0xB4CD, 0xB4CD, 0xB4CD, 0xB4CD, 0xB4CD, 0x9BEA, 0xB4CD, 0xB4CD, 0xB4CD, 0xB4CD,
  0xB4CD, 0xB4CD, 0x9BEA, 0xB4CD, 0xB4CD, 0xB4CD, 0xB4CD, 0xB4CD, 0xB4CD, 0x9BEA, 0xB4CD, 0xB4CD,
  0xBDF8, 0xBDF8, 0x7BF1, 0x7BF1, 0x7BF1, 0x7BF1, 0x7BF1, 0x7BF1, 0x7BF1, 0x7BF1, 0x7BF1, 0x7BF1,
  0x7BF1, 0x7BF1, 0x7BF1, 0x7BF1, 0x7BF1, 0x7BF1, 0x7BF1, 0x7BF1, 0x7BF1, 0x7BF1, 0x7BF1, 0x7BF1,
  0x7BF1, 0x7BF1, 0x7BF1, 0x7BF1, 0x7BF1, 0x7BF1, 0x7BF1, 0x7BF1, 0x7BF1, 0x7BF1, 0x7BF1, 0x7BF1,
  0x7BF1, 0x7BF1, 0x7BF1, 0x7BF1, 0x7BF1, 0x7BF1, 0xF79E, 0xF79E, 0xF79E, 0xF79E, 0xD905, 0xD905,
  0xD905, 0xD905, 0xD905, 0xD905, 0xD905, 0xD905, 0xD905, 0xD905, 0xD905, 0xD905, 0xD905, 0xD905,
  0xD905, 0xD905, 0xD905, 0xD905, 0xF79E, 0xF79E, 0xF79E, 0xF79E, 0xF79E, 0xF79E, 0xF79E, 0xF79E,
  0x4A6B, 0x4A6B, 0x4A6B, 0x4A6B, 0x4A6B, 0x4A6B, 0x4A6B, 0x4A6B, 0x4A6B, 0x4A6B, 0x4A6B, 0x4A6B,
  0x4A6B, 0x4A6B, 0x4A6B, 0x4A6B, 0x4A6B, 0x4A6B, 0x4A6B, 0x4A6B, 0x4A6B, 0x4A6B, 0x4A6B, 0x4A6B,
  0x4A6B, 0x4A6B, 0x4A6B, 0x4A6B, 0x4A6B, 0x4A6B, 0xEF7E, 0xEF7E, 0xEF7E, 0xEF7E, 0xEF7E, 0xEF7E,
  0xEF7E, 0xEF7E, 0xEF7E, 0xEF7E, 0xEF7E, 0xEF7E, 0xEF7E, 0xEF7E, 0xEF7E, 0xEF7E, 0xEF7E, 0xEF7E,
  0xEF7E, 0xEF7E, 0xEF7E, 0xEF7E, 0xEF7E, 0xEF7E, 0xEF7E, 0xEF7E, 0xEF7E, 0xEF7E, 0xEF7E, 0xEF7E,
  0xEF7E, 0xEF7E, 0xEF7E, 0xEF7E, 0xEF7E, 0xEF7E, 0xEF7E, 0xEF7E, 0xEF7E, 0xEF7E, 0xEF7E, 0xEF7E,
  0xEF7E, 0xEF7E, 0xEF7E, 0xEF7E, 0xF79E, 0xF79E, 0x10A3, 0x10A3, 0x10A3, 0x10A3, 0x10A3, 0x10A3,
  0x10A3, 0x10A3, 0x10A3, 0x10A3, 0x10A3, 0x10A3, 0x10A3, 0x10A3, 0x10A3, 0x10A3, 0x10A3, 0x10A3,
  0x10A3, 0x10A3, 0xF79E, 0xF79E, 0xEF7E, 0xEF7E, 0xEF7E, 0xEF7E, 0xEF7E, 0xEF7E, 0xEF7E, 0xEF7E,
  0xEF7E, 0xEF7E, 0xEF7E, 0xEF7E, 0xEF7E, 0xEF7E, 0xEF7E, 0xEF7E, 0xEF7E, 0xEF7E, 0xEF7E, 0xEF7E,
  0xEF7E, 0xEF7E, 0xEF7E, 0xEF7E, 0xEF7E, 0xEF7E, 0xEF7E, 0xEF7E, 0xEF7E, 0xEF7E, 0xEF7E, 0xEF7E,
  0xEF7E, 0xEF7E, 0xEF7E, 0xEF7E, 0xEF7E, 0xEF7E, 0xEF7E, 0xEF7E, 0xEF7E, 0xEF7E, 0xEF7E, 0xEF7E,
  0xEF7E, 0xEF7E, 0x4A6B, 0x4A6B, 0x4A6B, 0x4A6B, 0x4A6B, 0x4A6B, 0x4A6B, 0x4A6B, 0x4A6B, 0x4A6B,
  0x4A6B, 0x4A6B, 0x4A6B, 0x4A6B, 0x4A6B, 0x4A6B, 0x4A6B, 0x4A6B, 0x4A6B, 0x4A6B, 0x4A6B, 0x4A6B,
  0x4A6B, 0x4A6B, 0x4A6B, 0x4A6B, 0x4A6B, 0x4A6B, 0x4A6B, 0x4A6B, 0x4A6B, 0xF79E, 0xF79E, 0xF79E,
  0xF79E, 0xF79E, 0xF79E, 0xF79E, 0xF79E, 0xD905, 0xD905, 0xD905, 0xD905, 0xD905, 0xD905, 0xD905,
  0xD905, 0xD905, 0xD905, 0xD905, 0xD905, 0xD905, 0xD905, 0xD905, 0xD905, 0xD905, 0xD905, 0xD58F,
  0xD58F, 0xD58F, 0xD58F, 0xD58F, 0xD58F, 0xB48B, 0xD58F, 0xD58F, 0xD58F, 0xD58F, 0xD58F, 0xD58F,
  0xB48B, 0xD58F, 0xD58F, 0xD58F, 0xD58F, 0xD58F, 0xD58F, 0xB48B, 0xD58F, 0xD58F, 0xD58F, 0xD58F,
  0xD58F, 0xD58F, 0xB48B, 0xD58F, 0xD58F, 0xD58F, 0xD58F, 0xD58F, 0xD58F, 0xB48B, 0xD58F, 0xD58F,
  0xD58F, 0xD58F, 0xD58F, 0xD58F, 0xB48B, 0xD58F, 0xD58F, 0xD58F, 0x6B6E, 0x6B6E, 0x6B6E, 0x6B6E,
  0x6B6E, 0x6B6E, 0x6B6E, 0x6B6E, 0x6B6E, 0x6B6E, 0x6B6E, 0x6B6E, 0x6B6E, 0x6B6E, 0x6B6E, 0x6B6E,
  0x6B6E, 0x6B6E, 0x6B6E, 0x6B6E, 0x6B6E, 0x6B6E, 0x6B6E, 0x6B6E, 0x6B6E, 0x6B6E, 0x6B6E, 0x6B6E,
  0x6B6E, 0x6B6E, 0x6B6E, 0x6B6E, 0x6B6E, 0x6B6E, 0x6B6E, 0x6B6E, 0x6B6E, 0x6B6E, 0x6B6E, 0x6B6E,
  0x6B6E, 0xD69A, 0xD69A, 0xD69A, 0xC0E4, 0xC0E4, 0xC0E4, 0xC0E4, 0xC0E4, 0xC0E4, 0xC0E4, 0xC0E4,
  0xC0E4, 0xC0E4, 0xC0E4, 0xC0E4, 0xC0E4, 0xC0E4, 0xC0E4, 0xC0E4, 0xC0E4, 0xC0E4, 0xC0E4, 0xD69A,
  0xD69A, 0xD69A, 0xD69A, 0xD69A, 0xD69A, 0xD69A, 0xD69A, 0x4209, 0x4209, 0x4209, 0x4209, 0x4209,
  0x4209, 0x4209, 0x4209, 0x4209, 0x4209, 0x4209, 0x4209, 0x4209, 0x4209, 0x4209, 0x4209, 0x4209,
  0x4209, 0x4209, 0x4209, 0x4209, 0x4209, 0x4209, 0x4209, 0x4209, 0x4209, 0x4209, 0x4209, 0x4209,
  0x4209, 0x4209, 0xCE7A, 0xCE7A, 0xCE7A, 0xCE7A, 0xCE7A, 0xCE7A, 0xCE7A, 0xCE7A, 0xCE7A, 0xCE7A,
  0xCE7A, 0xCE7A, 0xCE7A, 0xCE7A, 0xCE7A, 0xCE7A, 0xCE7A, 0xCE7A, 0xCE7A, 0xCE7A, 0xCE7A, 0xCE7A,
  0xCE7A, 0xCE7A, 0xCE7A, 0xCE7A, 0xCE7A, 0xCE7A, 0xCE7A, 0xCE7A, 0xCE7A, 0xCE7A, 0xCE7A, 0xCE7A,
  0xCE7A, 0xCE7A, 0xCE7A, 0xCE7A, 0xCE7A, 0xCE7A, 0xCE7A, 0xCE7A, 0xCE7A, 0xCE7A, 0xCE7A, 0xCE7A,
  0xD69A, 0xD69A, 0x1083, 0x1083, 0x1083, 0x1083, 0x1083, 0x1083, 0x1083, 0x1083, 0x1083, 0x1083,
  0x1083, 0x1083, 0x1083, 0x1083, 0x1083, 0x1083, 0x1083, 0x1083, 0x1083, 0x1083, 0xD69A, 0xD69A,
  0xCE7A, 0xCE7A, 0xCE7A, 0xCE7A, 0xCE7A, 0xCE7A, 0xCE7A, 0xCE7A, 0xCE7A, 0xCE7A, 0xCE7A, 0xCE7A,
  0xCE7A, 0xCE7A, 0xCE7A, 0xCE7A, 0xCE7A, 0xCE7A, 0xCE7A, 0xCE7A, 0xCE7A, 0xCE7A, 0xCE7A, 0xCE7A,
  0xCE7A, 0xCE7A, 0xCE7A, 0xCE7A, 0xCE7A, 0xCE7A, 0xCE7A, 0xCE7A, 0xCE7A, 0xCE7A, 0xCE7A, 0xCE7A,
  0xCE7A, 0xCE7A, 0xCE7A, 0xCE7A, 0xCE7A, 0xCE7A, 0xCE7A, 0xCE7A, 0xCE7A, 0xCE7A, 0xCE7A, 0x4209,
  0x4209, 0x4209, 0x4209, 0x4209, 0x4209, 0x4209, 0x4209, 0x4209, 0x4209, 0x4209, 0x4209, 0x4209,
  0x4209, 0x4209, 0x4209, 0x4209, 0x4209, 0x4209, 0x4209, 0x4209, 0x4209, 0x4209, 0x4209, 0x4209,
  0x4209, 0x4209, 0x4209, 0x4209, 0x4209, 0x4209, 0xD69A, 0xD69A, 0xD69A, 0xD69A, 0xD69A, 0xD69A,
  0xD69A, 0xD69A, 0xC0E4, 0xC0E4, 0xC0E4, 0xC0E4, 0xC0E4, 0xC0E4, 0xC0E4, 0xC0E4, 0xC0E4, 0xC0E4,
  0xC0E4, 0xC0E4, 0xC0E4, 0xC0E4, 0xC0E4, 0xC0E4, 0xC0E4, 0xC0E4, 0xC0E4, 0xB4CD, 0xB4CD, 0xB4CD,
  0x9BEA, 0xB4CD, 0xB4CD, 0xB4CD, 0xB4CD, 0xB4CD, 0xB4CD, 0x9BEA, 0xB4CD, 0xB4CD, 0xB4CD, 0xB4CD,
  0xB4CD, 0xB4CD, 0x9BEA, 0xB4CD, 0xB4CD, 0xB4CD, 0xB4CD, 0xB4CD, 0xB4CD, 0x9BEA, 0xB4CD, 0xB4CD,
  0xB4CD, 0xB4CD, 0xB4CD, 0xB4CD, 0x9BEA, 0xB4CD, 0xB4CD, 0xB4CD, 0xB4CD, 0xB4CD, 0xB4CD, 0x9BEA,
  0xB4CD, 0xB4CD, 0xB4CD, 0xB4CD, 0x7BF1, 0x7BF1, 0x7BF1, 0x7BF1, 0x7BF1, 0x7BF1, 0x7BF1, 0x7BF1,
  0x7BF1, 0x7BF1, 0x7BF1, 0x7BF1, 0x7BF1, 0x7BF1, 0x7BF1, 0x7BF1, 0x7BF1, 0x7BF1, 0x7BF1, 0x7BF1,
  0x7BF1, 0x7BF1, 0x7BF1, 0x7BF1, 0x7BF1, 0x7BF1, 0x7BF1, 0x7BF1, 0x7BF1, 0x7BF1, 0x7BF1, 0x7BF1,
  0x7BF1, 0x7BF1, 0x7BF1, 0x7BF1, 0x7BF1, 0x7BF1, 0x7BF1, 0xF79E, 0xF79E, 0xF79E, 0xF79E, 0xD905,
  0xD905, 0xD905, 0xD905, 0xD905, 0xD905, 0xD905, 0xD905, 0xD905, 0xD905, 0xD905, 0xD905, 0xD905,
  0xD905, 0xD905, 0xD905, 0xD905, 0xD905, 0xF79E, 0xF79E, 0xF79E, 0xF79E, 0xF79E, 0xF79E, 0xF79E,
  0xF79E, 0xF79E, 0x4A6B, 0x4A6B, 0x4A6B, 0x4A6B, 0x4A6B, 0x4A6B, 0x4A6B, 0x4A6B, 0x4A6B, 0x4A6B,
  0x4A6B, 0x4A6B, 0x4A6B, 0x4A6B, 0x4A6B, 0x4A6B, 0x4A6B, 0x4A6B, 0x4A6B, 0x4A6B, 0x4A6B, 0x4A6B,
  0x4A6B, 0x4A6B, 0x4A6B, 0x4A6B, 0x4A6B, 0x4A6B, 0x4A6B, 0x4A6B, 0x4A6B, 0x0841, 0xEF7E, 0xEF7E,
  0xEF7E, 0xEF7E, 0xEF7E, 0xEF7E, 0xEF7E, 0xEF7E, 0xEF7E, 0xEF7E, 0xEF7E, 0xEF7E, 0xEF7E, 0xEF7E,
  0xEF7E, 0xEF7E, 0xEF7E, 0xEF7E, 0xEF7E, 0xEF7E, 0xEF7E, 0xEF7E, 0xEF7E, 0xEF7E, 0xEF7E, 0xEF7E,
  0xEF7E, 0xEF7E, 0xEF7E, 0xEF7E, 0xEF7E, 0xEF7E, 0xEF7E, 0xEF7E, 0xEF7E, 0xEF7E, 0xEF7E, 0xEF7E,
  0xEF7E, 0xEF7E, 0xEF7E, 0xEF7E, 0xEF7E, 0xEF7E, 0xEF7E, 0xEF7E, 0xF79E, 0xF79E, 0x10A3, 0x10A3,
  0x10A3, 0x10A3, 0x10A3, 0x10A3, 0x10A3, 0x10A3, 0x10A3, 0x10A3, 0x10A3, 0x10A3, 0x10A3, 0x10A3,
  0x10A3, 0x10A3, 0x10A3, 0x10A3, 0x10A3, 0x10A3, 0xF79E, 0xF79E, 0xEF7E, 0xEF7E, 0xEF7E, 0xEF7E,
  0xEF7E, 0xEF7E, 0xEF7E, 0xEF7E, 0xEF7E, 0xEF7E, 0xEF7E, 0xEF7E, 0xEF7E, 0xEF7E, 0xEF7E, 0xEF7E,
  0xEF7E, 0xEF7E, 0xEF7E, 0xEF7E, 0xEF7E, 0xEF7E, 0xEF7E, 0xEF7E, 0xEF7E, 0xEF7E, 0xEF7E, 0xEF7E,
  0xEF7E, 0xEF7E, 0xEF7E, 0xEF7E, 0xEF7E, 0xEF7E, 0xEF7E, 0xEF7E, 0xEF7E, 0xEF7E, 0xEF7E, 0xEF7E,
  0xEF7E, 0xEF7E, 0xEF7E, 0xEF7E, 0xEF7E, 0xEF7E, 0xEF7E, 0x0841, 0x4A6B, 0x4A6B, 0x4A6B, 0x4A6B,
  0x4A6B, 0x4A6B, 0x4A6B, 0x4A6B, 0x4A6B, 0x4A6B, 0x4A6B, 0x4A6B, 0x4A6B, 0x4A6B, 0x4A6B, 0x4A6B,
  0x4A6B, 0x4A6B, 0x4A6B, 0x4A6B, 0x4A6B, 0x4A6B, 0x4A6B, 0x4A6B, 0x4A6B, 0x4A6B, 0x4A6B, 0x4A6B,
  0x4A6B, 0x4A6B, 0x4A6B, 0xF79E, 0xF79E, 0xF79E, 0xF79E, 0xF79E, 0xF79E, 0xF79E, 0xF79E, 0xF79E,
  0xD905, 0xD905, 0xD905, 0xD905, 0xD905, 0xD905, 0xD905, 0xD905, 0xD905, 0xD905, 0xD905, 0xD905,
  0xD905, 0xD905, 0xD905, 0xD905, 0xD905, 0xD905, 0xD58F, 0xB48B, 0xD58F, 0xD58F, 0xD58F, 0xD58F,
  0xD58F, 0xD58F, 0xB48B, 0xD58F, 0xD58F, 0xD58F, 0xD58F, 0xD58F, 0xD58F, 0xB48B, 0xD58F, 0xD58F,
  0xD58F, 0xD58F, 0xD58F, 0xD58F, 0xB48B, 0xD58F, 0xD58F, 0xD58F, 0xD58F, 0xD58F, 0xD58F, 0xB48B,
  0xD58F, 0xD58F, 0xD58F, 0xD58F, 0xD58F, 0xD58F, 0xB48B, 0xD58F, 0xD58F, 0xD58F, 0xD58F, 0xD58F,
  0x738F, 0x738F, 0x738F, 0x738F, 0x738F, 0x738F, 0x738F, 0x738F, 0x738F, 0x738F, 0x738F, 0x738F,
  0x738F, 0x738F, 0x738F, 0x738F, 0x738F, 0x738F, 0x738F, 0x738F, 0x738F, 0x738F, 0x738F, 0x738F,
  0x738F, 0x738F, 0x738F, 0x738F, 0x738F, 0x738F, 0x738F, 0x738F, 0x738F, 0x738F, 0x738F, 0x738F,
  0x738F, 0xD69A, 0xD69A, 0xD69A, 0xD69A, 0xC0E4, 0xC0E4, 0xC0E4, 0xC0E4, 0xC0E4, 0xC0E4, 0xC0E4,
  0xC0E4, 0xC0E4, 0xC0E4, 0xC0E4, 0xC0E4, 0xC0E4, 0xC0E4, 0xC0E4, 0xC0E4, 0xC0E4, 0xC0E4, 0xC0E4,
  0xD69A, 0xD69A, 0xD69A, 0xD69A, 0xD69A, 0xD69A, 0xD69A, 0xD69A, 0x4A2A, 0x4A2A, 0x4A2A, 0x4A2A,
  0x4A2A, 0x4A2A, 0x4A2A, 0x4A2A, 0x4A2A, 0x4A2A, 0x4A2A, 0x4A2A, 0x4A2A, 0x4A2A, 0x4A2A, 0x4A2A,
  0x4A2A, 0x4A2A, 0x4A2A, 0x4A2A, 0x4A2A, 0x4A2A, 0x4A2A, 0x4A2A, 0x4A2A, 0x4A2A, 0x4A2A, 0x4A2A,
  0x4A2A, 0x4A2A, 0x4A2A, 0x4A2A, 0x4A2A, 0x0841, 0xCE7A, 0xCE7A, 0xCE7A, 0xCE7A, 0xCE7A, 0xCE7A,
  0xCE7A, 0xCE7A, 0xCE7A, 0xCE7A, 0xCE7A, 0xCE7A, 0xCE7A, 0xCE7A, 0xCE7A, 0xCE7A, 0xCE7A, 0xCE7A,
  0xCE7A, 0xCE7A, 0xCE7A, 0xCE7A, 0xCE7A, 0xCE7A, 0xCE7A, 0xCE7A, 0xCE7A, 0xCE7A, 0xCE7A, 0xCE7A,
  0xCE7A, 0xCE7A, 0xCE7A, 0xCE7A, 0xCE7A, 0xCE7A, 0xCE7A, 0xCE7A, 0xCE7A, 0xCE7A, 0xCE7A, 0xCE7A,
  0xCE7A, 0xCE7A, 0xCE7A, 0xCE7A, 0xD69A, 0xD69A, 0x1083, 0x1083, 0x1083, 0x1083, 0x1083, 0x1083,
  0x1083, 0x1083, 0x1083, 0x1083, 0x1083, 0x1083, 0x1083, 0x1083, 0x1083, 0x1083, 0x1083, 0x1083,
  0x1083, 0x1083, 0xD69A, 0xD69A, 0xCE7A, 0xCE7A, 0xCE7A, 0xCE7A, 0xCE7A, 0xCE7A, 0xCE7A, 0xCE7A,
  0xCE7A, 0xCE7A, 0xCE7A, 0xCE7A, 0xCE7A, 0xCE7A, 0xCE7A, 0xCE7A, 0xCE7A, 0xCE7A, 0xCE7A, 0xCE7A,
  0xCE7A, 0xCE7A, 0xCE7A, 0xCE7A, 0xCE7A, 0xCE7A, 0xCE7A, 0xCE7A, 0xCE7A, 0xCE7A, 0xCE7A, 0xCE7A,
  0xCE7A, 0xCE7A, 0xCE7A, 0xCE7A, 0xCE7A, 0xCE7A, 0xCE7A, 0xCE7A, 0xCE7A, 0xCE7A, 0xCE7A, 0xCE7A,
  0xCE7A, 0xCE7A, 0xCE7A, 0x0841, 0x4A2A, 0x4A2A, 0x4A2A, 0x4A2A, 0x4A2A, 0x4A2A, 0x4A2A, 0x4A2A,
  0x4A2A, 0x4A2A, 0x4A2A, 0x4A2A, 0x4A2A, 0x4A2A, 0x4A2A, 0x4A2A, 0x4A2A, 0x4A2A, 0x4A2A, 0x4A2A,
  0x4A2A, 0x4A2A, 0x4A2A, 0x4A2A, 0x4A2A, 0x4A2A, 0x4A2A, 0x4A2A, 0x4A2A, 0x4A2A, 0x4A2A, 0x4A2A,
  0x4A2A, 0xD69A, 0xD69A, 0xD69A, 0xD69A, 0xD69A, 0xD69A, 0xD69A, 0xD69A, 0xC0E4, 0xC0E4, 0xC0E4,
  0xC0E4, 0xC0E4, 0xC0E4, 0xC0E4, 0xC0E4, 0xC0E4, 0xC0E4, 0xC0E4, 0xC0E4, 0xC0E4, 0xC0E4, 0xC0E4,
  0xC0E4, 0xC0E4, 0xC0E4, 0xC0E4, 0xB4CD, 0xB4CD, 0xB4CD, 0xB4CD, 0xB4CD, 0x9BEA, 0xB4CD, 0xB4CD,
  0xB4CD, 0xB4CD, 0xB4CD, 0xB4CD, 0x9BEA, 0xB4CD, 0xB4CD, 0xB4CD, 0xB4CD, 0xB4CD, 0xB4CD, 0x9BEA,
  0xB4CD, 0xB4CD, 0xB4CD, 0xB4CD, 0xB4CD, 0xB4CD, 0x9BEA, 0xB4CD, 0xB4CD, 0xB4CD, 0xB4CD, 0xB4CD,
  0xB4CD, 0x9BEA, 0xB4CD, 0xB4CD, 0xB4CD, 0xB4CD, 0xB4CD, 0xB4CD, 0x8411, 0x8411, 0x8411, 0x8411,
  0x8411, 0x8411, 0x8411, 0x8411, 0x8411, 0x8411, 0x8411, 0x8411, 0x8411, 0x8411, 0x8411, 0x8411,
  0x8411, 0x8411, 0x8411, 0x8411, 0x8411, 0x8411, 0x8411, 0x8411, 0x8411, 0x8411, 0x8411, 0x8411,
  0x8411, 0x8411, 0x8411, 0x8411, 0x8411, 0x8411, 0x8411, 0x8411, 0xF79E, 0xF79E, 0xF79E, 0xD905,
  0xD905, 0xD905, 0xD905, 0xD905, 0xD905, 0xD905, 0xD905, 0xD905, 0xD905, 0xD905, 0xD905, 0xD905,
  0xD905, 0xD905, 0xD905, 0xD905, 0xD905, 0xD905, 0xD905, 0xF79E, 0xF79E, 0xF79E, 0xF79E, 0xF79E,
  0xF79E, 0xF79E, 0xF79E, 0x528B, 0x528B, 0x528B, 0x528B, 0x528B, 0x528B, 0x528B, 0x528B, 0x528B,
  0x528B, 0x528B, 0x528B, 0x528B, 0x528B, 0x528B, 0x528B, 0x528B, 0x528B, 0x528B, 0x528B, 0x528B,
  0x528B, 0x528B, 0x528B, 0x528B, 0x528B, 0x528B, 0x528B, 0x528B, 0x528B, 0x528B, 0x528B, 0x528B,
  0x528B, 0xEF7E, 0xEF7E, 0xEF7E, 0xEF7E, 0xEF7E, 0xEF7E, 0xEF7E, 0xEF7E, 0xEF7E, 0xEF7E, 0xEF7E,
  0xEF7E, 0xEF7E, 0xEF7E, 0xEF7E, 0xEF7E, 0xEF7E, 0xEF7E, 0xEF7E, 0xEF7E, 0xEF7E, 0xEF7E, 0xEF7E,
  0xEF7E, 0xEF7E, 0xEF7E, 0xEF7E, 0xEF7E, 0xEF7E, 0xEF7E, 0xEF7E, 0xEF7E, 0xEF7E, 0xEF7E, 0xEF7E,
  0xEF7E, 0xEF7E, 0xEF7E, 0xEF7E, 0xEF7E, 0xEF7E, 0xEF7E, 0xEF7E, 0xEF7E, 0xEF7E, 0xEF7E, 0xEF7E,
  0xF79E, 0xF79E, 0x10A3, 0x10A3, 0x10A3, 0x10A3, 0x10A3, 0x10A3, 0x10A3, 0x10A3, 0x10A3, 0x10A3,
  0x10A3, 0x10A3, 0x10A3, 0x10A3, 0x10A3, 0x10A3, 0x10A3, 0x10A3, 0x10A3, 0x10A3, 0xF79E, 0xF79E,
  0xEF7E, 0xEF7E, 0xEF7E, 0xEF7E, 0xEF7E, 0xEF7E, 0xEF7E, 0xEF7E, 0xEF7E, 0xEF7E, 0xEF7E, 0xEF7E,
  0xEF7E, 0xEF7E, 0xEF7E, 0xEF7E, 0xEF7E, 0xEF7E, 0xEF7E, 0xEF7E, 0xEF7E, 0xEF7E, 0xEF7E, 0xEF7E,
  0xEF7E, 0xEF7E, 0xEF7E, 0xEF7E, 0xEF7E, 0xEF7E, 0xEF7E, 0xEF7E, 0xEF7E, 0xEF7E, 0xEF7E, 0xEF7E,
  0xEF7E, 0xEF7E, 0xEF7E, 0xEF7E, 0xEF7E, 0xEF7E, 0xEF7E, 0xEF7E, 0xEF7E, 0xEF7E, 0xEF7E, 0x0841,
  0x528B, 0x528B, 0x528B, 0x528B, 0x528B, 0x528B, 0x528B, 0x528B, 0x528B, 0x528B, 0x528B, 0x528B,
  0x528B, 0x528B, 0x528B, 0x528B, 0x528B, 0x528B, 0x528B, 0x528B, 0x528B, 0x528B, 0x528B, 0x528B,
  0x528B, 0x528B, 0x528B, 0x528B, 0x528B, 0x528B, 0x528B, 0x528B, 0x528B, 0x528B, 0xF79E, 0xF79E,
  0xF79E, 0xF79E, 0xF79E, 0xF79E, 0xF79E, 0xF79E, 0xD905, 0xD905, 0xD905, 0xD905, 0xD905, 0xD905,
  0xD905, 0xD905, 0xD905, 0xD905, 0xD905, 0xD905, 0xD905, 0xD905, 0xD905, 0xD905, 0xD905, 0xD905,
  0xD905, 0xD905, 0xD58F, 0xD58F, 0xB48B, 0xD58F, 0xD58F, 0xD58F, 0xD58F, 0xD58F, 0xD58F, 0xB48B,
  0xD58F, 0xD58F, 0xD58F, 0xD58F, 0xD58F, 0xD58F, 0xB48B, 0xD58F, 0xD58F, 0xD58F, 0xD58F, 0xD58F,
  0xD58F, 0xB48B, 0xD58F, 0xD58F, 0xD58F, 0xD58F, 0xD58F, 0xD58F, 0xB48B, 0xD58F, 0xD58F, 0xD58F,
  0xD58F, 0xD58F, 0xD58F, 0xB48B, 0x738F, 0x738F, 0x738F, 0x738F, 0x738F, 0x738F, 0x738F, 0x738F,
  0x738F, 0x738F, 0x738F, 0x738F, 0x738F, 0x738F, 0x738F, 0x738F, 0x738F, 0x738F, 0x738F, 0x738F,
  0x738F, 0x738F, 0x738F, 0x738F, 0x738F, 0x738F, 0x738F, 0x738F, 0x738F, 0x738F, 0x738F, 0x738F,
  0x738F, 0x738F, 0xD69A, 0xD69A, 0xD69A, 0xD69A, 0xC0E4, 0xC0E4, 0xC0E4, 0xC0E4, 0xC0E4, 0xC0E4,
  0xC0E4, 0xC0E4, 0xC0E4, 0xC0E4, 0xC0E4, 0xC0E4, 0xC0E4, 0xC0E4, 0xC0E4, 0xC0E4, 0xC0E4, 0xC0E4,
  0xC0E4, 0xD69A, 0xD69A, 0xD69A, 0xD69A, 0xD69A, 0xD69A, 0xD69A, 0xD69A, 0xD69A, 0x4A2A, 0x4A2A,
  0x4A2A, 0x4A2A, 0x4A2A, 0x4A2A, 0x4A2A, 0x4A2A, 0x4A2A, 0x4A2A, 0x4A2A, 0x4A2A, 0x4A2A, 0x4A2A,
  0x4A2A, 0x4A2A, 0x4A2A, 0x4A2A, 0x4A2A, 0x4A2A, 0x4A2A, 0x4A2A, 0x4A2A, 0x4A2A, 0x4A2A, 0x4A2A,
  0x4A2A, 0x4A2A, 0x4A2A, 0x4A2A, 0x4A2A, 0x4A2A, 0x4A2A, 0x4A2A, 0x4A2A, 0xCE7A, 0xCE7A, 0xCE7A,
  0xCE7A, 0xCE7A, 0xCE7A, 0xCE7A, 0xCE7A, 0xCE7A, 0xCE7A, 0xCE7A, 0xCE7A, 0xCE7A, 0xCE7A, 0xCE7A,
  0xCE7A, 0xCE7A, 0xCE7A, 0xCE7A, 0xCE7A, 0xCE7A, 0xCE7A, 0xCE7A, 0xCE7A, 0xCE7A, 0xCE7A, 0xCE7A,
  0xCE7A, 0xCE7A, 0xCE7A, 0xCE7A, 0xCE7A, 0xCE7A, 0xCE7A, 0xCE7A, 0xCE7A, 0xCE7A, 0xCE7A, 0xCE7A,
  0xCE7A, 0xCE7A, 0xCE7A, 0xCE7A, 0xCE7A, 0xCE7A, 0xCE7A, 0xCE7A, 0xD69A, 0xD69A, 0x1083, 0x1083,
  0x1083, 0x1083, 0x1083, 0x1083, 0x1083, 0x1083, 0x1083, 0x1083, 0x1083, 0x1083, 0x1083, 0x1083,
  0x1083, 0x1083, 0x1083, 0x1083, 0x1083, 0x1083, 0xD69A, 0xD69A, 0xCE7A, 0xCE7A, 0xCE7A, 0xCE7A,
  0xCE7A, 0xCE7A, 0xCE7A, 0xCE7A, 0xCE7A, 0xCE7A, 0xCE7A, 0xCE7A, 0xCE7A, 0xCE7A, 0xCE7A, 0xCE7A,
  0xCE7A, 0xCE7A, 0xCE7A, 0xCE7A, 0xCE7A, 0xCE7A, 0xCE7A, 0xCE7A, 0xCE7A, 0xCE7A, 0xCE7A, 0xCE7A,
  0xCE7A, 0xCE7A, 0xCE7A, 0xCE7A, 0xCE7A, 0xCE7A, 0xCE7A, 0xCE7A, 0xCE7A, 0xCE7A, 0xCE7A, 0xCE7A,
  0xCE7A, 0xCE7A, 0xCE7A, 0xCE7A, 0xCE7A, 0xCE7A, 0xCE7A, 0xCE7A, 0x4A2A, 0x4A2A, 0x4A2A, 0x4A2A,
  0x4A2A, 0x4A2A, 0x4A2A, 0x4A2A, 0x4A2A, 0x4A2A, 0x4A2A, 0x4A2A, 0x4A2A, 0x4A2A, 0x4A2A, 0x4A2A,
  0x4A2A, 0x4A2A, 0x4A2A, 0x4A2A, 0x4A2A, 0x4A2A, 0x4A2A, 0x4A2A, 0x4A2A, 0x4A2A, 0x4A2A, 0x4A2A,
  0x4A2A, 0x4A2A, 0x4A2A, 0x4A2A, 0x4A2A, 0x4A2A, 0x4A2A, 0xD69A, 0xD69A, 0xD69A, 0xD69A, 0xD69A,
  0xD69A, 0xD69A, 0xD69A, 0xD69A, 0xC0E4, 0xC0E4, 0xC0E4, 0xC0E4, 0xC0E4, 0xC0E4, 0xC0E4, 0xC0E4,
  0xC0E4, 0xC0E4, 0xC0E4, 0xC0E4, 0xC0E4, 0xC0E4, 0xC0E4, 0xC0E4, 0xC0E4, 0xC0E4, 0xC0E4, 0x9BEA,
  0xB4CD, 0xB4CD, 0xB4CD, 0xB4CD, 0xB4CD, 0xB4CD, 0x9BEA, 0xB4CD, 0xB4CD, 0xB4CD, 0xB4CD, 0xB4CD,
  0xB4CD, 0x9BEA, 0xB4CD, 0xB4CD, 0xB4CD, 0xB4CD, 0xB4CD, 0xB4CD, 0x9BEA, 0xB4CD, 0xB4CD, 0xB4CD,
  0xB4CD, 0xB4CD, 0xB4CD, 0x9BEA, 0xB4CD, 0xB4CD, 0xB4CD, 0xB4CD, 0xB4CD, 0xB4CD, 0x9BEA, 0xB4CD,
  0x8411, 0x8411, 0x8411, 0x8411, 0x8411, 0x8411, 0x8411, 0x8411, 0x8411, 0x8411, 0x8411, 0x8411,
  0x8411, 0x8411, 0x8411, 0x8411, 0x8411, 0x8411, 0x8411, 0x8411, 0x8411, 0x8411, 0x8411, 0x8411,
  0x8411, 0x8411, 0x8411, 0x8411, 0x8411, 0x8411, 0x8411, 0x8411, 0x8411, 0xF79E, 0xF79E, 0xF79E,
  0xD905, 0xD905, 0xD905, 0xD905, 0xD905, 0xD905, 0xD905, 0xD905, 0xD905, 0xD905, 0xD905, 0xD905,
  0xD905, 0xD905, 0xD905, 0xD905, 0xD905, 0xD905, 0xD905, 0xD905, 0xF79E, 0xF79E, 0xF79E, 0xF79E,
  0xF79E, 0xF79E, 0xF79E, 0xF79E, 0xF79E, 0x528B, 0x528B, 0x528B, 0x528B, 0x528B, 0x528B, 0x528B,
  0x528B, 0x528B, 0x528B, 0x528B, 0x528B, 0x528B, 0x528B, 0x528B, 0x528B, 0x528B, 0x528B, 0x528B,
  0x528B, 0x528B, 0x528B, 0x528B, 0x528B, 0x528B, 0x528B, 0x528B, 0x528B, 0x528B, 0x528B, 0x528B,
  0x528B, 0x528B, 0x528B, 0x528B, 0x528B, 0xEF7E, 0xEF7E, 0xEF7E, 0xEF7E, 0xEF7E, 0xEF7E, 0xEF7E,
  0xEF7E, 0xEF7E, 0xEF7E, 0xEF7E, 0xEF7E, 0xEF7E, 0xEF7E, 0xEF7E, 0xEF7E, 0xEF7E, 0xEF7E, 0xEF7E,
  0xEF7E, 0xEF7E, 0xEF7E, 0xEF7E, 0xEF7E, 0xEF7E, 0xEF7E, 0xEF7E, 0xEF7E, 0xEF7E, 0xEF7E, 0xEF7E,
  0xEF7E, 0xEF7E, 0xEF7E, 0xEF7E, 0xEF7E, 0xEF7E, 0xEF7E, 0xEF7E, 0xEF7E, 0xEF7E, 0xEF7E, 0xEF7E,
  0xEF7E, 0xEF7E, 0xEF7E, 0xEF7E, 0xF79E, 0xF79E, 0x10A3, 0x10A3, 0x10A3, 0x10A3, 0x10A3, 0x10A3,
  0x10A3, 0x10A3, 0x10A3, 0x10A3, 0x10A3, 0x10A3, 0x10A3, 0x10A3, 0x10A3, 0x10A3, 0x10A3, 0x10A3,
  0x10A3, 0x10A3, 0xF79E, 0xF79E, 0xEF7E, 0xEF7E, 0xEF7E, 0xEF7E, 0xEF7E, 0xEF7E, 0xEF7E, 0xEF7E,
  0xEF7E, 0xEF7E, 0xEF7E, 0xEF7E, 0xEF7E, 0xEF7E, 0xEF7E, 0xEF7E, 0xEF7E, 0xEF7E, 0xEF7E, 0xEF7E,
  0xEF7E, 0xEF7E, 0xEF7E, 0xEF7E, 0xEF7E, 0xEF7E, 0xEF7E, 0xEF7E, 0xEF7E, 0xEF7E, 0xEF7E, 0xEF7E,
  0xEF7E, 0xEF7E, 0xEF7E, 0xEF7E, 0xEF7E, 0xEF7E, 0xEF7E, 0xEF7E, 0xEF7E, 0xEF7E, 0xEF7E, 0xEF7E,
  0xEF7E, 0xEF7E, 0xEF7E, 0xEF7E, 0x528B, 0x528B, 0x528B, 0x528B, 0x528B, 0x528B, 0x528B, 0x528B,
  0x528B, 0x528B, 0x528B, 0x528B, 0x528B, 0x528B, 0x528B, 0x528B, 0x528B, 0x528B, 0x528B, 0x528B,
  0x528B, 0x528B, 0x528B, 0x528B, 0x528B, 0x528B, 0x528B, 0x528B, 0x528B, 0x528B, 0x528B, 0x528B,
  0x528B, 0x528B, 0x528B, 0x528B, 0xF79E, 0xF79E, 0xF79E, 0xF79E, 0xF79E, 0xF79E, 0xF79E, 0xF79E,
  0xF79E, 0xD905, 0xD905, 0xD905, 0xD905, 0xD905, 0xD905, 0xD905, 0xD905, 0xD905, 0xD905, 0xD905,
  0xD905, 0xD905, 0xD905, 0xD905, 0xD905, 0xD905, 0xD905, 0xD905, 0xD905, 0xD58F, 0xD58F, 0xD58F,
  0xD58F, 0xB48B, 0xD58F, 0xD58F, 0xD58F, 0xD58F, 0xD58F, 0xD58F, 0xB48B, 0xD58F, 0xD58F, 0xD58F,
  0xD58F, 0xD58F, 0xD58F, 0xB48B, 0xD58F, 0xD58F, 0xD58F, 0xD58F, 0xD58F, 0xD58F, 0xB48B, 0xD58F,
  0xD58F, 0xD58F, 0xD58F, 0xD58F, 0xD58F, 0xB48B, 0xD58F, 0xD58F, 0x738F, 0x738F, 0x738F, 0x738F,
  0x738F, 0x738F, 0x738F, 0x738F, 0x738F, 0x738F, 0x738F, 0x738F, 0x738F, 0x738F, 0x738F, 0x738F,
  0x738F, 0x738F, 0x738F, 0x738F, 0x738F, 0x738F, 0x738F, 0x738F, 0x738F, 0x738F, 0x738F, 0x738F,
  0x738F, 0x738F, 0x738F, 0xD69A, 0xD69A, 0xD69A, 0xD69A, 0xC0E4, 0xC0E4, 0xC0E4, 0xC0E4, 0xC0E4,
  0xC0E4, 0xC0E4, 0xC0E4, 0xC0E4, 0xC0E4, 0xC0E4, 0xC0E4, 0xC0E4, 0xC0E4, 0xC0E4, 0xC0E4, 0xC0E4,
  0xC0E4, 0xC0E4, 0xC0E4, 0xD69A, 0xD69A, 0xD69A, 0xD69A, 0xD69A, 0xD69A, 0xD69A, 0xD69A, 0xD69A,
  0x422A, 0x422A, 0x422A, 0x422A, 0x422A, 0x422A, 0x422A, 0x422A, 0x422A, 0x422A, 0x422A, 0x422A,
  0x422A, 0x422A, 0x422A, 0x422A, 0x422A, 0x422A, 0x422A, 0x422A, 0x422A, 0x422A, 0x422A, 0x422A,
  0x422A, 0x422A, 0x422A, 0x422A, 0x422A, 0x422A, 0x422A, 0x422A, 0x422A, 0x422A, 0x422A, 0x422A,
  0x422A, 0xCE7A, 0xCE7A, 0xCE7A, 0xCE7A, 0xCE7A, 0xCE7A, 0xCE7A, 0xCE7A, 0xCE7A, 0xCE7A, 0xCE7A,
  0xCE7A, 0xCE7A, 0xCE7A, 0xCE7A, 0xCE7A, 0xCE7A, 0xCE7A, 0xCE7A, 0xCE7A, 0xCE7A, 0xCE7A, 0xCE7A,
  0xCE7A, 0xCE7A, 0xCE7A, 0xCE7A, 0xCE7A, 0xCE7A, 0xCE7A, 0xCE7A, 0xCE7A, 0xCE7A, 0xCE7A, 0xCE7A,
  0xCE7A, 0xCE7A, 0xCE7A, 0xCE7A, 0xCE7A, 0xCE7A, 0xCE7A, 0xCE7A, 0xCE7A, 0xCE7A, 0xCE7A, 0xCE7A,
  0xD69A, 0xD69A, 0xD69A, 0xD69A, 0xD69A, 0xD69A, 0xD69A, 0xD69A, 0xD69A, 0xD69A, 0xD69A, 0xD69A,
  0xD69A, 0xD69A, 0xD69A, 0xD69A, 0xD69A, 0xD69A, 0xD69A, 0xD69A, 0xD69A, 0xD69A, 0xD69A, 0xD69A,
  0xCE7A, 0xCE7A, 0xCE7A, 0xCE7A, 0xCE7A, 0xCE7A, 0xCE7A, 0xCE7A, 0xCE7A, 0xCE7A, 0xCE7A, 0xCE7A,
  0xCE7A, 0xCE7A, 0xCE7A, 0xCE7A, 0xCE7A, 0xCE7A, 0xCE7A, 0xCE7A, 0xCE7A, 0xCE7A, 0xCE7A, 0xCE7A,
  0xCE7A, 0xCE7A, 0xCE7A, 0xCE7A, 0xCE7A, 0xCE7A, 0xCE7A, 0xCE7A, 0xCE7A, 0xCE7A, 0xCE7A, 0xCE7A,
  0xCE7A, 0xCE7A, 0xCE7A, 0xCE7A, 0xCE7A, 0xCE7A, 0xCE7A, 0xCE7A, 0xCE7A, 0xCE7A, 0xCE7A, 0xCE7A,
  0x422A, 0x422A, 0x422A, 0x422A, 0x422A, 0x422A, 0x422A, 0x422A, 0x422A, 0x422A, 0x422A, 0x422A,
  0x422A, 0x422A, 0x422A, 0x422A, 0x422A, 0x422A, 0x422A, 0x422A, 0x422A, 0x422A, 0x422A, 0x422A,
  0x422A, 0x422A, 0x422A, 0x422A, 0x422A, 0x422A, 0x422A, 0x422A, 0x422A, 0x422A, 0x422A, 0x422A,
  0x422A, 0xD69A, 0xD69A, 0xD69A, 0xD69A, 0xD69A, 0xD69A, 0xD69A, 0xD69A, 0xD69A, 0xC0E4, 0xC0E4,
  0xC0E4, 0xC0E4, 0xC0E4, 0xC0E4, 0xC0E4, 0xC0E4, 0xC0E4, 0xC0E4, 0xC0E4, 0xC0E4, 0xC0E4, 0xC0E4,
  0xC0E4, 0xC0E4, 0xC0E4, 0xC0E4, 0xC0E4, 0xC0E4, 0xB4CD, 0xB4CD, 0x9BEA, 0xB4CD, 0xB4CD, 0xB4CD,
  0xB4CD, 0xB4CD, 0xB4CD, 0x9BEA, 0xB4CD, 0xB4CD, 0xB4CD, 0xB4CD, 0xB4CD, 0xB4CD, 0x9BEA, 0xB4CD,
  0xB4CD, 0xB4CD, 0xB4CD, 0xB4CD, 0xB4CD, 0x9BEA, 0xB4CD, 0xB4CD, 0xB4CD, 0xB4CD, 0xB4CD, 0xB4CD,
  0x9BEA, 0xB4CD, 0xB4CD, 0xB4CD, 0x8411, 0x8411, 0x8411, 0x8411, 0x8411, 0x8411, 0x8411, 0x8411,
  0x8411, 0x8411, 0x8411, 0x8411, 0x8411, 0x8411, 0x8411, 0x8411, 0x8411, 0x8411, 0x8411, 0x8411,
  0x8411, 0x8411, 0x8411, 0x8411, 0x8411, 0x8411, 0x8411, 0x8411, 0x8411, 0xF79E, 0xF79E, 0xF79E,
  0xF79E, 0xD905, 0xD905, 0xD905, 0xD905, 0xD905, 0xD905, 0xD905, 0xD905, 0xD905, 0xD905, 0xD905,
  0xD905, 0xD905, 0xD905, 0xD905, 0xD905, 0xD905, 0xD905, 0xD905, 0xD905, 0xD905, 0xF79E, 0xF79E,
  0xF79E, 0xF79E, 0xF79E, 0xF79E, 0xF79E, 0xF79E, 0x528B, 0x528B, 0x528B, 0x528B, 0x528B, 0x528B,
  0x528B, 0x528B, 0x528B, 0x528B, 0x528B, 0x528B, 0x528B, 0x528B, 0x528B, 0x528B, 0x528B, 0x528B,
  0x528B, 0x528B, 0x528B, 0x528B, 0x528B, 0x528B, 0x528B, 0x528B, 0x528B, 0x528B, 0x528B, 0x528B,
  0x528B, 0x528B, 0x528B, 0x528B, 0x528B, 0x528B, 0x528B, 0x528B, 0x528B, 0xEF7E, 0xEF7E, 0xEF7E,
  0xEF7E, 0xEF7E, 0xEF7E, 0xEF7E, 0xEF7E, 0xEF7E, 0xEF7E, 0xEF7E, 0xEF7E, 0xEF7E, 0xEF7E, 0xEF7E,
  0xEF7E, 0xEF7E, 0xEF7E, 0xEF7E, 0xEF7E, 0xEF7E, 0xEF7E, 0xEF7E, 0xEF7E, 0xEF7E, 0xEF7E, 0xEF7E,
  0xEF7E, 0xEF7E, 0xEF7E, 0xEF7E, 0xEF7E, 0xEF7E, 0xEF7E, 0xEF7E, 0xEF7E, 0xEF7E, 0xEF7E, 0xEF7E,
  0xEF7E, 0xEF7E, 0xEF7E, 0xEF7E, 0xEF7E, 0xEF7E, 0xEF7E, 0xEF7E, 0xF79E, 0xF79E, 0xF79E, 0xF79E,
  0xF79E, 0xF79E, 0xF79E, 0xF79E, 0xF79E, 0xF79E, 0xF79E, 0xF79E, 0xF79E, 0xF79E, 0xF79E, 0xF79E,
  0xF79E, 0xF79E, 0xF79E, 0xF79E, 0xF79E, 0xF79E, 0xF79E, 0xF79E, 0xEF7E, 0xEF7E, 0xEF7E, 0xEF7E,
  0xEF7E, 0xEF7E, 0xEF7E, 0xEF7E, 0xEF7E, 0xEF7E, 0xEF7E, 0xEF7E, 0xEF7E, 0xEF7E, 0xEF7E, 0xEF7E,
  0xEF7E, 0xEF7E, 0xEF7E, 0xEF7E, 0xEF7E, 0xEF7E, 0xEF7E, 0xEF7E, 0xEF7E, 0xEF7E, 0xEF7E, 0xEF7E,
  0xEF7E, 0xEF7E, 0xEF7E, 0xEF7E, 0xEF7E, 0xEF7E, 0xEF7E, 0xEF7E, 0xEF7E, 0xEF7E, 0xEF7E, 0xEF7E,
  0xEF7E, 0xEF7E, 0xEF7E, 0xEF7E, 0xEF7E, 0xEF7E, 0xEF7E, 0x0841, 0x528B, 0x528B, 0x528B, 0x528B,
  0x528B, 0x528B, 0x528B, 0x528B, 0x528B, 0x528B, 0x528B, 0x528B, 0x528B, 0x528B, 0x528B, 0x528B,
  0x528B, 0x528B, 0x528B, 0x528B, 0x528B, 0x528B, 0x528B, 0x528B, 0x528B, 0x528B, 0x528B, 0x528B,
  0x528B, 0x528B, 0x528B, 0x528B, 0x528B, 0x528B, 0x528B, 0x528B, 0x528B, 0x528B, 0x528B, 0xF79E,
  0xF79E, 0xF79E, 0xF79E, 0xF79E, 0xF79E, 0xF79E, 0xF79E, 0xD905, 0xD905, 0xD905, 0xD905, 0xD905,
  0xD905, 0xD905, 0xD905, 0xD905, 0xD905, 0xD905, 0xD905, 0xD905, 0xD905, 0xD905, 0xD905, 0xD905,
  0xD905, 0xD905, 0xD905, 0xD905, 0xD58F, 0xD58F, 0xD58F, 0xD58F, 0xD58F, 0xD58F, 0xB48B, 0xD58F,
  0xD58F, 0xD58F, 0xD58F, 0xD58F, 0xD58F, 0xB48B, 0xD58F, 0xD58F, 0xD58F, 0xD58F, 0xD58F, 0xD58F,
  0xB48B, 0xD58F, 0xD58F, 0xD58F, 0xD58F, 0xD58F, 0xD58F, 0xB48B, 0xD58F, 0xD58F, 0xD58F, 0xD58F,
  0x738F, 0x738F, 0x738F, 0x738F, 0x738F, 0x738F, 0x738F, 0x738F, 0x738F, 0x738F, 0x738F, 0x738F,
  0x738F, 0x738F, 0x738F, 0x738F, 0x738F, 0x738F, 0x738F, 0x738F, 0x738F, 0x738F, 0x738F, 0x738F,
  0x738F, 0x738F, 0x738F, 0x738F, 0xD69A, 0xD69A, 0xD69A, 0xD69A, 0xC0E4, 0xC0E4, 0xC0E4, 0xC0E4,
  0xC0E4, 0xC0E4, 0xC0E4, 0xC0E4, 0xC0E4, 0xC0E4, 0xC0E4, 0xC0E4, 0xC0E4, 0xC0E4, 0xC0E4, 0xC0E4,
  0xC0E4, 0xC0E4, 0xC0E4, 0xC0E4, 0xD69A, 0xD69A, 0xD69A, 0xD69A, 0xD69A, 0xD69A, 0xD69A, 0xD69A,
  0xD69A, 0x422A, 0x422A, 0x422A, 0x422A, 0x422A, 0x422A, 0x422A, 0x422A, 0x422A, 0x422A, 0x422A,
  0x422A, 0x422A, 0x422A, 0x422A, 0x422A, 0x422A, 0x422A, 0x422A, 0x422A, 0x422A, 0x422A, 0x422A,
  0x422A, 0x422A, 0x422A, 0x422A, 0x422A, 0x422A, 0x422A, 0x422A, 0x422A, 0x422A, 0x422A, 0x422A,
  0x422A, 0x422A, 0x422A, 0x422A, 0x422A, 0x0841, 0xCE7A, 0xCE7A, 0xCE7A, 0xCE7A, 0xCE7A, 0xCE7A,
  0xCE7A, 0xCE7A, 0xCE7A, 0xCE7A, 0xCE7A, 0xCE7A, 0xCE7A, 0xCE7A, 0xCE7A, 0xCE7A, 0xCE7A, 0xCE7A,
  0xCE7A, 0xCE7A, 0xCE7A, 0xCE7A, 0xCE7A, 0xCE7A, 0xCE7A, 0xCE7A, 0xCE7A, 0xCE7A, 0xCE7A, 0xCE7A,
  0xCE7A, 0xCE7A, 0xCE7A, 0xCE7A, 0xCE7A, 0xCE7A, 0xCE7A, 0xCE7A, 0xCE7A, 0xCE7A, 0xCE7A, 0xCE7A,
  0xCE7A, 0xCE7A, 0xCE7A, 0xCE7A, 0xCE7A, 0xCE7A, 0xCE7A, 0xCE7A, 0xCE7A, 0xCE7A, 0xB8C4, 0xB8C4,
  0xB8C4, 0xB8C4, 0xB8C4, 0xB8C4, 0xB8C4, 0xB8C4, 0xB8C4, 0xB8C4, 0xB8C4, 0xB8C4, 0xCE7A, 0xCE7A,
  0xCE7A, 0xCE7A, 0xCE7A, 0xCE7A, 0xCE7A, 0xCE7A, 0xCE7A, 0xCE7A, 0xCE7A, 0xCE7A, 0xCE7A, 0xCE7A,
  0xCE7A, 0xCE7A, 0xCE7A, 0xCE7A, 0xCE7A, 0xCE7A, 0xCE7A, 0xCE7A, 0xCE7A, 0xCE7A, 0xCE7A, 0xCE7A,
  0xCE7A, 0xCE7A, 0xCE7A, 0xCE7A, 0xCE7A, 0xCE7A, 0xCE7A, 0xCE7A, 0xCE7A, 0xCE7A, 0xCE7A, 0xCE7A,
  0xCE7A, 0xCE7A, 0xCE7A, 0xCE7A, 0xCE7A, 0xCE7A, 0xCE7A, 0xCE7A, 0xCE7A, 0xCE7A, 0xCE7A, 0xCE7A,
  0xCE7A, 0xCE7A, 0xCE7A, 0x0841, 0x422A, 0x422A, 0x422A, 0x422A, 0x422A, 0x422A, 0x422A, 0x422A,
  0x422A, 0x422A, 0x422A, 0x422A, 0x422A, 0x422A, 0x422A, 0x422A, 0x422A, 0x422A, 0x422A, 0x422A,
  0x422A, 0x422A, 0x422A, 0x422A, 0x422A, 0x422A, 0x422A, 0x422A, 0x422A, 0x422A, 0x422A, 0x422A,
  0x422A, 0x422A, 0x422A, 0x422A, 0x422A, 0x422A, 0x422A, 0x422A, 0xD69A, 0xD69A, 0xD69A, 0xD69A,
  0xD69A, 0xD69A, 0xD69A, 0xD69A, 0xD69A, 0xC0E4, 0xC0E4, 0xC0E4, 0xC0E4, 0xC0E4, 0xC0E4, 0xC0E4,
  0xC0E4, 0xC0E4, 0xC0E4, 0xC0E4, 0xC0E4, 0xC0E4, 0xC0E4, 0xC0E4, 0xC0E4, 0xC0E4, 0xC0E4, 0xC0E4,
  0xC0E4, 0xB4CD, 0xB4CD, 0xB4CD, 0xB4CD, 0x9BEA, 0xB4CD, 0xB4CD, 0xB4CD, 0xB4CD, 0xB4CD, 0xB4CD,
  0x9BEA, 0xB4CD, 0xB4CD, 0xB4CD, 0xB4CD, 0xB4CD, 0xB4CD, 0x9BEA, 0xB4CD, 0xB4CD, 0xB4CD, 0xB4CD,
  0xB4CD, 0xB4CD, 0x9BEA, 0xB4CD, 0xB4CD, 0xB4CD, 0xB4CD, 0xB4CD, 0x8411, 0x8411, 0x8411, 0x8411,
  0x8411, 0x8411, 0x8411, 0x8411, 0x8411, 0x8411, 0x8411, 0x8411, 0x8411, 0x8411, 0x8411, 0x8411,
  0x8411, 0x8411, 0x8411, 0x8411, 0x8411, 0x8411, 0x8411, 0x8411, 0x8411, 0x8411, 0xF79E, 0xF79E,
  0xF79E, 0xF79E, 0xD905, 0xD905, 0xD905, 0xD905, 0xD905, 0xD905, 0xD905, 0xD905, 0xD905, 0xD905,
  0xD905, 0xD905, 0xD905, 0xD905, 0xD905, 0xD905, 0xD905, 0xD905, 0xD905, 0xD905, 0xD905, 0xF79E,
  0xF79E, 0xF79E, 0xF79E, 0xF79E, 0xF79E, 0xF79E, 0xF79E, 0xF79E, 0x528B, 0x528B, 0x528B, 0x528B,
  0x528B, 0x528B, 0x528B, 0x528B, 0x528B, 0x528B, 0x528B, 0x528B, 0x528B, 0x528B, 0x528B, 0x528B,
  0x528B, 0x528B, 0x528B, 0x528B, 0x528B, 0x528B, 0x528B, 0x528B, 0x528B, 0x528B, 0x528B, 0x528B,
  0x528B, 0x528B, 0x528B, 0x528B, 0x528B, 0x528B, 0x528B, 0x528B, 0x528B, 0x528B, 0x528B, 0x528B,
  0x528B, 0x0841, 0xEF7E, 0xEF7E, 0xEF7E, 0xEF7E, 0xEF7E, 0xEF7E, 0xEF7E, 0xEF7E, 0xEF7E, 0xEF7E,
  0xEF7E, 0xEF7E, 0xEF7E, 0xEF7E, 0xEF7E, 0xEF7E, 0xEF7E, 0xEF7E, 0xEF7E, 0xEF7E, 0xEF7E, 0xEF7E,
  0xEF7E, 0xEF7E, 0xEF7E, 0xEF7E, 0xEF7E, 0xEF7E, 0xEF7E, 0xEF7E, 0xEF7E, 0xEF7E, 0xEF7E, 0xEF7E,
  0xEF7E, 0xEF7E, 0xEF7E, 0xEF7E, 0xEF7E, 0xEF7E, 0xEF7E, 0xEF7E, 0xEF7E, 0xEF7E, 0xEF7E, 0xEF7E,
  0xEF7E, 0xEF7E, 0xEF7E, 0xEF7E, 0xEF7E, 0xEF7E, 0xD8E5, 0xD8E5, 0xD8E5, 0xD8E5, 0xD8E5, 0xD8E5,
  0xD8E5, 0xD8E5, 0xD8E5, 0xD8E5, 0xD8E5, 0xD8E5, 0xEF7E, 0xEF7E, 0xEF7E, 0xEF7E, 0xEF7E, 0xEF7E,
  0xEF7E, 0xEF7E, 0xEF7E, 0xEF7E, 0xEF7E, 0xEF7E, 0xEF7E, 0xEF7E, 0xEF7E, 0xEF7E, 0xEF7E, 0xEF7E,
  0xEF7E, 0xEF7E, 0xEF7E, 0xEF7E, 0xEF7E, 0xEF7E, 0xEF7E, 0xEF7E, 0xEF7E, 0xEF7E, 0xEF7E, 0xEF7E,
  0xEF7E, 0xEF7E, 0xEF7E, 0xEF7E, 0xEF7E, 0xEF7E, 0xEF7E, 0xEF7E, 0xEF7E, 0xEF7E, 0xEF7E, 0xEF7E,
  0xEF7E, 0xEF7E, 0xEF7E, 0xEF7E, 0xEF7E, 0xEF7E, 0xEF7E, 0xEF7E, 0xEF7E, 0xEF7E, 0xEF7E, 0x0841,
  0x528B, 0x528B, 0x528B, 0x528B, 0x528B, 0x528B, 0x528B, 0x528B, 0x528B, 0x528B, 0x528B, 0x528B,
  0x528B, 0x528B, 0x528B, 0x528B, 0x528B, 0x528B, 0x528B, 0x528B, 0x528B, 0x528B, 0x528B, 0x528B,
  0x528B, 0x528B, 0x528B, 0x528B, 0x528B, 0x528B, 0x528B, 0x528B, 0x528B, 0x528B, 0x528B, 0x528B,
  0x528B, 0x528B, 0x528B, 0x528B, 0x528B, 0xF79E, 0xF79E, 0xF79E, 0xF79E, 0xF79E, 0xF79E, 0xF79E,
  0xF79E, 0xF79E, 0xD905, 0xD905, 0xD905, 0xD905, 0xD905, 0xD905, 0xD905, 0xD905, 0xD905, 0xD905,
  0xD905, 0xD905, 0xD905, 0xD905, 0xD905, 0xD905, 0xD905, 0xD905, 0xD905, 0xD905, 0xD905, 0xD58F,
  0xB48B, 0xD58F, 0xD58F, 0xD58F, 0xD58F, 0xD58F, 0xD58F, 0xB48B, 0xD58F, 0xD58F, 0xD58F, 0xD58F,
  0xD58F, 0xD58F, 0xB48B, 0xD58F, 0xD58F, 0xD58F, 0xD58F, 0xD58F, 0xD58F, 0xB48B, 0xD58F, 0xD58F,
  0xD58F, 0xD58F, 0xD58F, 0xD58F, 0x738F, 0x738F, 0x738F, 0x738F, 0x738F, 0x738F, 0x738F, 0x738F,
  0x738F, 0x738F, 0x738F, 0x738F, 0x738F, 0x738F, 0x738F, 0x738F, 0x738F, 0x738F, 0x738F, 0x738F,
  0x738F, 0x738F, 0x738F, 0x738F, 0x738F, 0xD69A, 0xD69A, 0xD69A, 0xC0E4, 0xC0E4, 0xC0E4, 0xC0E4,
  0xC0E4, 0xC0E4, 0xC0E4, 0xC0E4, 0xC0E4, 0xC0E4, 0xC0E4, 0xC0E4, 0xC0E4, 0xC0E4, 0xC0E4, 0xC0E4,
  0xC0E4, 0xC0E4, 0xC0E4, 0xC0E4, 0xC0E4, 0xC0E4, 0xD69A, 0xD69A, 0xD69A, 0xD69A, 0xD69A, 0xD69A,
  0xD69A, 0xD69A, 0xD69A, 0x422A, 0x422A, 0x422A, 0x422A, 0x422A, 0x422A, 0x422A, 0x422A, 0x422A,
  0x422A, 0x422A, 0x422A, 0x422A, 0x422A, 0x422A, 0x422A, 0x422A, 0x422A, 0x422A, 0x422A, 0x422A,
  0x422A, 0x422A, 0x422A, 0x422A, 0x422A, 0x422A, 0x422A, 0x422A, 0x422A, 0x422A, 0x422A, 0x422A,
  0x422A, 0x422A, 0x422A, 0x422A, 0x422A, 0x422A, 0x422A, 0x422A, 0x422A, 0x0841, 0x8432, 0x8432,
  0x8432, 0x8432, 0x8432, 0x8432, 0x8432, 0x8432, 0x8432, 0x8432, 0x8432, 0x8432, 0x8432, 0x8432,
  0x8432, 0x8432, 0x1083, 0x1083, 0x1083, 0x1083, 0x1083, 0x1083, 0x1083, 0x1083, 0x1083, 0x1083,
  0x1083, 0x1083, 0x1083, 0x39E9, 0x39E9, 0x1083, 0x1083, 0x1083, 0x1083, 0x1083, 0x1083, 0x1083,
  0x1083, 0x1083, 0x1083, 0x1083, 0x1083, 0x39E9, 0x39E9, 0x1083, 0x1083, 0x1083, 0x1083, 0x1083,
  0x1083, 0x1083, 0x1083, 0x1083, 0x1083, 0x1083, 0x1083, 0x1083, 0x39E9, 0x1083, 0x1083, 0x1083,
  0x1083, 0x1083, 0x1083, 0x1083, 0x1083, 0x1083, 0x1083, 0x1083, 0x1083, 0x1083, 0x39E9, 0x39E9,
  0x1083, 0x1083, 0x1083, 0x1083, 0x1083, 0x1083, 0x1083, 0x1083, 0x1083, 0x1083, 0x1083, 0x1083,
  0x39E9, 0x39E9, 0x1083, 0x1083, 0x1083, 0x1083, 0x1083, 0x1083, 0x1083, 0x1083, 0x1083, 0x1083,
  0x1083, 0x1083, 0x8432, 0x8432, 0x8432, 0x8432, 0x8432, 0x8432, 0x8432, 0x8432, 0x8432, 0x8432,
  0x8432, 0x8432, 0x8432, 0x8432, 0x8432, 0x8432, 0x0841, 0x0841, 0x422A, 0x422A, 0x422A, 0x422A,
  0x422A, 0x422A, 0x422A, 0x422A, 0x422A, 0x422A, 0x422A, 0x422A, 0x422A, 0x422A, 0x422A, 0x422A,
  0x422A, 0x422A, 0x422A, 0x422A, 0x422A, 0x422A, 0x422A, 0x422A, 0x422A, 0x422A, 0x422A, 0x422A,
  0x422A, 0x422A, 0x422A, 0x422A, 0x422A, 0x422A, 0x422A, 0x422A, 0x422A, 0x422A, 0x422A, 0x422A,
  0x422A, 0x422A, 0xD69A, 0xD69A, 0xD69A, 0xD69A, 0xD69A, 0xD69A, 0xD69A, 0xD69A, 0xD69A, 0xC0E4,
  0xC0E4, 0xC0E4, 0xC0E4, 0xC0E4, 0xC0E4, 0xC0E4, 0xC0E4, 0xC0E4, 0xC0E4, 0xC0E4, 0xC0E4, 0xC0E4,
  0xC0E4, 0xC0E4, 0xC0E4, 0xC0E4, 0xC0E4, 0xC0E4, 0xC0E4, 0xC0E4, 0xC0E4, 0xB4CD, 0xB4CD, 0xB4CD,
  0xB4CD, 0xB4CD, 0x9BEA, 0xB4CD, 0xB4CD, 0xB4CD, 0xB4CD, 0xB4CD, 0xB4CD, 0x9BEA, 0xB4CD, 0xB4CD,
  0xB4CD, 0xB4CD, 0xB4CD, 0xB4CD, 0x9BEA, 0xB4CD, 0xB4CD, 0xB4CD, 0xB4CD, 0xB4CD, 0xB4CD, 0x9BEA,
  0x8411, 0x8411, 0x8411, 0x8411, 0x8411, 0x8411, 0x8411, 0x8411, 0x8411, 0x8411, 0x8411, 0x8411,
  0x8411, 0x8411, 0x8411, 0x8411, 0x8411, 0x8411, 0x8411, 0x8411, 0x8411, 0x8411, 0x8411, 0xF79E,
  0xF79E, 0xF79E, 0xF79E, 0xD905, 0xD905, 0xD905, 0xD905, 0xD905, 0xD905, 0xD905, 0xD905, 0xD905,
  0xD905, 0xD905, 0xD905, 0xD905, 0xD905, 0xD905, 0xD905, 0xD905, 0xD905, 0xD905, 0xD905, 0xD905,
  0xF79E, 0xF79E, 0xF79E, 0xF79E, 0xF79E, 0xF79E, 0xF79E, 0xF79E, 0xF79E, 0xF79E, 0x528B, 0x528B,
  0x528B, 0x528B, 0x528B, 0x528B, 0x528B, 0x528B, 0x528B, 0x528B, 0x528B, 0x528B, 0x528B, 0x528B,
  0x528B, 0x528B, 0x528B, 0x528B, 0x528B, 0x528B, 0x528B, 0x528B, 0x528B, 0x528B, 0x528B, 0x528B,
  0x528B, 0x528B, 0x528B, 0x528B, 0x528B, 0x528B, 0x528B, 0x528B, 0x528B, 0x528B, 0x528B, 0x528B,
  0x528B, 0x528B, 0x528B, 0x528B, 0x528B, 0x0841, 0x94D5, 0x94D5, 0x94D5, 0x94D5, 0x94D5, 0x94D5,
  0x94D5, 0x94D5, 0x94D5, 0x94D5, 0x94D5, 0x94D5, 0x94D5, 0x94D5, 0x94D5, 0x94D5, 0x10A3, 0x10A3,
  0x10A3, 0x94B4, 0x94B4, 0x94B4, 0x94B4, 0x94B4, 0x94B4, 0x94B4, 0x94B4, 0x94B4, 0x10A3, 0x422A,
  0x422A, 0x10A3, 0x10A3, 0x10A3, 0x10A3, 0x10A3, 0x10A3, 0x10A3, 0x10A3, 0x10A3, 0x10A3, 0x10A3,
  0x10A3, 0x422A, 0x422A, 0x10A3, 0x10A3, 0x10A3, 0x10A3, 0x10A3, 0x10A3, 0x10A3, 0x10A3, 0x10A3,
  0x10A3, 0x10A3, 0x10A3, 0x10A3, 0x422A, 0x10A3, 0x10A3, 0x10A3, 0x10A3, 0x10A3, 0x10A3, 0x10A3,
  0x10A3, 0x10A3, 0x10A3, 0x10A3, 0x10A3, 0x10A3, 0x422A, 0x422A, 0x10A3, 0x10A3, 0x10A3, 0x10A3,
  0x10A3, 0x10A3, 0x10A3, 0x10A3, 0x10A3, 0x10A3, 0x10A3, 0x10A3, 0x422A, 0x422A, 0x94B4, 0x94B4,
  0x94B4, 0x94B4, 0x94B4, 0x94B4, 0x94B4, 0x94B4, 0x94B4, 0x10A3, 0x10A3, 0x10A3, 0x94D5, 0x94D5,
  0x94D5, 0x94D5, 0x94D5, 0x94D5, 0x94D5, 0x94D5, 0x94D5, 0x94D5, 0x94D5, 0x94D5, 0x94D5, 0x94D5,
  0x94D5, 0x94D5, 0x0841, 0x0841, 0x528B, 0x528B, 0x528B, 0x528B, 0x528B, 0x528B, 0x528B, 0x528B,
  0x528B, 0x528B, 0x528B, 0x528B, 0x528B, 0x528B, 0x528B, 0x528B, 0x528B, 0x528B, 0x528B, 0x528B,
  0x528B, 0x528B, 0x528B, 0x528B, 0x528B, 0x528B, 0x528B, 0x528B, 0x528B, 0x528B, 0x528B, 0x528B,
  0x528B, 0x528B, 0x528B, 0x528B, 0x528B, 0x528B, 0x528B, 0x528B, 0x528B, 0x528B, 0x528B, 0xF79E,
  0xF79E, 0xF79E, 0xF79E, 0xF79E, 0xF79E, 0xF79E, 0xF79E, 0xF79E, 0xF79E, 0xD905, 0xD905, 0xD905,
  0xD905, 0xD905, 0xD905, 0xD905, 0xD905, 0xD905, 0xD905, 0xD905, 0xD905, 0xD905, 0xD905, 0xD905,
  0xD905, 0xD905, 0xD905, 0xD905, 0xD905, 0xD905, 0xD58F, 0xD58F, 0xD58F, 0xB48B, 0xD58F, 0xD58F,
  0xD58F, 0xD58F, 0xD58F, 0xD58F, 0xB48B, 0xD58F, 0xD58F, 0xD58F, 0xD58F, 0xD58F, 0xD58F, 0xB48B,
  0xD58F, 0xD58F, 0xD58F, 0xD58F, 0xD58F, 0xD58F, 0xB48B, 0xD58F, 0x738F, 0x738F, 0x738F, 0x738F,
  0x738F, 0x738F, 0x738F, 0x738F, 0x738F, 0x738F, 0x738F, 0x738F, 0x738F, 0x738F, 0x738F, 0x738F,
  0x738F, 0x738F, 0x738F, 0x738F, 0x738F, 0xD69A, 0xD69A, 0xD69A, 0xD69A, 0xC0E4, 0xC0E4, 0xC0E4,
  0xC0E4, 0xC0E4, 0xC0E4, 0xC0E4, 0xC0E4, 0xC0E4, 0xC0E4, 0xC0E4, 0xC0E4, 0xC0E4, 0xC0E4, 0xC0E4,
  0xC0E4, 0xC0E4, 0xC0E4, 0xC0E4, 0xC0E4, 0xC0E4, 0xC0E4, 0xD69A, 0xD69A, 0xD69A, 0xD69A, 0xD69A,
  0xD69A, 0xD69A, 0xD69A, 0xD69A, 0x422A, 0x422A, 0x422A, 0x422A, 0x422A, 0x422A, 0x422A, 0x422A,
  0x422A, 0x422A, 0x422A, 0x422A, 0x422A, 0x422A, 0x422A, 0x422A, 0x422A, 0x422A, 0x422A, 0x422A,
  0x422A, 0x422A, 0x422A, 0x422A, 0x422A, 0x422A, 0x422A, 0x422A, 0x422A, 0x422A, 0x422A, 0x422A,
  0x422A, 0x422A, 0x422A, 0x422A, 0x422A, 0x422A, 0x422A, 0x422A, 0x422A, 0x422A, 0x422A, 0x422A,
  0x422A, 0x0841, 0x0841, 0x8432, 0x8432, 0x8432, 0x8432, 0x8432, 0x8432, 0x8432, 0x8432, 0x8432,
  0x8432, 0x8432, 0x8432, 0x8432, 0x8432, 0x8432, 0x1083, 0x1083, 0x1083, 0x8411, 0x8411, 0x8411,
  0x8411, 0x8411, 0x8411, 0x8411, 0x8411, 0x8411, 0x1083, 0x39E9, 0x39E9, 0x1083, 0x1083, 0x1083,
  0x1083, 0x1083, 0x1083, 0x1083, 0x1083, 0x1083, 0x1083, 0x1083, 0x1083, 0x39E9, 0x39E9, 0x1083,
  0x1083, 0x1083, 0x1083, 0x1083, 0x1083, 0x1083, 0x1083, 0x1083, 0x1083, 0x1083, 0x1083, 0x1083,
  0x39E9, 0x1083, 0x1083, 0x1083, 0x1083, 0x1083, 0x1083, 0x1083, 0x1083, 0x1083, 0x1083, 0x1083,
  0x1083, 0x1083, 0x39E9, 0x39E9, 0x1083, 0x1083, 0x1083, 0x1083, 0x1083, 0x1083, 0x1083, 0x1083,
  0x1083, 0x1083, 0x1083, 0x1083, 0x39E9, 0x39E9, 0x8411, 0x8411, 0x8411, 0x8411, 0x8411, 0x8411,
  0x8411, 0x8411, 0x8411, 0x1083, 0x1083, 0x1083, 0x8432, 0x8432, 0x8432, 0x8432, 0x8432, 0x8432,
  0x8432, 0x8432, 0x8432, 0x8432, 0x8432, 0x8432, 0x8432, 0x8432, 0x8432, 0xCE7A, 0x0841, 0x0841,
  0x422A, 0x422A, 0x422A, 0x422A, 0x422A, 0x422A, 0x422A, 0x422A, 0x422A, 0x422A, 0x422A, 0x422A,
  0x422A, 0x422A, 0x422A, 0x422A, 0x422A, 0x422A, 0x422A, 0x422A, 0x422A, 0x422A, 0x422A, 0x422A,
  0x422A, 0x422A, 0x422A, 0x422A, 0x422A, 0x422A, 0x422A, 0x422A, 0x422A, 0x422A, 0x422A, 0x422A,
  0x422A, 0x422A, 0x422A, 0x422A, 0x422A, 0x422A, 0x422A, 0x422A, 0x422A, 0xD69A, 0xD69A, 0xD69A,
  0xD69A, 0xD69A, 0xD69A, 0xD69A, 0xD69A, 0xD69A, 0xC0E4, 0xC0E4, 0xC0E4, 0xC0E4, 0xC0E4, 0xC0E4,
  0xC0E4, 0xC0E4, 0xC0E4, 0xC0E4, 0xC0E4, 0xC0E4, 0xC0E4, 0xC0E4, 0xC0E4, 0xC0E4, 0xC0E4, 0xC0E4,
  0xC0E4, 0xC0E4, 0xC0E4, 0xC0E4, 0x9BEA, 0xB4CD, 0xB4CD, 0xB4CD, 0xB4CD, 0xB4CD, 0xB4CD, 0x9BEA,
  0xB4CD, 0xB4CD, 0xB4CD, 0xB4CD, 0xB4CD, 0xB4CD, 0x9BEA, 0xB4CD, 0xB4CD, 0xB4CD, 0xB4CD, 0xB4CD,
  0xB4CD, 0x9BEA, 0xB4CD, 0xB4CD, 0x8411, 0x8411, 0x8411, 0x8411, 0x8411, 0x8411, 0x8411, 0x8411,
  0x8411, 0x8411, 0x8411, 0x8411, 0x8411, 0x8411, 0x8411, 0x8411, 0x8411, 0x8411, 0x8411, 0x8411,
  0xF79E, 0xF79E, 0xF79E, 0xF79E, 0xD905, 0xD905, 0xD905, 0xD905, 0xD905, 0xD905, 0xD905, 0xD905,
  0xD905, 0xD905, 0xD905, 0xD905, 0xD905, 0xD905, 0xD905, 0xD905, 0xD905, 0xD905, 0xD905, 0xD905,
  0xD905, 0xD905, 0xF79E, 0xF79E, 0xF79E, 0xF79E, 0xF79E, 0xF79E, 0xF79E, 0xF79E, 0xF79E, 0x528B,
  0x528B, 0x528B, 0x528B, 0x528B, 0x528B, 0x528B, 0x528B, 0x528B, 0x528B, 0x528B, 0x528B, 0x528B,
  0x528B, 0x528B, 0x528B, 0x528B, 0x528B, 0x528B, 0x528B, 0x528B, 0x528B, 0x528B, 0x528B, 0x528B,
  0x528B, 0x528B, 0x528B, 0x528B, 0x528B, 0x528B, 0x528B, 0x528B, 0x528B, 0x528B, 0x528B, 0x528B,
  0x528B, 0x528B, 0x528B, 0x528B, 0x528B, 0x528B, 0x528B, 0x528B, 0x528B, 0x0841, 0x0841, 0x94D5,
  0x94D5, 0x94D5, 0x94D5, 0x94D5, 0x94D5, 0x94D5, 0x94D5, 0x94D5, 0x94D5, 0x94D5, 0x94D5, 0x94D5,
  0x94D5, 0x94D5, 0x10A3, 0x10A3, 0x10A3, 0x94B4, 0x94B4, 0x1082, 0x1082, 0x1082, 0x1082, 0x1082,
  0x94B4, 0x94B4, 0x10A3, 0x422A, 0x422A, 0x10A3, 0x10A3, 0x10A3, 0x10A3, 0x10A3, 0x10A3, 0x10A3,
  0x10A3, 0x10A3, 0x10A3, 0x10A3, 0x10A3, 0x422A, 0x422A, 0x10A3, 0x10A3, 0x10A3, 0x10A3, 0x10A3,
  0x10A3, 0x10A3, 0x10A3, 0x10A3, 0x10A3, 0x10A3, 0x10A3, 0x10A3, 0x422A, 0x10A3, 0x10A3, 0x10A3,
  0x10A3, 0x10A3, 0x10A3, 0x10A3, 0x10A3, 0x10A3, 0x10A3, 0x10A3, 0x10A3, 0x10A3, 0x422A, 0x422A,
  0x10A3, 0x10A3, 0x10A3, 0x10A3, 0x10A3, 0x10A3, 0x10A3, 0x10A3, 0x10A3, 0x10A3, 0x10A3, 0x10A3,
  0x422A, 0x422A, 0x94B4, 0x94B4, 0x1082, 0x1082, 0x1082, 0x1082, 0x1082, 0x94B4, 0x94B4, 0x10A3,
  0x10A3, 0x10A3, 0x94D5, 0x94D5, 0x94D5, 0x94D5, 0x94D5, 0x94D5, 0x94D5, 0x94D5, 0x94D5, 0x94D5,
  0x94D5, 0x94D5, 0x94D5, 0x94D5, 0x94D5, 0xEF7E, 0x0841, 0x0841, 0x528B, 0x528B, 0x528B, 0x528B,
  0x528B, 0x528B, 0x528B, 0x528B, 0x528B, 0x528B, 0x528B, 0x528B, 0x528B, 0x528B, 0x528B, 0x528B,
  0x528B, 0x528B, 0x528B, 0x528B, 0x528B, 0x528B, 0x528B, 0x528B, 0x528B, 0x528B, 0x528B, 0x528B,
  0x528B, 0x528B, 0x528B, 0x528B, 0x528B, 0x528B, 0x528B, 0x528B, 0x528B, 0x528B, 0x528B, 0x528B,
  0x528B, 0x528B, 0x528B, 0x528B, 0x528B, 0x528B, 0xF79E, 0xF79E, 0xF79E, 0xF79E, 0xF79E, 0xF79E,
  0xF79E, 0xF79E, 0xF79E, 0xD905, 0xD905, 0xD905, 0xD905, 0xD905, 0xD905, 0xD905, 0xD905, 0xD905,
  0xD905, 0xD905, 0xD905, 0xD905, 0xD905, 0xD905, 0xD905, 0xD905, 0xD905, 0xD905, 0xD905, 0xD905,
  0xD905, 0xD58F, 0xD58F, 0xD58F, 0xD58F, 0xD58F, 0xB48B, 0xD58F, 0xD58F, 0xD58F, 0xD58F, 0xD58F,
  0xD58F, 0xB48B, 0xD58F, 0xD58F, 0xD58F, 0xD58F, 0xD58F, 0xD58F, 0xB48B, 0xD58F, 0xD58F, 0xD58F,
  0x738F, 0x738F, 0x738F, 0x738F, 0x738F, 0x738F, 0x738F, 0x738F, 0x738F, 0x738F, 0x738F, 0x738F,
  0x738F, 0x738F, 0x738F, 0x738F, 0x738F, 0x738F, 0xD69A, 0xD69A, 0xD69A, 0xD69A, 0xC0E4, 0xC0E4,
  0xC0E4, 0xC0E4, 0xC0E4, 0xC0E4, 0xC0E4, 0xC0E4, 0xC0E4, 0xC0E4, 0xC0E4, 0xC0E4, 0xC0E4, 0xC0E4,
  0xC0E4, 0xC0E4, 0xC0E4, 0xC0E4, 0xC0E4, 0xC0E4, 0xC0E4, 0xC0E4, 0xD69A, 0xD69A, 0xD69A, 0xD69A,
  0xD69A, 0xD69A, 0xD69A, 0xD69A, 0xD69A, 0xD69A, 0x422A, 0x422A, 0x422A, 0x422A, 0x422A, 0x422A,
  0x422A, 0x422A, 0x422A, 0x422A, 0x422A, 0x422A, 0x422A, 0x422A, 0x422A, 0x422A, 0x422A, 0x422A,
  0x422A, 0x422A, 0x422A, 0x422A, 0x422A, 0x422A, 0x422A, 0x422A, 0x422A, 0x422A, 0x422A, 0x422A,
  0x422A, 0x422A, 0x422A, 0x422A, 0x422A, 0x422A, 0x422A, 0x422A, 0x422A, 0x422A, 0x422A, 0x422A,
  0x422A, 0x422A, 0x422A, 0x422A, 0x422A, 0x0841, 0x0841, 0x8432, 0x8432, 0x8432, 0x8432, 0x8432,
  0x8432, 0x8432, 0x8432, 0x8432, 0x8432, 0x8432, 0x8432, 0x8432, 0x8432, 0x8432, 0x1083, 0x1083,
  0x1083, 0x8411, 0x8411, 0x0861, 0x0861, 0x0861, 0x0861, 0x0861, 0x8411, 0x8411, 0x1083, 0x39E9,
  0x39E9, 0x1083, 0x1083, 0x1083, 0x1083, 0x1083, 0x1083, 0x1083, 0x1083, 0x1083, 0x1083, 0x1083,
  0x1083, 0x39E9, 0x39E9, 0x1083, 0x1083, 0x1083, 0x1083, 0x1083, 0x1083, 0x1083, 0x1083, 0x1083,
  0x1083, 0x1083, 0x1083, 0x1083, 0x39E9, 0x1083, 0x1083, 0x1083, 0x1083, 0x1083, 0x1083, 0x1083,
  0x1083, 0x1083, 0x1083, 0x1083, 0x1083, 0x1083, 0x39E9, 0x39E9, 0x1083, 0x1083, 0x1083, 0x1083,
  0x1083, 0x1083, 0x1083, 0x1083, 0x1083, 0x1083, 0x1083, 0x1083, 0x39E9, 0x39E9, 0x8411, 0x8411,
  0x0861, 0x0861, 0x0861, 0x0861, 0x0861, 0x8411, 0x8411, 0x1083, 0x1083, 0x1083, 0x8432, 0x8432,
  0x8432, 0x8432, 0x8432, 0x8432, 0x8432, 0x8432, 0x8432, 0x8432, 0x8432, 0x8432, 0x8432, 0x8432,
  0x8432, 0x0841, 0x0841, 0x0841, 0x422A, 0x422A, 0x422A, 0x422A, 0x422A, 0x422A, 0x422A, 0x422A,
  0x422A, 0x422A, 0x422A, 0x422A, 0x422A, 0x422A, 0x422A, 0x422A, 0x422A, 0x422A, 0x422A, 0x422A,
  0x422A, 0x422A, 0x422A, 0x422A, 0x422A, 0x422A, 0x422A, 0x422A, 0x422A, 0x422A, 0x422A, 0x422A,
  0x422A, 0x422A, 0x422A, 0x422A, 0x422A, 0x422A, 0x422A, 0x422A, 0x422A, 0x422A, 0x422A, 0x422A,
  0x422A, 0x422A, 0x422A, 0xD69A, 0xD69A, 0xD69A, 0xD69A, 0xD69A, 0xD69A, 0xD69A, 0xD69A, 0xD69A,
  0xD69A, 0xC0E4, 0xC0E4, 0xC0E4, 0xC0E4, 0xC0E4, 0xC0E4, 0xC0E4, 0xC0E4, 0xC0E4, 0xC0E4, 0xC0E4,
  0xC0E4, 0xC0E4, 0xC0E4, 0xC0E4, 0xC0E4, 0xC0E4, 0xC0E4, 0xC0E4, 0xC0E4, 0xC0E4, 0xC0E4, 0xB4CD,
  0xB4CD, 0x9BEA, 0xB4CD, 0xB4CD, 0xB4CD, 0xB4CD, 0xB4CD, 0xB4CD, 0x9BEA, 0xB4CD, 0xB4CD, 0xB4CD,
  0xB4CD, 0xB4CD, 0xB4CD, 0x9BEA, 0xB4CD, 0xB4CD, 0xB4CD, 0xB4CD, 0x8411, 0x8411, 0x8411, 0x8411,
  0x8411, 0x8411, 0x8411, 0x8411, 0x8411, 0x8411, 0x8411, 0x8411, 0x8411, 0x8411, 0x8411, 0x8411,
  0xF79E, 0xF79E, 0xF79E, 0xF79E, 0xF79E, 0xD905, 0xD905, 0xD905, 0xD905, 0xD905, 0xD905, 0xD905,
  0xD905, 0xD905, 0xD905, 0xD905, 0xD905, 0xD905, 0xD905, 0xD905, 0xD905, 0xD905, 0xD905, 0xD905,
  0xD905, 0xD905, 0xD905, 0xF79E, 0xF79E, 0xF79E, 0xF79E, 0xF79E, 0xF79E, 0xF79E, 0xF79E, 0xF79E,
  0xF79E, 0x528B, 0x528B, 0x528B, 0x528B, 0x528B, 0x528B, 0x528B, 0x528B, 0x528B, 0x528B, 0x528B,
  0x528B, 0x528B, 0x528B, 0x528B, 0x528B, 0x528B, 0x528B, 0x528B, 0x528B, 0x528B, 0x528B, 0x528B,
  0x528B, 0x528B, 0x528B, 0x528B, 0x528B, 0x528B, 0x528B, 0x528B, 0x528B, 0x528B, 0x528B, 0x528B,
  0x528B, 0x528B, 0x528B, 0x528B, 0x528B, 0x528B, 0x528B, 0x528B, 0x528B, 0x528B, 0x528B, 0x528B,
  0x528B, 0x0841, 0x0841, 0x94D5, 0x94D5, 0x94D5, 0x94D5, 0x94D5, 0x94D5, 0x94D5, 0x94D5, 0x94D5,
  0x94D5, 0x94D5, 0x94D5, 0x94D5, 0x94D5, 0x94D5, 0x10A3, 0x10A3, 0x10A3, 0x94B4, 0x94B4, 0x1082,
  0x1082, 0x1082, 0x1082, 0x1082, 0x94B4, 0x94B4, 0x10A3, 0x422A, 0x422A, 0x10A3, 0x10A3, 0x10A3,
  0x10A3, 0x10A3, 0x10A3, 0x10A3, 0x10A3, 0x10A3, 0x10A3, 0x10A3, 0x10A3, 0x422A, 0x422A, 0x10A3,
  0x10A3, 0x10A3, 0x10A3, 0x10A3, 0x10A3, 0x10A3, 0x10A3, 0x10A3, 0x10A3, 0x10A3, 0x10A3, 0x10A3,
  0x422A, 0x10A3, 0x10A3, 0x10A3, 0x10A3, 0x10A3, 0x10A3, 0x10A3, 0x10A3, 0x10A3, 0x10A3, 0x10A3,
  0x10A3, 0x10A3, 0x422A, 0x422A, 0x10A3, 0x10A3, 0x10A3, 0x10A3, 0x10A3, 0x10A3, 0x10A3, 0x10A3,
  0x10A3, 0x10A3, 0x10A3, 0x10A3, 0x422A, 0x422A, 0x94B4, 0x94B4, 0x1082, 0x1082, 0x1082, 0x1082,
  0x1082, 0x94B4, 0x94B4, 0x10A3, 0x10A3, 0x10A3, 0x94D5, 0x94D5, 0x94D5, 0x94D5, 0x94D5, 0x94D5,
  0x94D5, 0x94D5, 0x94D5, 0x94D5, 0x94D5, 0x94D5, 0x94D5, 0x94D5, 0x94D5, 0x0841, 0x0841, 0x0841,
  0x528B, 0x528B, 0x528B, 0x528B, 0x528B, 0x528B, 0x528B, 0x528B, 0x528B, 0x528B, 0x528B, 0x528B,
  0x528B, 0x528B, 0x528B, 0x528B, 0x528B, 0x528B, 0x528B, 0x528B, 0x528B, 0x528B, 0x528B, 0x528B,
  0x528B, 0x528B, 0x528B, 0x528B, 0x528B, 0x528B, 0x528B, 0x528B, 0x528B, 0x528B, 0x528B, 0x528B,
  0x528B, 0x528B, 0x528B, 0x528B, 0x528B, 0x528B, 0x528B, 0x528B, 0x528B, 0x528B, 0x528B, 0x528B,
  0xF79E, 0xF79E, 0xF79E, 0xF79E, 0xF79E, 0xF79E, 0xF79E, 0xF79E, 0xF79E, 0xF79E, 0xD905, 0xD905,
  0xD905, 0xD905, 0xD905, 0xD905, 0xD905, 0xD905, 0xD905, 0xD905, 0xD905, 0xD905, 0xD905, 0xD905,
  0xD905, 0xD905, 0xD905, 0xD905, 0xD905, 0xD905, 0xD905, 0xD905, 0xB48B, 0xD58F, 0xD58F, 0xD58F,
  0xD58F, 0xD58F, 0xD58F, 0xB48B, 0xD58F, 0xD58F, 0xD58F, 0xD58F, 0xD58F, 0xD58F, 0xB48B, 0xD58F,
  0xD58F, 0xD58F, 0xD58F, 0xD58F, 0x738F, 0x738F, 0x738F, 0x738F, 0x738F, 0x738F, 0x738F, 0x738F,
  0x738F, 0x738F, 0x738F, 0x738F, 0x738F, 0x738F, 0x738F, 0xD69A, 0xD69A, 0xD69A, 0xD69A, 0xC0E4,
  0xC0E4, 0xC0E4, 0xC0E4, 0xC0E4, 0xC0E4, 0xC0E4, 0xC0E4, 0xC0E4, 0xC0E4, 0xC0E4, 0xC0E4, 0xC0E4,
  0xC0E4, 0xC0E4, 0xC0E4, 0xC0E4, 0xC0E4, 0xC0E4, 0xC0E4, 0xC0E4, 0xC0E4, 0xC0E4, 0xD69A, 0xD69A,
  0xD69A, 0xD69A, 0xD69A, 0xD69A, 0xD69A, 0xD69A, 0xD69A, 0xD69A, 0x422A, 0x422A, 0x422A, 0x422A,
  0x422A, 0x422A, 0x422A, 0x422A, 0x422A, 0x422A, 0x422A, 0x422A, 0x422A, 0x422A, 0x422A, 0x422A,
  0x422A, 0x422A, 0x422A, 0x422A, 0x422A, 0x422A, 0x422A, 0x422A, 0x422A, 0x422A, 0x422A, 0x422A,
  0x422A, 0x422A, 0x422A, 0x422A, 0x422A, 0x422A, 0x422A, 0x422A, 0x422A, 0x422A, 0x422A, 0x422A,
  0x422A, 0x422A, 0x422A, 0x422A, 0x422A, 0x422A, 0x422A, 0x422A, 0x422A, 0x0841, 0x0841, 0x2946,
  0x8432, 0x8432, 0x8432, 0x8432, 0x8432, 0x8432, 0x8432, 0x8432, 0x8432, 0x8432, 0x8432, 0x8432,
  0x8432, 0x8432, 0x1083, 0x1083, 0x1083, 0x8411, 0x8411, 0x8411, 0x8411, 0x8411, 0x8411, 0x8411,
  0x8411, 0x8411, 0x1083, 0x39E9, 0x39E9, 0x1083, 0x1083, 0x1083, 0x1083, 0x1083, 0x1083, 0x1083,
  0x1083, 0x1083, 0x1083, 0x1083, 0x1083, 0x39E9, 0x39E9, 0x1083, 0x1083, 0x1083, 0x1083, 0x1083,
  0x1083, 0x1083, 0x1083, 0x1083, 0x1083, 0x1083, 0x1083, 0x1083, 0x39E9, 0x1083, 0x1083, 0x1083,
  0x1083, 0x1083, 0x1083, 0x1083, 0x1083, 0x1083, 0x1083, 0x1083, 0x1083, 0x1083, 0x39E9, 0x39E9,
  0x1083, 0x1083, 0x1083, 0x1083, 0x1083, 0x1083, 0x1083, 0x1083, 0x1083, 0x1083, 0x1083, 0x1083,
  0x39E9, 0x39E9, 0x8411, 0x8411, 0x8411, 0x8411, 0x8411, 0x8411, 0x8411, 0x8411, 0x8411, 0x1083,
  0x1083, 0x1083, 0x8432, 0x8432, 0x8432, 0x8432, 0x8432, 0x8432, 0x8432, 0x8432, 0x8432, 0x8432,
  0x8432, 0x8432, 0x8432, 0x8432, 0xCE7A, 0x0841, 0x0841, 0x0841, 0x422A, 0x422A, 0x422A, 0x422A,
  0x422A, 0x422A, 0x422A, 0x422A, 0x422A, 0x422A, 0x422A, 0x422A, 0x422A, 0x422A, 0x422A, 0x422A,
  0x422A, 0x422A, 0x422A, 0x422A, 0x422A, 0x422A, 0x422A, 0x422A, 0x422A, 0x422A, 0x422A, 0x422A,
  0x422A, 0x422A, 0x422A, 0x422A, 0x422A, 0x422A, 0x422A, 0x422A, 0x422A, 0x422A, 0x422A, 0x422A,
  0x422A, 0x422A, 0x422A, 0x422A, 0x422A, 0x422A, 0x422A, 0x422A, 0x422A, 0xD69A, 0xD69A, 0xD69A,
  0xD69A, 0xD69A, 0xD69A, 0xD69A, 0xD69A, 0xD69A, 0xD69A, 0xC0E4, 0xC0E4, 0xC0E4, 0xC0E4, 0xC0E4,
  0xC0E4, 0xC0E4, 0xC0E4, 0xC0E4, 0xC0E4, 0xC0E4, 0xC0E4, 0xC0E4, 0xC0E4, 0xC0E4, 0xC0E4, 0xC0E4,
  0xC0E4, 0xC0E4, 0xC0E4, 0xC0E4, 0xC0E4, 0xC0E4, 0xB4CD, 0xB4CD, 0xB4CD, 0xB4CD, 0x9BEA, 0xB4CD,
  0xB4CD, 0xB4CD, 0xB4CD, 0xB4CD, 0xB4CD, 0x9BEA, 0xB4CD, 0xB4CD, 0xB4CD, 0xB4CD, 0xB4CD, 0xB4CD,
  0x8411, 0x8411, 0x8411, 0x8411, 0x8411, 0x8411, 0x8411, 0x8411, 0x8411, 0x8411, 0x8411, 0x8411,
  0x8411, 0xF79E, 0xF79E, 0xF79E, 0xF79E, 0xF79E, 0xD905, 0xD905, 0xD905, 0xD905, 0xD905, 0xD905,
  0xD905, 0xD905, 0xD905, 0xD905, 0xD905, 0xD905, 0xD905, 0xD905, 0xD905, 0xD905, 0xD905, 0xD905,
  0xD905, 0xD905, 0xD905, 0xD905, 0xF79E, 0xF79E, 0xF79E, 0xF79E, 0xF79E, 0xF79E, 0xF79E, 0xF79E,
  0xF79E, 0xF79E, 0x528B, 0x528B, 0x528B, 0x528B, 0x528B, 0x528B, 0x528B, 0x528B, 0x528B, 0x528B,
  0x528B, 0x528B, 0x528B, 0x528B, 0x528B, 0x528B, 0x528B, 0x528B, 0x528B, 0x528B, 0x528B, 0x528B,
  0x528B, 0x528B, 0x528B, 0x528B, 0x528B, 0x528B, 0x528B, 0x528B, 0x528B, 0x528B, 0x528B, 0x528B,
  0x528B, 0x528B, 0x528B, 0x528B, 0x528B, 0x528B, 0x528B, 0x528B, 0x528B, 0x528B, 0x528B, 0x528B,
  0x528B, 0x528B, 0x528B, 0x528B, 0x528B, 0x0841, 0x0841, 0x2967, 0x94D5, 0x94D5, 0x94D5, 0x94D5,
  0x94D5, 0x94D5, 0x94D5, 0x94D5, 0x94D5, 0x94D5, 0x94D5, 0x94D5, 0x94D5, 0x94D5, 0x10A3, 0x10A3,
  0x10A3, 0x94B4, 0x94B4, 0x94B4, 0x94B4, 0x94B4, 0x94B4, 0x94B4, 0x94B4, 0x94B4, 0x10A3, 0x422A,
  0x422A, 0x10A3, 0x10A3, 0x10A3, 0x10A3, 0x10A3, 0x10A3, 0x10A3, 0x10A3, 0x10A3, 0x10A3, 0x10A3,
  0x10A3, 0x422A, 0x422A, 0x10A3, 0x10A3, 0x10A3, 0x10A3, 0x10A3, 0x10A3, 0x10A3, 0x10A3, 0x10A3,
  0x10A3, 0x10A3, 0x10A3, 0x10A3, 0x422A, 0x10A3, 0x10A3, 0x10A3, 0x10A3, 0x10A3, 0x10A3, 0x10A3,
  0x10A3, 0x10A3, 0x10A3, 0x10A3, 0x10A3, 0x10A3, 0x422A, 0x422A, 0x10A3, 0x10A3, 0x10A3, 0x10A3,
  0x10A3, 0x10A3, 0x10A3, 0x10A3, 0x10A3, 0x10A3, 0x10A3, 0x10A3, 0x422A, 0x422A, 0x94B4, 0x94B4,
  0x94B4, 0x94B4, 0x94B4, 0x94B4, 0x94B4, 0x94B4, 0x94B4, 0x10A3, 0x10A3, 0x10A3, 0x94D5, 0x94D5,
  0x94D5, 0x94D5, 0x94D5, 0x94D5, 0x94D5, 0x94D5, 0x94D5, 0x94D5, 0x94D5, 0x94D5, 0x94D5, 0x94D5,
  0x2967, 0x0841, 0x0841, 0x0841, 0x528B, 0x528B, 0x528B, 0x528B, 0x528B, 0x528B, 0x528B, 0x528B,
  0x528B, 0x528B, 0x528B, 0x528B, 0x528B, 0x528B, 0x528B, 0x528B, 0x528B, 0x528B, 0x528B, 0x528B,
  0x528B, 0x528B, 0x528B, 0x528B, 0x528B, 0x528B, 0x528B, 0x528B, 0x528B, 0x528B, 0x528B, 0x528B,
  0x528B, 0x528B, 0x528B, 0x528B, 0x528B, 0x528B, 0x528B, 0x528B, 0x528B, 0x528B, 0x528B, 0x528B,
  0x528B, 0x528B, 0x528B, 0x528B, 0x528B, 0x528B, 0x528B, 0xF79E, 0xF79E, 0xF79E, 0xF79E, 0xF79E,
  0xF79E, 0xF79E, 0xF79E, 0xF79E, 0xF79E, 0xD905, 0xD905, 0xD905, 0xD905, 0xD905, 0xD905, 0xD905,
  0xD905, 0xD905, 0xD905, 0xD905, 0xD905, 0xD905, 0xD905, 0xD905, 0xD905, 0xD905, 0xD905, 0xD905,
  0xD905, 0xD905, 0xD905, 0xD58F, 0xD58F, 0xB48B, 0xD58F, 0xD58F, 0xD58F, 0xD58F, 0xD58F, 0xD58F,
  0xB48B, 0xD58F, 0xD58F, 0xD58F, 0xD58F, 0xD58F, 0xD58F, 0xB48B, 0x738F, 0x738F, 0x738F, 0x738F,
  0x738F, 0x738F, 0x738F, 0x738F, 0x738F, 0x738F, 0x738F, 0x738F, 0xD69A, 0xD69A, 0xD69A, 0xD69A,
  0xD69A, 0xD69A, 0xD69A, 0xD69A, 0xD69A, 0xD69A, 0xD69A, 0xD69A, 0xD69A, 0xD69A, 0xD69A, 0xD69A,
  0xD69A, 0xD69A, 0xD69A, 0xD69A, 0xD69A, 0xD69A, 0xD69A, 0xD69A, 0xD69A, 0xD69A, 0xD69A, 0xD69A,
  0xD69A, 0xD69A, 0xD69A, 0xD69A, 0xD69A, 0xD69A, 0xD69A, 0xD69A, 0xD69A, 0x422A, 0x422A, 0x422A,
  0x422A, 0x422A, 0x422A, 0x422A, 0x422A, 0x422A, 0x422A, 0x422A, 0x422A, 0x422A, 0x422A, 0x422A,
  0x422A, 0x422A, 0x422A, 0x422A, 0x422A, 0x422A, 0x422A, 0x422A, 0x422A, 0x422A, 0x422A, 0x422A,
  0x422A, 0x422A, 0x422A, 0x422A, 0x422A, 0x422A, 0x422A, 0x422A, 0x422A, 0x422A, 0x422A, 0x422A,
  0x422A, 0x422A, 0x422A, 0x422A, 0x422A, 0x422A, 0x422A, 0x422A, 0x422A, 0x422A, 0x422A, 0x422A,
  0x422A, 0x0841, 0x0841, 0x2946, 0x8432, 0x8432, 0x8432, 0x8432, 0x8432, 0x8432, 0x8432, 0x8432,
  0x8432, 0x8432, 0x8432, 0x8432, 0x8432, 0x8432, 0x1083, 0x1083, 0x1083, 0x1083, 0x1083, 0x1083,
  0x1083, 0x1083, 0x1083, 0x1083, 0x1083, 0x1083, 0x1083, 0x39E9, 0x39E9, 0x1083, 0x1083, 0x1083,
  0x1083, 0x1083, 0x1083, 0x1083, 0x1083, 0x1083, 0x1083, 0x1083, 0x1083, 0x39E9, 0x39E9, 0x1083,
  0x1083, 0x1083, 0x1083, 0x1083, 0x1083, 0x1083, 0x1083, 0x1083, 0x1083, 0x1083, 0x1083, 0x1083,
  0x39E9, 0x1083, 0x1083, 0x1083, 0x1083, 0x1083, 0x1083, 0x1083, 0x1083, 0x1083, 0x1083, 0x1083,
  0x1083, 0x1083, 0x39E9, 0x39E9, 0x1083, 0x1083, 0x1083, 0x1083, 0x1083, 0x1083, 0x1083, 0x1083,
  0x1083, 0x1083, 0x1083, 0x1083, 0x39E9, 0x39E9, 0x1083, 0x1083, 0x1083, 0x1083, 0x1083, 0x1083,
  0x1083, 0x1083, 0x1083, 0x1083, 0x1083, 0x1083, 0x8432, 0x8432, 0x8432, 0x8432, 0x8432, 0x8432,
  0x8432, 0x8432, 0x8432, 0x8432, 0x8432, 0x8432, 0x8432, 0x8432, 0x2946, 0x0841, 0x0841, 0x0841,
  0x422A, 0x422A, 0x422A, 0x422A, 0x422A, 0x422A, 0x422A, 0x422A, 0x422A, 0x422A, 0x422A, 0x422A,
  0x422A, 0x422A, 0x422A, 0x422A, 0x422A, 0x422A, 0x422A, 0x422A, 0x422A, 0x422A, 0x422A, 0x422A,
  0x422A, 0x422A, 0x422A, 0x422A, 0x422A, 0x422A, 0x422A, 0x422A, 0x422A, 0x422A, 0x422A, 0x422A,
  0x422A, 0x422A, 0x422A, 0x422A, 0x422A, 0x422A, 0x422A, 0x422A, 0x422A, 0x422A, 0x422A, 0x422A,
  0x422A, 0x422A, 0x422A, 0x422A, 0xD69A, 0xD69A, 0xD69A, 0xD69A, 0xD69A, 0xD69A, 0xD69A, 0xD69A,
  0xD69A, 0xD69A, 0xD69A, 0xD69A, 0xD69A, 0xD69A, 0xD69A, 0xD69A, 0xD69A, 0xD69A, 0xD69A, 0xD69A,
  0xD69A, 0xD69A, 0xD69A, 0xD69A, 0xD69A, 0xD69A, 0xD69A, 0xD69A, 0xD69A, 0xD69A, 0xD69A, 0xD69A,
  0xD69A, 0xB4CD, 0xB4CD, 0xB4CD, 0xB4CD, 0xB4CD, 0xB4CD, 0x9BEA, 0xB4CD, 0xB4CD, 0xB4CD, 0xB4CD,
  0xB4CD, 0xB4CD, 0x9BEA, 0xB4CD, 0x8411, 0x8411, 0x8411, 0x8411, 0x8411, 0x8411, 0x8411, 0x8411,
  0x8411, 0x8411, 0xF79E, 0xF79E, 0xF79E, 0xF79E, 0xF79E, 0xF79E, 0xF79E, 0xF79E, 0xF79E, 0xF79E,
  0xF79E, 0xF79E, 0xF79E, 0xF79E, 0xF79E, 0xF79E, 0xF79E, 0xF79E, 0xF79E, 0xF79E, 0xF79E, 0xF79E,
  0xF79E, 0xF79E, 0xF79E, 0xF79E, 0xF79E, 0xF79E, 0xF79E, 0xF79E, 0xF79E, 0xF79E, 0xF79E, 0xF79E,
  0xF79E, 0xF79E, 0xF79E, 0xF79E, 0x528B, 0x528B, 0x528B, 0x528B, 0x528B, 0x528B, 0x528B, 0x528B,
  0x528B, 0x528B, 0x528B, 0x528B, 0x528B, 0x528B, 0x528B, 0x528B, 0x528B, 0x528B, 0x528B, 0x528B,
  0x528B, 0x528B, 0x528B, 0x528B, 0x528B, 0x528B, 0x528B, 0x528B, 0x528B, 0x528B, 0x528B, 0x528B,
  0x528B, 0x528B, 0x528B, 0x528B, 0x528B, 0x528B, 0x528B, 0x528B, 0x528B, 0x528B, 0x528B, 0x528B,
  0x528B, 0x528B, 0x528B, 0x528B, 0x528B, 0x528B, 0x528B, 0x528B, 0x528B, 0x0841, 0x0841, 0x2967,
  0x2967, 0x2967, 0x2967, 0x0841, 0x0841, 0x0841, 0x0841, 0x0841, 0x0841, 0x0841, 0x0841, 0x0841,
  0x0841, 0x0841, 0x0841, 0x4209, 0x4209, 0x4209, 0x4209, 0x4209, 0x4209, 0x4209, 0x4209, 0x4209,
  0x4209, 0x4209, 0x4209, 0x4209, 0x4209, 0x4209, 0x4209, 0x4209, 0x4209, 0x4209, 0x4209, 0x4209,
  0x4209, 0x4209, 0x4209, 0x4209, 0x4209, 0x4209, 0x4209, 0x4209, 0x4209, 0x4209, 0x4209, 0x4209,
  0x4209, 0x4209, 0x4209, 0x4209, 0x4209, 0x4209, 0x4209, 0x4209, 0x4209, 0x4209, 0x4209, 0x4209,
  0x4209, 0x4209, 0x4209, 0x4209, 0x4209, 0x4209, 0x4209, 0x4209, 0x528B, 0x528B, 0x528B, 0x528B,
  0x528B, 0x528B, 0x528B, 0x528B, 0x528B, 0x528B, 0x528B, 0x528B, 0x528B, 0x528B, 0x528B, 0x528B,
  0x528B, 0x528B, 0x528B, 0x528B, 0x528B, 0x528B, 0x528B, 0x528B, 0x528B, 0x528B, 0x528B, 0x528B,
  0x528B, 0x0841, 0x0841, 0x0841, 0x0841, 0x0841, 0x0841, 0x0841, 0x0841, 0x0841, 0x0841, 0x0841,
  0x0841, 0x2967, 0x2967, 0x2967, 0x2967, 0x0841, 0x0841, 0x0841, 0x528B, 0x528B, 0x528B, 0x528B,
  0x528B, 0x528B, 0x528B, 0x528B, 0x528B, 0x528B, 0x528B, 0x528B, 0x528B, 0x528B, 0x528B, 0x528B,
  0x528B, 0x528B, 0x528B, 0x528B, 0x528B, 0x528B, 0x528B, 0x528B, 0x528B, 0x528B, 0x528B, 0x528B,
  0x528B, 0x528B, 0x528B, 0x528B, 0x528B, 0x528B, 0x528B, 0x528B, 0x528B, 0x528B, 0x528B, 0x528B,
  0x528B, 0x528B, 0x528B, 0x528B, 0x528B, 0x528B, 0x528B, 0x528B, 0x528B, 0x528B, 0x528B, 0x528B,
  0x528B, 0xF79E, 0xF79E, 0xF79E, 0xF79E, 0xF79E, 0xF79E, 0xF79E, 0xF79E, 0xF79E, 0xF79E, 0xF79E,
  0xF79E, 0xF79E, 0xF79E, 0xF79E, 0xF79E, 0xF79E, 0xF79E, 0xF79E, 0xF79E, 0xF79E, 0xF79E, 0xF79E,
  0xF79E, 0xF79E, 0xF79E, 0xF79E, 0xF79E, 0xF79E, 0xF79E, 0xF79E, 0xF79E, 0xF79E, 0xF79E, 0xD58F,
  0xD58F, 0xD58F, 0xB48B, 0xD58F, 0xD58F, 0xD58F, 0xD58F, 0xD58F, 0xD58F, 0xB48B, 0xD58F, 0xD58F,
  0x738F, 0x738F, 0x738F, 0x738F, 0x738F, 0x738F, 0x738F, 0x738F, 0xD69A, 0xD69A, 0xD69A, 0xD69A,
  0xD69A, 0xD69A, 0xD69A, 0xD69A, 0xD69A, 0xD69A, 0xD69A, 0xD69A, 0xD69A, 0xD69A, 0xD69A, 0xD69A,
  0xD69A, 0xD69A, 0xD69A, 0xD69A, 0xD69A, 0xD69A, 0xD69A, 0xD69A, 0xD69A, 0xD69A, 0xD69A, 0xD69A,
  0xD69A, 0xD69A, 0xD69A, 0xD69A, 0xD69A, 0xD69A, 0xD69A, 0xD69A, 0xD69A, 0xD69A, 0xD69A, 0x422A,
  0x422A, 0x422A, 0x422A, 0x422A, 0x422A, 0x422A, 0x422A, 0x422A, 0x422A, 0x422A, 0x422A, 0x422A,
  0x422A, 0x422A, 0x422A, 0x422A, 0x422A, 0x422A, 0x422A, 0x422A, 0x422A, 0x422A, 0x422A, 0x422A,
  0x422A, 0x422A, 0x422A, 0x422A, 0x422A, 0x422A, 0x422A, 0x422A, 0x422A, 0x422A, 0x422A, 0x422A,
  0x422A, 0x422A, 0x422A, 0x422A, 0x422A, 0x422A, 0x422A, 0x422A, 0x422A, 0x422A, 0x422A, 0x422A,
  0x422A, 0x422A, 0x422A, 0x422A, 0x422A, 0x0841, 0x0841, 0x2946, 0x2946, 0x2946, 0x2946, 0x0841,
  0x0841, 0x0841, 0x0841, 0x0841, 0x0841, 0x0841, 0x0841, 0x0841, 0x0841, 0x0841, 0x0841, 0x31A8,
  0x31A8, 0x31A8, 0x31A8, 0x31A8, 0x31A8, 0x31A8, 0x31A8, 0x31A8, 0x31A8, 0x31A8, 0x31A8, 0x31A8,
  0x31A8, 0x31A8, 0x31A8, 0x31A8, 0x31A8, 0x31A8, 0x31A8, 0x31A8, 0x31A8, 0x31A8, 0x31A8, 0x31A8,
  0x31A8, 0x31A8, 0x31A8, 0x31A8, 0x31A8, 0x31A8, 0x31A8, 0x31A8, 0x31A8, 0x31A8, 0x31A8, 0x31A8,
  0x31A8, 0x31A8, 0x31A8, 0x31A8, 0x31A8, 0x31A8, 0x31A8, 0x31A8, 0x31A8, 0x31A8, 0x31A8, 0x31A8,
  0x31A8, 0x31A8, 0x31A8, 0x31A8, 0x422A, 0x422A, 0x422A, 0x422A, 0x422A, 0x422A, 0x422A, 0x422A,
  0x422A, 0x422A, 0x422A, 0x422A, 0x422A, 0x422A, 0x422A, 0x422A, 0x422A, 0x422A, 0x422A, 0x422A,
  0x422A, 0x422A, 0x422A, 0x422A, 0x422A, 0x422A, 0x422A, 0x422A, 0x422A, 0x0841, 0x0841, 0x0841,
  0x0841, 0x0841, 0x0841, 0x0841, 0x0841, 0x0841, 0x0841, 0x0841, 0x0841, 0x2946, 0x2946, 0x2946,
  0x2946, 0x0841, 0x0841, 0x0841, 0x422A, 0x422A, 0x422A, 0x422A, 0x422A, 0x422A, 0x422A, 0x422A,
  0x422A, 0x422A, 0x422A, 0x422A, 0x422A, 0x422A, 0x422A, 0x422A, 0x422A, 0x422A, 0x422A, 0x422A,
  0x422A, 0x422A, 0x422A, 0x422A, 0x422A, 0x422A, 0x422A, 0x422A, 0x422A, 0x422A, 0x422A, 0x422A,
  0x422A, 0x422A, 0x422A, 0x422A, 0x422A, 0x422A, 0x422A, 0x422A, 0x422A, 0x422A, 0x422A, 0x422A,
  0x422A, 0x422A, 0x422A, 0x422A, 0x422A, 0x422A, 0x422A, 0x422A, 0x422A, 0x422A, 0xD69A, 0xD69A,
  0xD69A, 0xD69A, 0xD69A, 0xD69A, 0xD69A, 0xD69A, 0xD69A, 0xD69A, 0xD69A, 0xD69A, 0xD69A, 0xD69A,
  0xD69A, 0xD69A, 0xD69A, 0xD69A, 0xD69A, 0xD69A, 0xD69A, 0xD69A, 0xD69A, 0xD69A, 0xD69A, 0xD69A,
  0xD69A, 0xD69A, 0xD69A, 0xD69A, 0xD69A, 0xD69A, 0xD69A, 0xD69A, 0xB4CD, 0x9BEA, 0xB4CD, 0xB4CD,
  0xB4CD, 0xB4CD, 0xB4CD, 0xB4CD, 0x9BEA, 0xB4CD, 0xB4CD, 0xB4CD, 0x8411, 0x8411, 0x8411, 0x8411,
  0x8411, 0x8411, 0x8411, 0xF79E, 0xF79E, 0xF79E, 0xF79E, 0xF79E, 0xF79E, 0xF79E, 0xF79E, 0xF79E,
  0xF79E, 0xF79E, 0xF79E, 0xF79E, 0xF79E, 0xF79E, 0xF79E, 0xF79E, 0xF79E, 0xF79E, 0xF79E, 0xF79E,
  0xF79E, 0xF79E, 0xF79E, 0xF79E, 0xF79E, 0xF79E, 0xF79E, 0xF79E, 0xF79E, 0xF79E, 0xF79E, 0xF79E,
  0xF79E, 0xF79E, 0xF79E, 0xF79E, 0xF79E, 0xF79E, 0x528B, 0x528B, 0x528B, 0x528B, 0x528B, 0x528B,
  0x528B, 0x528B, 0x528B, 0x528B, 0x528B, 0x528B, 0x528B, 0x528B, 0x528B, 0x528B, 0x528B, 0x528B,
  0x528B, 0x528B, 0x528B, 0x528B, 0x528B, 0x528B, 0x528B, 0x528B, 0x528B, 0x528B, 0x528B, 0x528B,
  0x528B, 0x528B, 0x528B, 0x528B, 0x528B, 0x528B, 0x528B, 0x528B, 0x528B, 0x528B, 0x528B, 0x528B,
  0x528B, 0x528B, 0x528B, 0x528B, 0x528B, 0x528B, 0x528B, 0x528B, 0x528B, 0x528B, 0x528B, 0x528B,
  0x528B, 0x0841, 0x0841, 0x2967, 0x2967, 0x2967, 0x2967, 0x0841, 0x0841, 0x0841, 0x0841, 0x0841,
  0x0841, 0x0841, 0x0841, 0x0841, 0x0841, 0x0841, 0x0841, 0x4209, 0x4209, 0x4209, 0x4209, 0x4209,
  0x4209, 0x4209, 0x4209, 0x4209, 0x4209, 0x4209, 0x4209, 0x4209, 0x4209, 0x4209, 0x4209, 0x4209,
  0x4209, 0x18E5, 0x18E5, 0x18E5, 0x18E5, 0x18E5, 0x18E5, 0x18E5, 0x18E5, 0x18E5, 0x18E5, 0x18E5,
  0x18E5, 0x18E5, 0x18E5, 0x18E5, 0x18E5, 0x18E5, 0x18E5, 0x18E5, 0x18E5, 0x18E5, 0x18E5, 0x18E5,
  0x18E5, 0x18E5, 0x18E5, 0x18E5, 0x18E5, 0x18E5, 0x18E5, 0x18E5, 0x18E5, 0x18E5, 0x18E5, 0x18E5,
  0x18E5, 0x18E5, 0x18E5, 0x18E5, 0x18E5, 0x18E5, 0x18E5, 0x18E5, 0x18E5, 0x18E5, 0x18E5, 0x528B,
  0x528B, 0x528B, 0x528B, 0x528B, 0x528B, 0x528B, 0x528B, 0x528B, 0x528B, 0x528B, 0x528B, 0x528B,
  0x528B, 0x528B, 0x528B, 0x528B, 0x528B, 0x0841, 0x0841, 0x0841, 0x0841, 0x0841, 0x0841, 0x0841,
  0x0841, 0x0841, 0x0841, 0x0841, 0x0841, 0x2967, 0x2967, 0x2967, 0x2967, 0x0841, 0x0841, 0x0841,
  0x528B, 0x528B, 0x528B, 0x528B, 0x528B, 0x528B, 0x528B, 0x528B, 0x528B, 0x528B, 0x528B, 0x528B,
  0x528B, 0x528B, 0x528B, 0x528B, 0x528B, 0x528B, 0x528B, 0x528B, 0x528B, 0x528B, 0x528B, 0x528B,
  0x528B, 0x528B, 0x528B, 0x528B, 0x528B, 0x528B, 0x528B, 0x528B, 0x528B, 0x528B, 0x528B, 0x528B,
  0x528B, 0x528B, 0x528B, 0x528B, 0x528B, 0x528B, 0x528B, 0x528B, 0x528B, 0x528B, 0x528B, 0x528B,
  0x528B, 0x528B, 0x528B, 0x528B, 0x528B, 0x528B, 0x528B, 0xF79E, 0xF79E, 0xF79E, 0xF79E, 0xF79E,
  0xF79E, 0xF79E, 0xF79E, 0xF79E, 0xF79E, 0xF79E, 0xF79E, 0xF79E, 0xF79E, 0xF79E, 0xF79E, 0xF79E,
  0xF79E, 0xF79E, 0xF79E, 0xF79E, 0xF79E, 0xF79E, 0xF79E, 0xF79E, 0xF79E, 0xF79E, 0xF79E, 0xF79E,
  0xF79E, 0xF79E, 0xF79E, 0xF79E, 0xF79E, 0xF79E, 0xD58F, 0xD58F, 0xD58F, 0xD58F, 0xD58F, 0xB48B,
  0xD58F, 0xD58F, 0xD58F, 0xD58F, 0x738F, 0x738F, 0x738F, 0x738F, 0x738F, 0xD69A, 0xD69A, 0xD69A,
  0xD69A, 0xD69A, 0xD69A, 0xD69A, 0xD69A, 0xD69A, 0xD69A, 0xD69A, 0xD69A, 0xD69A, 0xD69A, 0xD69A,
  0xD69A, 0xD69A, 0xD69A, 0xD69A, 0xD69A, 0xD69A, 0xD69A, 0xD69A, 0xD69A, 0xD69A, 0xD69A, 0xD69A,
  0xD69A, 0xD69A, 0xD69A, 0xD69A, 0xD69A, 0xD69A, 0xD69A, 0xD69A, 0xD69A, 0xD69A, 0xD69A, 0xD69A,
  0x422A, 0x422A, 0x422A, 0x422A, 0x422A, 0x422A, 0x422A, 0x422A, 0x422A, 0x422A, 0x422A, 0x422A,
  0x422A, 0x422A, 0x422A, 0x422A, 0x422A, 0x422A, 0x422A, 0x422A, 0x422A, 0x422A, 0x422A, 0x422A,
  0x422A, 0x422A, 0x422A, 0x422A, 0x422A, 0x422A, 0x422A, 0x422A, 0x422A, 0x422A, 0x422A, 0x422A,
  0x422A, 0x422A, 0x422A, 0x422A, 0x422A, 0x422A, 0x422A, 0x422A, 0x422A, 0x422A, 0x422A, 0x422A,
  0x422A, 0x422A, 0x422A, 0x422A, 0x422A, 0x422A, 0x422A, 0x422A, 0x422A, 0x0841, 0x0841, 0x2946,
  0x2946, 0x2946, 0x2946, 0x0841, 0x0841, 0x0841, 0x0841, 0x0841, 0x0841, 0x0841, 0x0841, 0x0841,
  0x0841, 0x0841, 0x0841, 0x31A8, 0x31A8, 0x31A8, 0x18C4, 0x18C4, 0x18C4, 0x18C4, 0x18C4, 0x18C4,
  0x18C4, 0x18C4, 0x18C4, 0x18C4, 0x18C4, 0x18C4, 0x18C4, 0x18C4, 0x18C4, 0x18C4, 0x18C4, 0x18C4,
  0x18C4, 0x18C4, 0x18C4, 0x18C4, 0x18C4, 0x18C4, 0x18C4, 0x18C4, 0x18C4, 0x18C4, 0x18C4, 0x18C4,
  0x18C4, 0x18C4, 0x18C4, 0x18C4, 0x18C4, 0x18C4, 0x18C4, 0x18C4, 0x18C4, 0x18C4, 0x18C4, 0x18C4,
  0x18C4, 0x18C4, 0x18C4, 0x18C4, 0x18C4, 0x18C4, 0x18C4, 0x18C4, 0x18C4, 0x18C4, 0x18C4, 0x18C4,
  0x18C4, 0x18C4, 0x18C4, 0x18C4, 0x18C4, 0x18C4, 0x18C4, 0x18C4, 0x18C4, 0x18C4, 0x18C4, 0x18C4,
  0x18C4, 0x18C4, 0x18C4, 0x18C4, 0x18C4, 0x18C4, 0x18C4, 0x18C4, 0x18C4, 0x18C4, 0x422A, 0x422A,
  0x422A, 0x0841, 0x0841, 0x0841, 0x0841, 0x0841, 0x0841, 0x0841, 0x0841, 0x0841, 0x0841, 0x0841,
  0x0841, 0x2946, 0x2946, 0x2946, 0x2946, 0x0841, 0x0841, 0x0841, 0x422A, 0x422A, 0x422A, 0x422A,
  0x422A, 0x422A, 0x422A, 0x422A, 0x422A, 0x422A, 0x422A, 0x422A, 0x422A, 0x422A, 0x422A, 0x422A,
  0x422A, 0x422A, 0x422A, 0x422A, 0x422A, 0x422A, 0x422A, 0x422A, 0x422A, 0x422A, 0x422A, 0x422A,
  0x422A, 0x422A, 0x422A, 0x422A, 0x422A, 0x422A, 0x422A, 0x422A, 0x422A, 0x422A, 0x422A, 0x422A,
  0x422A, 0x422A, 0x422A, 0x422A, 0x422A, 0x422A, 0x422A, 0x422A, 0x422A, 0x422A, 0x422A, 0x422A,
  0x422A, 0x422A, 0x422A, 0x422A, 0x422A, 0xD69A, 0xD69A, 0xD69A, 0xD69A, 0xD69A, 0xD69A, 0xD69A,
  0xD69A, 0xD69A, 0xD69A, 0xD69A, 0xD69A, 0xD69A, 0xD69A, 0xD69A, 0xD69A, 0xD69A, 0xD69A, 0xD69A,
  0xD69A, 0xD69A, 0xD69A, 0xD69A, 0xD69A, 0xD69A, 0xD69A, 0xD69A, 0xD69A, 0xD69A, 0xD69A, 0xD69A,
  0xD69A, 0xD69A, 0xD69A, 0xB4CD, 0xB4CD, 0xB4CD, 0x9BEA, 0xB4CD, 0xB4CD, 0xB4CD, 0xB4CD, 0xB4CD,
  0x8411, 0x8411, 0x8411, 0x8411, 0xF79E, 0xF79E, 0xF79E, 0xF79E, 0xF79E, 0xF79E, 0xF79E, 0xF79E,
  0xF79E, 0xF79E, 0xF79E, 0xF79E, 0xF79E, 0xF79E, 0xF79E, 0xF79E, 0xF79E, 0xF79E, 0xF79E, 0xF79E,
  0xF79E, 0xF79E, 0xF79E, 0xF79E, 0xF79E, 0xF79E, 0xF79E, 0xF79E, 0xF79E, 0xF79E, 0xF79E, 0xF79E,
  0xF79E, 0xF79E, 0xF79E, 0xF79E, 0xF79E, 0xF79E, 0xF79E, 0x528B, 0x528B, 0x528B, 0x528B, 0x528B,
  0x528B, 0x528B, 0x528B, 0x528B, 0x528B, 0x528B, 0x528B, 0x528B, 0x528B, 0x528B, 0x528B, 0x528B,
  0x528B, 0x528B, 0x528B, 0x528B, 0x528B, 0x528B, 0x528B, 0x528B, 0x528B, 0x528B, 0x528B, 0x528B,
  0x528B, 0x528B, 0x528B, 0x528B, 0x528B, 0x528B, 0x528B, 0x528B, 0x528B, 0x528B, 0x528B, 0x528B,
  0x528B, 0x528B, 0x528B, 0x528B, 0x528B, 0x528B, 0x528B, 0x528B, 0x528B, 0x528B, 0x528B, 0x528B,
  0x528B, 0x528B, 0x528B, 0x528B, 0x528B, 0x0841, 0x0841, 0x2967, 0x2967, 0x2967, 0x2967, 0x0841,
  0x0841, 0x0841, 0x0841, 0x0841, 0x0841, 0x0841, 0x0841, 0x0841, 0x0841, 0x0841, 0x0841, 0x18E5,
  0x18E5, 0x18E5, 0x18E5, 0x18E5, 0x18E5, 0x18E5, 0x18E5, 0x18E5, 0x18E5, 0x18E5, 0x18E5, 0x18E5,
  0x18E5, 0x18E5, 0x18E5, 0x18E5, 0x18E5, 0x18E5, 0x18E5, 0x18E5, 0x18E5, 0x18E5, 0x18E5, 0x18E5,
  0x18E5, 0x18E5, 0x18E5, 0x18E5, 0x18E5, 0x18E5, 0x18E5, 0x18E5, 0x18E5, 0x18E5, 0x18E5, 0x18E5,
  0x18E5, 0x18E5, 0x18E5, 0x18E5, 0x18E5, 0x18E5, 0x18E5, 0x18E5, 0x18E5, 0x18E5, 0x18E5, 0x18E5,
  0x18E5, 0x18E5, 0x18E5, 0x18E5, 0x18E5, 0x18E5, 0x18E5, 0x18E5, 0x18E5, 0x18E5, 0x18E5, 0x18E5,
  0x18E5, 0x18E5, 0x18E5, 0x18E5, 0x18E5, 0x18E5, 0x18E5, 0x18E5, 0x18E5, 0x18E5, 0x18E5, 0x18E5,
  0x18E5, 0x18E5, 0x18E5, 0x18E5, 0x18E5, 0x18E5, 0x18E5, 0x18E5, 0x18E5, 0x0841, 0x0841, 0x0841,
  0x0841, 0x0841, 0x0841, 0x0841, 0x0841, 0x0841, 0x0841, 0x0841, 0x0841, 0x2967, 0x2967, 0x2967,
  0x2967, 0x0841, 0x0841, 0x0841, 0x528B, 0x528B, 0x528B, 0x528B, 0x528B, 0x528B, 0x528B, 0x528B,
  0x528B, 0x528B, 0x528B, 0x528B, 0x528B, 0x528B, 0x528B, 0x528B, 0x528B, 0x528B, 0x528B, 0x528B,
  0x528B, 0x528B, 0x528B, 0x528B, 0x528B, 0x528B, 0x528B, 0x528B, 0x528B, 0x528B, 0x528B, 0x528B,
  0x528B, 0x528B, 0x528B, 0x528B, 0x528B, 0x528B, 0x528B, 0x528B, 0x528B, 0x528B, 0x528B, 0x528B,
  0x528B, 0x528B, 0x528B, 0x528B, 0x528B, 0x528B, 0x528B, 0x528B, 0x528B, 0x528B, 0x528B, 0x528B,
  0x528B, 0x528B, 0xF79E, 0xF79E, 0xF79E, 0xF79E, 0xF79E, 0xF79E, 0xF79E, 0xF79E, 0xF79E, 0xF79E,
  0xF79E, 0xF79E, 0xF79E, 0xF79E, 0xF79E, 0xF79E, 0xF79E, 0xF79E, 0xF79E, 0xF79E, 0xF79E, 0xF79E,
  0xF79E, 0xF79E, 0xF79E, 0xF79E, 0xF79E, 0xF79E, 0xF79E, 0xF79E, 0xF79E, 0xF79E, 0xF79E, 0xF79E,
  0xF79E, 0xB48B, 0xD58F, 0xD58F, 0xD58F, 0xD58F, 0xD58F, 0xD58F, 0x738F, 0x738F, 0xD69A, 0xD69A,
  0xD69A, 0xD69A, 0xD69A, 0xD69A, 0xD69A, 0xD69A, 0xD69A, 0xD69A, 0xD69A, 0xD69A, 0xD69A, 0xD69A,
  0xD69A, 0xD69A, 0xD69A, 0xD69A, 0xD69A, 0xD69A, 0xD69A, 0xD69A, 0xD69A, 0xD69A, 0xD69A, 0xD69A,
  0xD69A, 0xD69A, 0xD69A, 0xD69A, 0xD69A, 0xD69A, 0xD69A, 0xD69A, 0xD69A, 0xD69A, 0xD69A, 0xD69A,
  0xD69A, 0xD69A, 0x422A, 0x422A, 0x422A, 0x422A, 0x422A, 0x422A, 0x422A, 0x422A, 0x422A, 0x422A,
  0x422A, 0x422A, 0x422A, 0x422A, 0x422A, 0x422A, 0x422A, 0x422A, 0x422A, 0x422A, 0x422A, 0x422A,
  0x422A, 0x422A, 0x422A, 0x422A, 0x422A, 0x422A, 0x422A, 0x422A, 0x422A, 0x422A, 0x422A, 0x422A,
  0x422A, 0x422A, 0x422A, 0x422A, 0x422A, 0x422A, 0x422A, 0x422A, 0x422A, 0x422A, 0x422A, 0x422A,
  0x422A, 0x422A, 0x422A, 0x422A, 0x422A, 0x422A, 0x422A, 0x422A, 0x422A, 0x422A, 0x422A, 0x422A,
  0x422A, 0x0841, 0x0841, 0x2946, 0x2946, 0x2946, 0x2946, 0x0841, 0x0841, 0x0841, 0x0841, 0x0841,
  0x0841, 0x0841, 0x0841, 0x0841, 0x0841, 0x0841, 0x0841, 0x18C4, 0x18C4, 0x18C4, 0x18C4, 0x18C4,
  0x18C4, 0x18C4, 0x18C4, 0x18C4, 0x18C4, 0x18C4, 0x18C4, 0x18C4, 0x18C4, 0x18C4, 0x18C4, 0x18C4,
  0x18C4, 0x18C4, 0x18C4, 0x18C4, 0x18C4, 0x18C4, 0x18C4, 0x18C4, 0x18C4, 0x18C4, 0x18C4, 0x18C4,
  0x18C4, 0x18C4, 0x18C4, 0x18C4, 0x18C4, 0x18C4, 0x18C4, 0x18C4, 0x18C4, 0x18C4, 0x18C4, 0x18C4,
  0x18C4, 0x18C4, 0x18C4, 0x18C4, 0x18C4, 0x18C4, 0x18C4, 0x18C4, 0x18C4, 0x18C4, 0x18C4, 0x18C4,
  0x18C4, 0x18C4, 0x18C4, 0x18C4, 0x18C4, 0x18C4, 0x18C4, 0x18C4, 0x18C4, 0x18C4, 0x18C4, 0x18C4,
  0x18C4, 0x18C4, 0x18C4, 0x18C4, 0x18C4, 0x18C4, 0x18C4, 0x18C4, 0x18C4, 0x18C4, 0x18C4, 0x18C4,
  0x18C4, 0x18C4, 0x18C4, 0x18C4, 0x18C4, 0x0841, 0x0841, 0x0841, 0x0841, 0x0841, 0x0841, 0x0841,
  0x0841, 0x0841, 0x0841, 0x0841, 0x0841, 0x2946, 0x2946, 0x2946, 0x2946, 0x0841, 0x0841, 0x0841,
  0x422A, 0x422A, 0x422A, 0x422A, 0x422A, 0x422A, 0x422A, 0x422A, 0x422A, 0x422A, 0x422A, 0x422A,
  0x422A, 0x422A, 0x422A, 0x422A, 0x422A, 0x422A, 0x422A, 0x422A, 0x422A, 0x422A, 0x422A, 0x422A,
  0x422A, 0x422A, 0x422A, 0x422A, 0x422A, 0x422A, 0x422A, 0x422A, 0x422A, 0x422A, 0x422A, 0x422A,
  0x422A, 0x422A, 0x422A, 0x422A, 0x422A, 0x422A, 0x422A, 0x422A, 0x422A, 0x422A, 0x422A, 0x422A,
  0x422A, 0x422A, 0x422A, 0x422A, 0x422A, 0x422A, 0x422A, 0x422A, 0x422A, 0x422A, 0x422A, 0xD69A,
  0xD69A, 0xD69A, 0xD69A, 0xD69A, 0xD69A, 0xD69A, 0xD69A, 0xD69A, 0xD69A, 0xD69A, 0xD69A, 0xD69A,
  0xD69A, 0xD69A, 0xD69A, 0xD69A, 0xD69A, 0xD69A, 0xD69A, 0xD69A, 0xD69A, 0xD69A, 0xD69A, 0xD69A,
  0xD69A, 0xD69A, 0xD69A, 0xD69A, 0xD69A, 0xD69A, 0xD69A, 0xD69A, 0xD69A, 0xD69A, 0xB4CD, 0xB4CD,
  0xB4CD, 0xB4CD, 0xB4CD, 0x9BEA, 0xF79E, 0xF79E, 0xF79E, 0xF79E, 0xF79E, 0xF79E, 0xF79E, 0xF79E,
  0xF79E, 0xF79E, 0xF79E, 0xF79E, 0xF79E, 0xF79E, 0xF79E, 0xF79E, 0xF79E, 0xF79E, 0xF79E, 0xF79E,
  0xF79E, 0xF79E, 0xF79E, 0xF79E, 0xF79E, 0xF79E, 0xF79E, 0xF79E, 0xF79E, 0xF79E, 0xF79E, 0xF79E,
  0xF79E, 0xF79E, 0xF79E, 0xF79E, 0xF79E, 0xF79E, 0xF79E, 0xF79E, 0xF79E, 0x528B, 0x528B, 0x528B,
  0x528B, 0x528B, 0x528B, 0x528B, 0x528B, 0x528B, 0x528B, 0x528B, 0x528B, 0x528B, 0x528B, 0x528B,
  0x528B, 0x528B, 0x528B, 0x528B, 0x528B, 0x528B, 0x528B, 0x528B, 0x528B, 0x528B, 0x528B, 0x528B,
  0x528B, 0x528B, 0x528B, 0x528B, 0x528B, 0x528B, 0x528B, 0x528B, 0x528B, 0x528B, 0x528B, 0x528B,
  0x528B, 0x528B, 0x528B, 0x528B, 0x528B, 0x528B, 0x528B, 0x528B, 0x528B, 0x528B, 0x528B, 0x528B,
  0x528B, 0x528B, 0x528B, 0x528B, 0x528B, 0x528B, 0x528B, 0x528B, 0x528B, 0x0841, 0x0841, 0x2967,
  0x2967, 0x2967, 0x2967, 0x0841, 0x0841, 0x0841, 0x0841, 0x0841, 0x0841, 0x0841, 0x0841, 0x0841,
  0x0841, 0x0841, 0x0841, 0x18E5, 0x18E5, 0x18E5, 0x18E5, 0x18E5, 0x18E5, 0x18E5, 0x18E5, 0x18E5,
  0x18E5, 0x18E5, 0x18E5, 0x18E5, 0x18E5, 0x18E5, 0x18E5, 0x18E5, 0x18E5, 0x18E5, 0x18E5, 0x18E5,
  0x18E5, 0x18E5, 0x18E5, 0x18E5, 0x18E5, 0x18E5, 0x18E5, 0x18E5, 0x18E5, 0x18E5, 0x18E5, 0x18E5,
  0x18E5, 0x18E5, 0x18E5, 0x18E5, 0x18E5, 0x18E5, 0x18E5, 0x18E5, 0x18E5, 0x18E5, 0x18E5, 0x18E5,
  0x18E5, 0x18E5, 0x18E5, 0x18E5, 0x18E5, 0x18E5, 0x18E5, 0x18E5, 0x18E5, 0x18E5, 0x18E5, 0x18E5,
  0x18E5, 0x18E5, 0x18E5, 0x18E5, 0x18E5, 0x18E5, 0x18E5, 0x18E5, 0x18E5, 0x18E5, 0x18E5, 0x18E5,
  0x18E5, 0x18E5, 0x18E5, 0x18E5, 0x18E5, 0x18E5, 0x18E5, 0x18E5, 0x18E5, 0x18E5, 0x18E5, 0x18E5,
  0x18E5, 0x0841, 0x0841, 0x0841, 0x0841, 0x0841, 0x0841, 0x0841, 0x0841, 0x0841, 0x0841, 0x0841,
  0x0841, 0x2967, 0x2967, 0x2967, 0x2967, 0x0841, 0x0841, 0x0841, 0x528B, 0x528B, 0x528B, 0x528B,
  0x528B, 0x528B, 0x528B, 0x528B, 0x528B, 0x528B, 0x528B, 0x528B, 0x528B, 0x528B, 0x528B, 0x528B,
  0x528B, 0x528B, 0x528B, 0x528B, 0x528B, 0x528B, 0x528B, 0x528B, 0x528B, 0x528B, 0x528B, 0x528B,
  0x528B, 0x528B, 0x528B, 0x528B, 0x528B, 0x528B, 0x528B, 0x528B, 0x528B, 0x528B, 0x528B, 0x528B,
  0x528B, 0x528B, 0x528B, 0x528B, 0x528B, 0x528B, 0x528B, 0x528B, 0x528B, 0x528B, 0x528B, 0x528B,
  0x528B, 0x528B, 0x528B, 0x528B, 0x528B, 0x528B, 0x528B, 0x528B, 0xF79E, 0xF79E, 0xF79E, 0xF79E,
  0xF79E, 0xF79E, 0xF79E, 0xF79E, 0xF79E, 0xF79E, 0xF79E, 0xF79E, 0xF79E, 0xF79E, 0xF79E, 0xF79E,
  0xF79E, 0xF79E, 0xF79E, 0xF79E, 0xF79E, 0xF79E, 0xF79E, 0xF79E, 0xF79E, 0xF79E, 0xF79E, 0xF79E,
  0xF79E, 0xF79E, 0xF79E, 0xF79E, 0xF79E, 0xF79E, 0xF79E, 0xF79E, 0xD58F, 0xD58F, 0xB48B, 0xD58F,
  0xD69A, 0xD69A, 0xD69A, 0xD69A, 0xD69A, 0xD69A, 0xD69A, 0xD69A, 0xD69A, 0xD69A, 0xD69A, 0xD69A,
  0xD69A, 0xD69A, 0xD69A, 0xD69A, 0xD69A, 0xD69A, 0xD69A, 0xD69A, 0xD69A, 0xD69A, 0xD69A, 0xD69A,
  0xD69A, 0xD69A, 0xD69A, 0xD69A, 0xD69A, 0xD69A, 0xD69A, 0xD69A, 0xD69A, 0xD69A, 0xD69A, 0xD69A,
  0xD69A, 0xD69A, 0xD69A, 0xD69A, 0x422A, 0x422A, 0x422A, 0x422A, 0x422A, 0x422A, 0x422A, 0x422A,
  0x422A, 0x422A, 0x422A, 0x422A, 0x422A, 0x422A, 0x422A, 0x422A, 0x422A, 0x422A, 0x422A, 0x422A,
  0x422A, 0x422A, 0x422A, 0x422A, 0x422A, 0x422A, 0x422A, 0x422A, 0x422A, 0x422A, 0x422A, 0x422A,
  0x422A, 0x422A, 0x422A, 0x422A, 0x422A, 0x422A, 0x422A, 0x422A, 0x422A, 0x422A, 0x422A, 0x422A,
  0x422A, 0x422A, 0x422A, 0x422A, 0x422A, 0x422A, 0x422A, 0x422A, 0x422A, 0x422A, 0x422A, 0x422A,
  0x422A, 0x422A, 0x18C4, 0x18C4, 0x18C4, 0x0841, 0x0841, 0x2946, 0x2946, 0x2946, 0x2946, 0x0841,
  0x0841, 0x0841, 0x0841, 0x0841, 0x0841, 0x0841, 0x0841, 0x0841, 0x0841, 0x0841, 0x0841, 0x18C4,
  0x18C4, 0x18C4, 0x18C4, 0x18C4, 0x18C4, 0x18C4, 0x18C4, 0x18C4, 0x18C4, 0x18C4, 0x18C4, 0x18C4,
  0x18C4, 0x18C4, 0x18C4, 0x18C4, 0x18C4, 0x18C4, 0x18C4, 0x18C4, 0x18C4, 0x18C4, 0x18C4, 0x18C4,
  0x18C4, 0x18C4, 0x18C4, 0x18C4, 0x18C4, 0x18C4, 0x18C4, 0x18C4, 0x18C4, 0x18C4, 0x18C4, 0x18C4,
  0x18C4, 0x18C4, 0x18C4, 0x18C4, 0x18C4, 0x18C4, 0x18C4, 0x18C4, 0x18C4, 0x18C4, 0x18C4, 0x18C4,
  0x18C4, 0x18C4, 0x18C4, 0x18C4, 0x18C4, 0x18C4, 0x18C4, 0x18C4, 0x18C4, 0x18C4, 0x18C4, 0x18C4,
  0x18C4, 0x18C4, 0x18C4, 0x18C4, 0x18C4, 0x18C4, 0x18C4, 0x18C4, 0x18C4, 0x18C4, 0x18C4, 0x18C4,
  0x18C4, 0x18C4, 0x18C4, 0x18C4, 0x18C4, 0x18C4, 0x18C4, 0x18C4, 0x18C4, 0x0841, 0x0841, 0x0841,
  0x0841, 0x0841, 0x0841, 0x0841, 0x0841, 0x0841, 0x0841, 0x0841, 0x0841, 0x2946, 0x2946, 0x2946,
  0x2946, 0x0841, 0x0841, 0x0841, 0x18C4, 0x18C4, 0x422A, 0x422A, 0x422A, 0x422A, 0x422A, 0x422A,
  0x422A, 0x422A, 0x422A, 0x422A, 0x422A, 0x422A, 0x422A, 0x422A, 0x422A, 0x422A, 0x422A, 0x422A,
  0x422A, 0x422A, 0x422A, 0x422A, 0x422A, 0x422A, 0x422A, 0x422A, 0x422A, 0x422A, 0x422A, 0x422A,
  0x422A, 0x422A, 0x422A, 0x422A, 0x422A, 0x422A, 0x422A, 0x422A, 0x422A, 0x422A, 0x422A, 0x422A,
  0x422A, 0x422A, 0x422A, 0x422A, 0x422A, 0x422A, 0x422A, 0x422A, 0x422A, 0x422A, 0x422A, 0x422A,
  0x422A, 0x422A, 0x422A, 0x422A, 0x422A, 0xD69A, 0xD69A, 0xD69A, 0xD69A, 0xD69A, 0xD69A, 0xD69A,
  0xD69A, 0xD69A, 0xD69A, 0xD69A, 0xD69A, 0xD69A, 0xD69A, 0xD69A, 0xD69A, 0xD69A, 0xD69A, 0xD69A,
  0xD69A, 0xD69A, 0xD69A, 0xD69A, 0xD69A, 0xD69A, 0xD69A, 0xD69A, 0xD69A, 0xD69A, 0xD69A, 0xD69A,
  0xD69A, 0xD69A, 0xD69A, 0xD69A, 0xD69A, 0xD69A, 0xB4CD, 0xB4CD, 0xF79E, 0xF79E, 0xF79E, 0xF79E,
  0xF79E, 0xF79E, 0xF79E, 0xF79E, 0xF79E, 0xF79E, 0xF79E, 0xF79E, 0xF79E, 0xF79E, 0xF79E, 0xF79E,
  0xF79E, 0xF79E, 0xF79E, 0xF79E, 0xF79E, 0xF79E, 0xF79E, 0xF79E, 0xF79E, 0xF79E, 0xF79E, 0xF79E,
  0xF79E, 0xF79E, 0xF79E, 0xF79E, 0xF79E, 0xF79E, 0xF79E, 0xF79E, 0xF79E, 0xF79E, 0x528B, 0x528B,
  0x528B, 0x528B, 0x528B, 0x528B, 0x528B, 0x528B, 0x528B, 0x528B, 0x528B, 0x528B, 0x528B, 0x528B,
  0x528B, 0x528B, 0x528B, 0x528B, 0x528B, 0x528B, 0x528B, 0x528B, 0x528B, 0x528B, 0x528B, 0x528B,
  0x528B, 0x528B, 0x528B, 0x528B, 0x528B, 0x528B, 0x528B, 0x528B, 0x528B, 0x528B, 0x528B, 0x528B,
  0x528B, 0x528B, 0x528B, 0x528B, 0x528B, 0x528B, 0x528B, 0x528B, 0x528B, 0x528B, 0x528B, 0x528B,
  0x528B, 0x528B, 0x528B, 0x528B, 0x528B, 0x528B, 0x528B, 0x528B, 0x18E5, 0x18E5, 0x18E5, 0x18E5,
  0x18E5, 0x0841, 0x0841, 0x0841, 0x0841, 0x0841, 0x0841, 0x0841, 0x0841, 0x0841, 0x0841, 0x0841,
  0x0841, 0x0841, 0x0841, 0x0841, 0x0841, 0x0841, 0x0841, 0x18E5, 0x18E5, 0x18E5, 0x18E5, 0x18E5,
  0x18E5, 0x18E5, 0x18E5, 0x18E5, 0x18E5, 0x18E5, 0x18E5, 0x18E5, 0x18E5, 0x18E5, 0x18E5, 0x18E5,
  0x18E5, 0x18E5, 0x18E5, 0x18E5, 0x18E5, 0x18E5, 0x18E5, 0x18E5, 0x18E5, 0x18E5, 0x18E5, 0x18E5,
  0x18E5, 0x18E5, 0x18E5, 0x18E5, 0x18E5, 0x18E5, 0x18E5, 0x18E5, 0x18E5, 0x18E5, 0x18E5, 0x18E5,
  0x18E5, 0x18E5, 0x18E5, 0x18E5, 0x18E5, 0x18E5, 0x18E5, 0x18E5, 0x18E5, 0x18E5, 0x18E5, 0x18E5,
  0x18E5, 0x18E5, 0x18E5, 0x18E5, 0x18E5, 0x18E5, 0x18E5, 0x18E5, 0x18E5, 0x18E5, 0x18E5, 0x18E5,
  0x18E5, 0x18E5, 0x18E5, 0x18E5, 0x18E5, 0x18E5, 0x18E5, 0x18E5, 0x18E5, 0x18E5, 0x18E5, 0x18E5,
  0x18E5, 0x18E5, 0x18E5, 0x18E5, 0x18E5, 0x0841, 0x0841, 0x0841, 0x0841, 0x0841, 0x0841, 0x0841,
  0x0841, 0x0841, 0x0841, 0x0841, 0x0841, 0x0841, 0x0841, 0x0841, 0x0841, 0x0841, 0x0841, 0x0841,
  0x18E5, 0x18E5, 0x18E5, 0x18E5, 0x528B, 0x528B, 0x528B, 0x528B, 0x528B, 0x528B, 0x528B, 0x528B,
  0x528B, 0x528B, 0x528B, 0x528B, 0x528B, 0x528B, 0x528B, 0x528B, 0x528B, 0x528B, 0x528B, 0x528B,
  0x528B, 0x528B, 0x528B, 0x528B, 0x528B, 0x528B, 0x528B, 0x528B, 0x528B, 0x528B, 0x528B, 0x528B,
  0x528B, 0x528B, 0x528B, 0x528B, 0x528B, 0x528B, 0x528B, 0x528B, 0x528B, 0x528B, 0x528B, 0x528B,
  0x528B, 0x528B, 0x528B, 0x528B, 0x528B, 0x528B, 0x528B, 0x528B, 0x528B, 0x528B, 0x528B, 0x528B,
  0x528B, 0x528B, 0x528B, 0xF79E, 0xF79E, 0xF79E, 0xF79E, 0xF79E, 0xF79E, 0xF79E, 0xF79E, 0xF79E,
  0xF79E, 0xF79E, 0xF79E, 0xF79E, 0xF79E, 0xF79E, 0xF79E, 0xF79E, 0xF79E, 0xF79E, 0xF79E, 0xF79E,
  0xF79E, 0xF79E, 0xF79E, 0xF79E, 0xF79E, 0xF79E, 0xF79E, 0xF79E, 0xF79E, 0xF79E, 0xF79E, 0xF79E,
  0xF79E, 0xF79E, 0xF79E, 0xD58F, 0xD69A, 0xD69A, 0xD69A, 0xD69A, 0xD69A, 0xD69A, 0xD69A, 0xD69A,
  0xD69A, 0xD69A, 0xD69A, 0xD69A, 0xD69A, 0xD69A, 0xD69A, 0xD69A, 0xD69A, 0xD69A, 0xD69A, 0xD69A,
  0xD69A, 0xD69A, 0xD69A, 0xD69A, 0xD69A, 0xD69A, 0xD69A, 0xD69A, 0xD69A, 0xD69A, 0xD69A, 0xD69A,
  0xD69A, 0xD69A, 0xD69A, 0xD69A, 0xD69A, 0x422A, 0x422A, 0x422A, 0x422A, 0x422A, 0x422A, 0x422A,
  0x422A, 0x422A, 0x422A, 0x422A, 0x422A, 0x422A, 0x422A, 0x422A, 0x422A, 0x422A, 0x422A, 0x422A,
  0x422A, 0x422A, 0x422A, 0x422A, 0x422A, 0x422A, 0x422A, 0x422A, 0x422A, 0x422A, 0x422A, 0x422A,
  0x422A, 0x422A, 0x422A, 0x422A, 0x422A, 0x422A, 0x422A, 0x422A, 0x422A, 0x422A, 0x422A, 0x422A,
  0x422A, 0x422A, 0x422A, 0x422A, 0x422A, 0x422A, 0x422A, 0x422A, 0x422A, 0x422A, 0x422A, 0x422A,
  0x422A, 0x422A, 0x422A, 0x18C4, 0x18C4, 0x18C4, 0x18C4, 0x18C4, 0x18C4, 0x0841, 0x0841, 0x0841,
  0x0841, 0x0841, 0x0841, 0x0841, 0x0841, 0x0841, 0x0841, 0x0841, 0x0841, 0x0841, 0x0841, 0x0841,
  0x0841, 0x0841, 0x0841, 0x18C4, 0x18C4, 0x18C4, 0x18C4, 0x18C4, 0x18C4, 0x18C4, 0x18C4, 0x18C4,
  0x18C4, 0x18C4, 0x18C4, 0x18C4, 0x18C4, 0x18C4, 0x18C4, 0x18C4, 0x18C4, 0x18C4, 0x18C4, 0x18C4,
  0x18C4, 0x18C4, 0x18C4, 0x18C4, 0x18C4, 0x18C4, 0x18C4, 0x18C4, 0x18C4, 0x18C4, 0x18C4, 0x18C4,
  0x18C4, 0x18C4, 0x18C4, 0x18C4, 0x18C4, 0x18C4, 0x18C4, 0x18C4, 0x18C4, 0x18C4, 0x18C4, 0x18C4,
  0x18C4, 0x18C4, 0x18C4, 0x18C4, 0x18C4, 0x18C4, 0x18C4, 0x18C4, 0x18C4, 0x18C4, 0x18C4, 0x18C4,
  0x18C4, 0x18C4, 0x18C4, 0x18C4, 0x18C4, 0x18C4, 0x18C4, 0x18C4, 0x18C4, 0x18C4, 0x18C4, 0x18C4,
  0x18C4, 0x18C4, 0x18C4, 0x18C4, 0x18C4, 0x18C4, 0x18C4, 0x18C4, 0x18C4, 0x18C4, 0x18C4, 0x18C4,
  0x18C4, 0x0841, 0x0841, 0x0841, 0x0841, 0x0841, 0x0841, 0x0841, 0x0841, 0x0841, 0x0841, 0x0841,
  0x0841, 0x0841, 0x0841, 0x0841, 0x0841, 0x0841, 0x0841, 0x0841, 0x18C4, 0x18C4, 0x18C4, 0x18C4,
  0x18C4, 0x422A, 0x422A, 0x422A, 0x422A, 0x422A, 0x422A, 0x422A, 0x422A, 0x422A, 0x422A, 0x422A,
  0x422A, 0x422A, 0x422A, 0x422A, 0x422A, 0x422A, 0x422A, 0x422A, 0x422A, 0x422A, 0x422A, 0x422A,
  0x422A, 0x422A, 0x422A, 0x422A, 0x422A, 0x422A, 0x422A, 0x422A, 0x422A, 0x422A, 0x422A, 0x422A,
  0x422A, 0x422A, 0x422A, 0x422A, 0x422A, 0x422A, 0x422A, 0x422A, 0x422A, 0x422A, 0x422A, 0x422A,
  0x422A, 0x422A, 0x422A, 0x422A, 0x422A, 0x422A, 0x422A, 0x422A, 0x422A, 0x422A, 0x422A, 0x422A,
  0xD69A, 0xD69A, 0xD69A, 0xD69A, 0xD69A, 0xD69A, 0xD69A, 0xD69A, 0xD69A, 0xD69A, 0xD69A, 0xD69A,
  0xD69A, 0xD69A, 0xD69A, 0xD69A, 0xD69A, 0xD69A, 0xD69A, 0xD69A, 0xD69A, 0xD69A, 0xD69A, 0xD69A,
  0xD69A, 0xD69A, 0xD69A, 0xD69A, 0xD69A, 0xD69A, 0xD69A, 0xD69A, 0xD69A, 0xD69A, 0xD69A, 0xD69A,
  0xF79E, 0xF79E, 0xF79E, 0xF79E, 0xF79E, 0xF79E, 0xF79E, 0xF79E, 0xF79E, 0xF79E, 0xF79E, 0xF79E,
  0xF79E, 0xF79E, 0xF79E, 0xF79E, 0xF79E, 0xF79E, 0xF79E, 0xF79E, 0xF79E, 0xF79E, 0xF79E, 0xF79E,
  0xF79E, 0xF79E, 0xF79E, 0xF79E, 0xF79E, 0xF79E, 0xF79E, 0xF79E, 0xF79E, 0xF79E, 0xF79E, 0xF79E,
  0x528B, 0x528B, 0x528B, 0x528B, 0x528B, 0x528B, 0x528B, 0x528B, 0x528B, 0x528B, 0x528B, 0x528B,
  0x528B, 0x528B, 0x528B, 0x528B, 0x528B, 0x528B, 0x528B, 0x528B, 0x528B, 0x528B, 0x528B, 0x528B,
  0x528B, 0x528B, 0x528B, 0x528B, 0x528B, 0x528B, 0x528B, 0x528B, 0x528B, 0x528B, 0x528B, 0x528B,
  0x528B, 0x528B, 0x528B, 0x528B, 0x528B, 0x528B, 0x528B, 0x528B, 0x528B, 0x528B, 0x528B, 0x528B,
  0x528B, 0x528B, 0x528B, 0x528B, 0x528B, 0x528B, 0x528B, 0x528B, 0x528B, 0x528B, 0x528B, 0x18E5,
  0x18E5, 0x18E5, 0x18E5, 0x18E5, 0x18E5, 0x18E5, 0x18E5, 0x18E5, 0x18E5, 0x18E5, 0x18E5, 0x18E5,
  0x18E5, 0x18E5, 0x18E5, 0x18E5, 0x18E5, 0x18E5, 0x18E5, 0x18E5, 0x18E5, 0x18E5, 0x18E5, 0x18E5,
  0x18E5, 0x18E5, 0x18E5, 0x18E5, 0x18E5, 0x18E5, 0x18E5, 0x18E5, 0x18E5, 0x18E5, 0x18E5, 0x18E5,
  0x18E5, 0x18E5, 0x18E5, 0x18E5, 0x18E5, 0x18E5, 0x18E5, 0x18E5, 0x18E5, 0x18E5, 0x18E5, 0x18E5,
  0x18E5, 0x18E5, 0x18E5, 0x18E5, 0x18E5, 0x18E5, 0x18E5, 0x18E5, 0x18E5, 0x18E5, 0x18E5, 0x18E5,
  0x18E5, 0x18E5, 0x18E5, 0x18E5, 0x18E5, 0x18E5, 0x18E5, 0x18E5, 0x18E5, 0x18E5, 0x18E5, 0x18E5,
  0x18E5, 0x18E5, 0x18E5, 0x18E5, 0x18E5, 0x18E5, 0x18E5, 0x18E5, 0x18E5, 0x18E5, 0x18E5, 0x18E5,
  0x18E5, 0x18E5, 0x18E5, 0x18E5, 0x18E5, 0x18E5, 0x18E5, 0x18E5, 0x18E5, 0x18E5, 0x18E5, 0x18E5,
  0x18E5, 0x18E5, 0x18E5, 0x18E5, 0x18E5, 0x18E5, 0x18E5, 0x18E5, 0x18E5, 0x18E5, 0x18E5, 0x18E5,
  0x18E5, 0x18E5, 0x18E5, 0x18E5, 0x18E5, 0x18E5, 0x18E5, 0x18E5, 0x18E5, 0x18E5, 0x18E5, 0x18E5,
  0x18E5, 0x18E5, 0x18E5, 0x18E5, 0x18E5, 0x18E5, 0x18E5, 0x18E5, 0x18E5, 0x528B, 0x528B, 0x528B,
  0x528B, 0x528B, 0x528B, 0x528B, 0x528B, 0x528B, 0x528B, 0x528B, 0x528B, 0x528B, 0x528B, 0x528B,
  0x528B, 0x528B, 0x528B, 0x528B, 0x528B, 0x528B, 0x528B, 0x528B, 0x528B, 0x528B, 0x528B, 0x528B,
  0x528B, 0x528B, 0x528B, 0x528B, 0x528B, 0x528B, 0x528B, 0x528B, 0x528B, 0x528B, 0x528B, 0x528B,
  0x528B, 0x528B, 0x528B, 0x528B, 0x528B, 0x528B, 0x528B, 0x528B, 0x528B, 0x528B, 0x528B, 0x528B,
  0x528B, 0x528B, 0x528B, 0x528B, 0x528B, 0x528B, 0x528B, 0x528B, 0x528B, 0xF79E, 0xF79E, 0xF79E,
  0xF79E, 0xF79E, 0xF79E, 0xF79E, 0xF79E, 0xF79E, 0xF79E, 0xF79E, 0xF79E, 0xF79E, 0xF79E, 0xF79E,
  0xF79E, 0xF79E, 0xF79E, 0xF79E, 0xF79E, 0xF79E, 0xF79E, 0xF79E, 0xF79E, 0xF79E, 0xF79E, 0xF79E,
  0xF79E, 0xF79E, 0xF79E, 0xF79E, 0xF79E, 0xF79E, 0xF79E, 0xF79E, 0xD69A, 0xD69A, 0xD69A, 0xD69A,
  0xD69A, 0xD69A, 0xD69A, 0xD69A, 0xD69A, 0xD69A, 0xD69A, 0xD69A, 0xD69A, 0xD69A, 0xD69A, 0xD69A,
  0xD69A, 0xD69A, 0xD69A, 0xD69A, 0xD69A, 0xD69A, 0xD69A, 0xD69A, 0xD69A, 0xD69A, 0xD69A, 0xD69A,
  0xD69A, 0xD69A, 0xD69A, 0xD69A, 0xD69A, 0xD69A, 0xD69A, 0x422A, 0x422A, 0x422A, 0x422A, 0x422A,
  0x422A, 0x422A, 0x422A, 0x422A, 0x422A, 0x422A, 0x422A, 0x422A, 0x422A, 0x422A, 0x422A, 0x422A,
  0x422A, 0x422A, 0x422A, 0x422A, 0x422A, 0x422A, 0x422A, 0x422A, 0x422A, 0x422A, 0x422A, 0x422A,
  0x422A, 0x422A, 0x422A, 0x422A, 0x422A, 0x422A, 0x422A, 0x422A, 0x422A, 0x422A, 0x422A, 0x422A,
  0x422A, 0x422A, 0x422A, 0x422A, 0x422A, 0x422A, 0x422A, 0x422A, 0x422A, 0x422A, 0x422A, 0x422A,
  0x422A, 0x422A, 0x422A, 0x422A, 0x422A, 0x422A, 0x422A, 0x422A, 0x18C4, 0x18C4, 0x18C4, 0x18C4,
  0x18C4, 0x18C4, 0x18C4, 0x18C4, 0x18C4, 0x18C4, 0x18C4, 0x18C4, 0x18C4, 0x18C4, 0x18C4, 0x18C4,
  0x18C4, 0x18C4, 0x18C4, 0x18C4, 0x18C4, 0x18C4, 0x18C4, 0x18C4, 0x18C4, 0x18C4, 0x18C4, 0x18C4,
  0x18C4, 0x18C4, 0x18C4, 0x18C4, 0x18C4, 0x18C4, 0x18C4, 0x18C4, 0x18C4, 0x18C4, 0x18C4, 0x18C4,
  0x18C4, 0x18C4, 0x18C4, 0x18C4, 0x18C4, 0x18C4, 0x18C4, 0x18C4, 0x18C4, 0x18C4, 0x18C4, 0x18C4,
  0x18C4, 0x18C4, 0x18C4, 0x18C4, 0x18C4, 0x18C4, 0x18C4, 0x18C4, 0x18C4, 0x18C4, 0x18C4, 0x18C4,
  0x18C4, 0x18C4, 0x18C4, 0x18C4, 0x18C4, 0x18C4, 0x18C4, 0x18C4, 0x18C4, 0x18C4, 0x18C4, 0x18C4,
  0x18C4, 0x18C4, 0x18C4, 0x18C4, 0x18C4, 0x18C4, 0x18C4, 0x18C4, 0x18C4, 0x18C4, 0x18C4, 0x18C4,
  0x18C4, 0x18C4, 0x18C4, 0x18C4, 0x18C4, 0x18C4, 0x18C4, 0x18C4, 0x18C4, 0x18C4, 0x18C4, 0x18C4,
  0x18C4, 0x18C4, 0x18C4, 0x18C4, 0x18C4, 0x18C4, 0x18C4, 0x18C4, 0x18C4, 0x18C4, 0x18C4, 0x18C4,
  0x18C4, 0x18C4, 0x18C4, 0x18C4, 0x18C4, 0x18C4, 0x18C4, 0x18C4, 0x18C4, 0x18C4, 0x18C4, 0x18C4,
  0x18C4, 0x18C4, 0x18C4, 0x18C4, 0x422A, 0x422A, 0x422A, 0x422A, 0x422A, 0x422A, 0x422A, 0x422A,
  0x422A, 0x422A, 0x422A, 0x422A, 0x422A, 0x422A, 0x422A, 0x422A, 0x422A, 0x422A, 0x422A, 0x422A,
  0x422A, 0x422A, 0x422A, 0x422A, 0x422A, 0x422A, 0x422A, 0x422A, 0x422A, 0x422A, 0x422A, 0x422A,
  0x422A, 0x422A, 0x422A, 0x422A, 0x422A, 0x422A, 0x422A, 0x422A, 0x422A, 0x422A, 0x422A, 0x422A,
  0x422A, 0x422A, 0x422A, 0x422A, 0x422A, 0x422A, 0x422A, 0x422A, 0x422A, 0x422A, 0x422A, 0x422A,
  0x422A, 0x422A, 0x422A, 0x422A, 0x422A, 0x422A, 0xD69A, 0xD69A, 0xD69A, 0xD69A, 0xD69A, 0xD69A,
  0xD69A, 0xD69A, 0xD69A, 0xD69A, 0xD69A, 0xD69A, 0xD69A, 0xD69A, 0xD69A, 0xD69A, 0xD69A, 0xD69A,
  0xD69A, 0xD69A, 0xD69A, 0xD69A, 0xD69A, 0xD69A, 0xD69A, 0xD69A, 0xD69A, 0xD69A, 0xD69A, 0xD69A,
  0xD69A, 0xD69A, 0xD69A, 0xD69A, 0xF79E, 0xF79E, 0xF79E, 0xF79E, 0xF79E, 0xF79E, 0xF79E, 0xF79E,
  0xF79E, 0xF79E, 0xF79E, 0xF79E, 0xF79E, 0xF79E, 0xF79E, 0xF79E, 0xF79E, 0xF79E, 0xF79E, 0xF79E,
  0xF79E, 0xF79E, 0xF79E, 0xF79E, 0xF79E, 0xF79E, 0xF79E, 0xF79E, 0xF79E, 0xF79E, 0xF79E, 0xF79E,
  0xF79E, 0xF79E, 0x528B, 0x528B, 0x528B, 0x528B, 0x528B, 0x528B, 0x528B, 0x528B, 0x528B, 0x528B,
  0x528B, 0x528B, 0x528B, 0x528B, 0x528B, 0x528B, 0x528B, 0x528B, 0x528B, 0x528B, 0x528B, 0x528B,
  0x528B, 0x528B, 0x528B, 0x528B, 0x528B, 0x528B, 0x528B, 0x528B, 0x528B, 0x528B, 0x528B, 0x528B,
  0x528B, 0x528B, 0x528B, 0x528B, 0x528B, 0x528B, 0x528B, 0x528B, 0x528B, 0x528B, 0x528B, 0x528B,
  0x528B, 0x528B, 0x528B, 0x528B, 0x528B, 0x528B, 0x528B, 0x528B, 0x528B, 0x528B, 0x528B, 0x528B,
  0x528B, 0x528B, 0x528B, 0x528B, 0x528B, 0x528B, 0x18E5, 0x18E5, 0x18E5, 0x18E5, 0x18E5, 0x18E5,
  0x18E5, 0x18E5, 0x18E5, 0x18E5, 0x18E5, 0x18E5, 0x18E5, 0x18E5, 0x18E5, 0x18E5, 0x18E5, 0x18E5,
  0x18E5, 0x18E5, 0x18E5, 0x18E5, 0x18E5, 0x18E5, 0x18E5, 0x18E5, 0x18E5, 0x18E5, 0x18E5, 0x18E5,
  0x18E5, 0x18E5, 0x18E5, 0x18E5, 0x18E5, 0x18E5, 0x18E5, 0x18E5, 0x18E5, 0x18E5, 0x18E5, 0x18E5,
  0x18E5, 0x18E5, 0x18E5, 0x18E5, 0x18E5, 0x18E5, 0x18E5, 0x18E5, 0x18E5, 0x18E5, 0x18E5, 0x18E5,
  0x18E5, 0x18E5, 0x18E5, 0x18E5, 0x18E5, 0x18E5, 0x18E5, 0x18E5, 0x18E5, 0x18E5, 0x18E5, 0x18E5,
  0x18E5, 0x18E5, 0x18E5, 0x18E5, 0x18E5, 0x18E5, 0x18E5, 0x18E5, 0x18E5, 0x18E5, 0x18E5, 0x18E5,
  0x18E5, 0x18E5, 0x18E5, 0x18E5, 0x18E5, 0x18E5, 0x18E5, 0x18E5, 0x18E5, 0x18E5, 0x18E5, 0x18E5,
  0x18E5, 0x18E5, 0x18E5, 0x18E5, 0x18E5, 0x18E5, 0x18E5, 0x18E5, 0x18E5, 0x18E5, 0x18E5, 0x18E5,
  0x18E5, 0x18E5, 0x18E5, 0x18E5, 0x18E5, 0x18E5, 0x18E5, 0x18E5, 0x18E5, 0x18E5, 0x18E5, 0x18E5,
  0x18E5, 0x18E5, 0x18E5, 0x18E5, 0x18E5, 0x18E5, 0x18E5, 0x18E5, 0x18E5, 0x18E5, 0x528B, 0x528B,
  0x528B, 0x528B, 0x528B, 0x528B, 0x528B, 0x528B, 0x528B, 0x528B, 0x528B, 0x528B, 0x528B, 0x528B,
  0x528B, 0x528B, 0x528B, 0x528B, 0x528B, 0x528B, 0x528B, 0x528B, 0x528B, 0x528B, 0x528B, 0x528B,
  0x528B, 0x528B, 0x528B, 0x528B, 0x528B, 0x528B, 0x528B, 0x528B, 0x528B, 0x528B, 0x528B, 0x528B,
  0x528B, 0x528B, 0x528B, 0x528B, 0x528B, 0x528B, 0x528B, 0x528B, 0x528B, 0x528B, 0x528B, 0x528B,
  0x528B, 0x528B, 0x528B, 0x528B, 0x528B, 0x528B, 0x528B, 0x528B, 0x528B, 0x528B, 0x528B, 0x528B,
  0x528B, 0x528B, 0x528B, 0xF79E, 0xF79E, 0xF79E, 0xF79E, 0xF79E, 0xF79E, 0xF79E, 0xF79E, 0xF79E,
  0xF79E, 0xF79E, 0xF79E, 0xF79E, 0xF79E, 0xF79E, 0xF79E, 0xF79E, 0xF79E, 0xF79E, 0xF79E, 0xF79E,
  0xF79E, 0xF79E, 0xF79E, 0xF79E, 0xF79E, 0xF79E, 0xF79E, 0xF79E, 0xF79E, 0xF79E, 0xF79E, 0xF79E,
  0xD69A, 0xD69A, 0xD69A, 0xD69A, 0xD69A, 0xD69A, 0xD69A, 0xD69A, 0xD69A, 0xD69A, 0xD69A, 0xD69A,
  0xD69A, 0xD69A, 0xD69A, 0xD69A, 0xD69A, 0xD69A, 0xD69A, 0xD69A, 0xD69A, 0xD69A, 0xD69A, 0xD69A,
  0xD69A, 0xD69A, 0xD69A, 0xD69A, 0xD69A, 0xD69A, 0xD69A, 0xD69A, 0x422A, 0x422A, 0x422A, 0x422A,
  0x422A, 0x422A, 0x422A, 0x422A, 0x422A, 0x422A, 0x422A, 0x422A, 0x422A, 0x422A, 0x422A, 0x422A,
  0x422A, 0x422A, 0x422A, 0x422A, 0x422A, 0x422A, 0x422A, 0x422A, 0x422A, 0x422A, 0x422A, 0x422A,
  0x422A, 0x422A, 0x422A, 0x422A, 0x422A, 0x422A, 0x422A, 0x422A, 0x422A, 0x422A, 0x422A, 0x422A,
  0x422A, 0x422A, 0x422A, 0x422A, 0x422A, 0x422A, 0x422A, 0x422A, 0x422A, 0x422A, 0x422A, 0x422A,
  0x422A, 0x422A, 0x422A, 0x422A, 0x422A, 0x422A, 0x422A, 0x422A, 0x422A, 0x422A, 0x422A, 0x422A,
  0x422A, 0x422A, 0x422A, 0x422A, 0x422A, 0x18C4, 0x18C4, 0x18C4, 0x18C4, 0x18C4, 0x18C4, 0x18C4,
  0x18C4, 0x18C4, 0x18C4, 0x18C4, 0x18C4, 0x18C4, 0x18C4, 0x18C4, 0x18C4, 0x18C4, 0x18C4, 0x18C4,
  0x18C4, 0x18C4, 0x18C4, 0x18C4, 0x18C4, 0x18C4, 0x18C4, 0x18C4, 0x18C4, 0x18C4, 0x18C4, 0x18C4,
  0x18C4, 0x18C4, 0x18C4, 0x18C4, 0x18C4, 0x18C4, 0x18C4, 0x18C4, 0x18C4, 0x18C4, 0x18C4, 0x18C4,
  0x18C4, 0x18C4, 0x18C4, 0x18C4, 0x18C4, 0x18C4, 0x18C4, 0x18C4, 0x18C4, 0x18C4, 0x18C4, 0x18C4,
  0x18C4, 0x18C4, 0x18C4, 0x18C4, 0x18C4, 0x18C4, 0x18C4, 0x18C4, 0x18C4, 0x18C4, 0x18C4, 0x18C4,
  0x18C4, 0x18C4, 0x18C4, 0x18C4, 0x18C4, 0x18C4, 0x18C4, 0x18C4, 0x18C4, 0x18C4, 0x18C4, 0x18C4,
  0x18C4, 0x18C4, 0x18C4, 0x18C4, 0x18C4, 0x18C4, 0x18C4, 0x18C4, 0x18C4, 0x18C4, 0x18C4, 0x18C4,
  0x18C4, 0x18C4, 0x18C4, 0x18C4, 0x18C4, 0x18C4, 0x18C4, 0x18C4, 0x18C4, 0x18C4, 0x18C4, 0x18C4,
  0x18C4, 0x18C4, 0x18C4, 0x18C4, 0x18C4, 0x18C4, 0x18C4, 0x18C4, 0x18C4, 0x18C4, 0x18C4, 0x18C4,
  0x18C4, 0x18C4, 0x18C4, 0x422A, 0x422A, 0x422A, 0x422A, 0x422A, 0x422A, 0x422A, 0x422A, 0x422A,
  0x422A, 0x422A, 0x422A, 0x422A, 0x422A, 0x422A, 0x422A, 0x422A, 0x422A, 0x422A, 0x422A, 0x422A,
  0x422A, 0x422A, 0x422A, 0x422A, 0x422A, 0x422A, 0x422A, 0x422A, 0x422A, 0x422A, 0x422A, 0x422A,
  0x422A, 0x422A, 0x422A, 0x422A, 0x422A, 0x422A, 0x422A, 0x422A, 0x422A, 0x422A, 0x422A, 0x422A,
  0x422A, 0x422A, 0x422A, 0x422A, 0x422A, 0x422A, 0x422A, 0x422A, 0x422A, 0x422A, 0x422A, 0x422A,
  0x422A, 0x422A, 0x422A, 0x422A, 0x422A, 0x422A, 0x422A, 0x422A, 0x422A, 0x422A, 0x422A, 0x422A,
  0x422A, 0xD69A, 0xD69A, 0xD69A, 0xD69A, 0xD69A, 0xD69A, 0xD69A, 0xD69A, 0xD69A, 0xD69A, 0xD69A,
  0xD69A, 0xD69A, 0xD69A, 0xD69A, 0xD69A, 0xD69A, 0xD69A, 0xD69A, 0xD69A, 0xD69A, 0xD69A, 0xD69A,
  0xD69A, 0xD69A, 0xD69A, 0xD69A, 0xD69A, 0xD69A, 0xD69A, 0xD69A, 0xF79E, 0xF79E, 0xF79E, 0xF79E,
  0xF79E, 0xF79E, 0xF79E, 0xF79E, 0xF79E, 0xF79E, 0xF79E, 0xF79E, 0xF79E, 0xF79E, 0xF79E, 0xF79E,
  0xF79E, 0xF79E, 0xF79E, 0xF79E, 0xF79E, 0xF79E, 0xF79E, 0xF79E, 0xF79E, 0xF79E, 0xF79E, 0xF79E,
  0xF79E, 0xF79E, 0xF79E, 0x528B, 0x528B, 0x528B, 0x528B, 0x528B, 0x528B, 0x528B, 0x528B, 0x528B,
  0x528B, 0x528B, 0x528B, 0x528B, 0x528B, 0x528B, 0x528B, 0x528B, 0x528B, 0x528B, 0x528B, 0x528B,
  0x528B, 0x528B, 0x528B, 0x528B, 0x528B, 0x528B, 0x528B, 0x528B, 0x528B, 0x528B, 0x528B, 0x528B,
  0x528B, 0x528B, 0x528B, 0x528B, 0x528B, 0x528B, 0x528B, 0x528B, 0x528B, 0x528B, 0x528B, 0x528B,
  0x528B, 0x528B, 0x528B, 0x528B, 0x528B, 0x528B, 0x528B, 0x528B, 0x528B, 0x528B, 0x528B, 0x528B,
  0x528B, 0x528B, 0x528B, 0x528B, 0x528B, 0x528B, 0x528B, 0x528B, 0x528B, 0x528B, 0x528B, 0x528B,
  0x41E9, 0x41E9, 0x41E9, 0x41E9, 0x41E9, 0x41E9, 0x18E5, 0x18E5, 0x18E5, 0x18E5, 0x18E5, 0x18E5,
  0x18E5, 0x18E5, 0x18E5, 0x18E5, 0x18E5, 0x18E5, 0x18E5, 0x18E5, 0x18E5, 0x18E5, 0x18E5, 0x18E5,
  0x18E5, 0x18E5, 0x18E5, 0x18E5, 0x18E5, 0x18E5, 0x18E5, 0x18E5, 0x18E5, 0x18E5, 0x18E5, 0x18E5,
  0x18E5, 0x18E5, 0x18E5, 0x18E5, 0x18E5, 0x18E5, 0x18E5, 0x18E5, 0x18E5, 0x18E5, 0x18E5, 0x18E5,
  0x18E5, 0x18E5, 0x18E5, 0x18E5, 0x18E5, 0x18E5, 0x18E5, 0x18E5, 0x18E5, 0x18E5, 0x18E5, 0x18E5,
  0x18E5, 0x18E5, 0x18E5, 0x18E5, 0x18E5, 0x18E5, 0x18E5, 0x18E5, 0x18E5, 0x18E5, 0x18E5, 0x18E5,
  0x18E5, 0x18E5, 0x18E5, 0x18E5, 0x18E5, 0x18E5, 0x18E5, 0x18E5, 0x18E5, 0x18E5, 0x18E5, 0x18E5,
  0x18E5, 0x18E5, 0x18E5, 0x18E5, 0x18E5, 0x18E5, 0x18E5, 0x18E5, 0x18E5, 0x18E5, 0x18E5, 0x18E5,
  0x18E5, 0x18E5, 0x18E5, 0x18E5, 0x18E5, 0x18E5, 0x18E5, 0x18E5, 0x18E5, 0x18E5, 0x18E5, 0x18E5,
  0x18E5, 0x18E5, 0x18E5, 0x18E5, 0x18E5, 0x18E5, 0x528B, 0x528B, 0x528B, 0x528B, 0x528B, 0x528B,
  0x528B, 0x528B, 0x528B, 0x528B, 0x528B, 0x528B, 0x528B, 0x528B, 0x528B, 0x528B, 0x528B, 0x528B,
  0x528B, 0x528B, 0x528B, 0x528B, 0x528B, 0x528B, 0x528B, 0x528B, 0x528B, 0x528B, 0x528B, 0x528B,
  0x528B, 0x528B, 0x528B, 0x528B, 0x528B, 0x528B, 0x528B, 0x528B, 0x528B, 0x528B, 0x528B, 0x528B,
  0x528B, 0x528B, 0x528B, 0x528B, 0x528B, 0x528B, 0x528B, 0x528B, 0x528B, 0x528B, 0x528B, 0x528B,
  0x528B, 0x528B, 0x528B, 0x528B, 0x528B, 0x528B, 0x528B, 0x528B, 0x528B, 0x528B, 0x528B, 0x528B,
  0x528B, 0x528B, 0x528B, 0x528B, 0x528B, 0x528B, 0x528B, 0x528B, 0x528B, 0x528B, 0xF79E, 0xF79E,
  0xF79E, 0xF79E, 0xF79E, 0xF79E, 0xF79E, 0xF79E, 0xF79E, 0xF79E, 0xF79E, 0xF79E, 0xF79E, 0xF79E,
  0xF79E, 0xF79E, 0xF79E, 0xF79E, 0xF79E, 0xF79E, 0xF79E, 0xF79E, 0xF79E, 0xF79E, 0xF79E, 0xF79E,
  0xF79E, 0xF79E, 0xF79E, 0xF79E, 0xD69A, 0xD69A, 0xD69A, 0xD69A, 0xD69A, 0xD69A, 0xD69A, 0xD69A,
  0xD69A, 0xD69A, 0xD69A, 0xD69A, 0xD69A, 0xD69A, 0xD69A, 0xD69A, 0xD69A, 0xD69A, 0xD69A, 0xD69A,
  0xD69A, 0xD69A, 0xD69A, 0xD69A, 0xD69A, 0xD69A, 0xD69A, 0xD69A, 0xD69A, 0xD69A, 0x422A, 0x422A,
  0x422A, 0x422A, 0x422A, 0x422A, 0x422A, 0x422A, 0x422A, 0x422A, 0x422A, 0x422A, 0x422A, 0x422A,
  0x422A, 0x422A, 0x422A, 0x422A, 0x422A, 0x422A, 0x422A, 0x422A, 0x422A, 0x422A, 0x422A, 0x422A,
  0x422A, 0x422A, 0x422A, 0x422A, 0x422A, 0x422A, 0x422A, 0x422A, 0x422A, 0x422A, 0x422A, 0x422A,
  0x422A, 0x422A, 0x422A, 0x422A, 0x422A, 0x0843, 0x0843, 0x0843, 0x0843, 0x0843, 0x0843, 0x0843,
  0x0843, 0x0843, 0x0843, 0x0843, 0x0843, 0x0843, 0x0843, 0x0843, 0x0843, 0x0843, 0x0843, 0x0843,
  0x0843, 0x0843, 0x0843, 0x0843, 0x0843, 0x0843, 0x0843, 0x0843, 0x0843, 0x0843, 0x0843, 0x0843,
  0x0843, 0x31A8, 0x0843, 0x0843, 0x0843, 0x0843, 0x0843, 0x0843, 0x0843, 0x0843, 0x18C4, 0x18C4,
  0x18C4, 0x18C4, 0x18C4, 0x18C4, 0x18C4, 0x0843, 0x0843, 0x0843, 0x0843, 0x0843, 0x18C4, 0x0843,
  0x0843, 0x0843, 0x0843, 0x0843, 0x0843, 0x0843, 0x0843, 0x18C4, 0x0843, 0x0843, 0x0843, 0x0843,
  0x0843, 0x0843, 0x0843, 0x0843, 0x0843, 0x0843, 0x0843, 0x18C4, 0x18C4, 0x18C4, 0x0843, 0x0843,
  0x0843, 0x0843, 0x0843, 0x0843, 0x0843, 0x0843, 0x0843, 0x0843, 0x0843, 0x0843, 0x18C4, 0x18C4,
  0x18C4, 0x18C4, 0x18C4, 0x18C4, 0x18C4, 0x0843, 0x0843, 0x0843, 0x0843, 0x0843, 0x18C4, 0x0843,
  0x0843, 0x0843, 0x0843, 0x0843, 0x18C4, 0x0843, 0x0843, 0x0843, 0x0843, 0x0843, 0x18C4, 0x18C4,
  0x0843, 0x0843, 0x0843, 0x0843, 0x18C4, 0x18C4, 0x18C4, 0x18C4, 0x18C4, 0x18C4, 0x18C4, 0x18C4,
  0x18C4, 0x18C4, 0x18C4, 0x18C4, 0x18C4, 0x18C4, 0x18C4, 0x18C4, 0x422A, 0x422A, 0x0843, 0x0843,
  0x0843, 0x0843, 0x0843, 0x0843, 0x0843, 0x0843, 0x0843, 0x0843, 0x0843, 0x0843, 0x0843, 0x0843,
  0x0843, 0x0843, 0x0843, 0x0843, 0x0843, 0x0843, 0x0843, 0x0843, 0x0843, 0x0843, 0x422A, 0x422A,
  0x422A, 0x422A, 0x422A, 0x422A, 0x422A, 0x422A, 0x0843, 0x0843, 0x0843, 0x422A, 0x422A, 0x422A,
  0x422A, 0x422A, 0x422A, 0x422A, 0x422A, 0x422A, 0x422A, 0x422A, 0x422A, 0x422A, 0x422A, 0x422A,
  0x422A, 0x422A, 0x422A, 0x422A, 0x422A, 0x422A, 0x422A, 0x422A, 0x422A, 0x422A, 0x422A, 0x422A,
  0x422A, 0x422A, 0x422A, 0x422A, 0x422A, 0x422A, 0x422A, 0x422A, 0x422A, 0x422A, 0x422A, 0x422A,
  0x422A, 0x422A, 0x422A, 0x422A, 0x422A, 0x422A, 0x422A, 0xD69A, 0xD69A, 0xD69A, 0xD69A, 0xD69A,
  0xD69A, 0xD69A, 0xD69A, 0xD69A, 0xD69A, 0xD69A, 0xD69A, 0xD69A, 0xD69A, 0xD69A, 0xD69A, 0xD69A,
  0xD69A, 0xD69A, 0xD69A, 0xD69A, 0xD69A, 0xD69A, 0xD69A, 0xD69A, 0xD69A, 0xD69A, 0xD69A, 0xD69A,
  0xF79E, 0xF79E, 0xF79E, 0xF79E, 0xF79E, 0xF79E, 0xF79E, 0xF79E, 0xF79E, 0xF79E, 0xF79E, 0xF79E,
  0xF79E, 0xF79E, 0xF79E, 0xF79E, 0xF79E, 0xF79E, 0xF79E, 0xF79E, 0xF79E, 0xF79E, 0xF79E, 0xF79E,
  0xF79E, 0xF79E, 0xF79E, 0xF79E, 0xF79E, 0x528B, 0x528B, 0x528B, 0x528B, 0x528B, 0x528B, 0x528B,
  0x528B, 0x528B, 0x528B, 0x528B, 0x528B, 0x528B, 0x528B, 0x528B, 0x528B, 0x528B, 0x528B, 0x528B,
  0x528B, 0x528B, 0x528B, 0x528B, 0x528B, 0x528B, 0x528B, 0x528B, 0x528B, 0x528B, 0x528B, 0x528B,
  0x528B, 0x528B, 0x528B, 0x528B, 0x528B, 0x528B, 0x528B, 0x528B, 0x528B, 0x528B, 0x528B, 0x528B,
  0x0843, 0x0843, 0xF7BE, 0xF7BE, 0xF7BE, 0xF7BE, 0x0843, 0xF7BE, 0xF7BE, 0xF7BE, 0xF7BE, 0xF7BE,
  0x0843, 0xF7BE, 0xF7BE, 0xF7BE, 0xF7BE, 0xF7BE, 0x0843, 0xF7BE, 0xF7BE, 0xF7BE, 0xF7BE, 0xF7BE,
  0x0843, 0x0843, 0xF7BE, 0xF7BE, 0xF7BE, 0x0843, 0x0843, 0xF7BE, 0x0843, 0x0843, 0x0843, 0xF7BE,
  0x0843, 0x0843, 0xF7BE, 0xF7BE, 0xF7BE, 0x0843, 0x0843, 0x41E9, 0x41E9, 0x41E9, 0x41E9, 0x41E9,
  0x0843, 0x0843, 0xF7BE, 0xF7BE, 0xF7BE, 0x0843, 0x0843, 0x0843, 0xF7BE, 0xF7BE, 0xF7BE, 0x0843,
  0x0843, 0xF7BE, 0x0843, 0x0843, 0x0843, 0xF7BE, 0x0843, 0xF7BE, 0xF7BE, 0xF7BE, 0xF7BE, 0x0843,
  0x0843, 0xF7BE, 0x0843, 0x0843, 0x18E5, 0x18E5, 0x0843, 0xF7BE, 0xF7BE, 0xF7BE, 0xF7BE, 0xF7BE,
  0x0843, 0x0843, 0xF7BE, 0xF7BE, 0xF7BE, 0x0843, 0x0843, 0x18E5, 0x18E5, 0x18E5, 0x18E5, 0x18E5,
  0x0843, 0x0843, 0xF7BE, 0xF7BE, 0xF7BE, 0x0843, 0x0843, 0x0843, 0xF7BE, 0xF7BE, 0xF7BE, 0x0843,
  0x0843, 0x0843, 0xF7BE, 0xF7BE, 0xF7BE, 0x0843, 0x0843, 0x0843, 0x0843, 0xF7BE, 0xF7BE, 0x0843,
  0x0843, 0x18E5, 0x18E5, 0x18E5, 0x18E5, 0x18E5, 0x528B, 0x528B, 0x528B, 0x528B, 0x528B, 0x528B,
  0x528B, 0x528B, 0x528B, 0x528B, 0x528B, 0x528B, 0x0843, 0xF7BE, 0xF7BE, 0xF7BE, 0xF7BE, 0x0843,
  0x0843, 0xF7BE, 0xF7BE, 0xF7BE, 0xF7BE, 0xF7BE, 0x0843, 0xF7BE, 0xF7BE, 0xF7BE, 0xF7BE, 0xF7BE,
  0x0843, 0x0843, 0xF7BE, 0xF7BE, 0xF7BE, 0x0843, 0x0843, 0x528B, 0x528B, 0x528B, 0x528B, 0x528B,
  0x528B, 0x0843, 0x0843, 0xF7BE, 0x0843, 0x0843, 0x528B, 0x528B, 0x528B, 0x528B, 0x528B, 0x528B,
  0x528B, 0x528B, 0x528B, 0x528B, 0x528B, 0x528B, 0x528B, 0x528B, 0x528B, 0x528B, 0x528B, 0x528B,
  0x528B, 0x528B, 0x528B, 0x528B, 0x528B, 0x528B, 0x528B, 0x528B, 0x528B, 0x528B, 0x528B, 0x528B,
  0x528B, 0x528B, 0x528B, 0x528B, 0x528B, 0x528B, 0x528B, 0x528B, 0x528B, 0x528B, 0x528B, 0x528B,
  0x528B, 0x528B, 0x528B, 0x528B, 0xF79E, 0xF79E, 0xF79E, 0xF79E, 0xF79E, 0xF79E, 0xF79E, 0xF79E,
  0xF79E, 0xF79E, 0xF79E, 0xF79E, 0xF79E, 0xF79E, 0xF79E, 0xF79E, 0xF79E, 0xF79E, 0xF79E, 0xF79E,
  0xF79E, 0xF79E, 0xF79E, 0xF79E, 0xF79E, 0xF79E, 0xF79E, 0xF79E, 0xD69A, 0xD69A, 0xD69A, 0xD69A,
  0xD69A, 0xD69A, 0xD69A, 0xD69A, 0xD69A, 0xD69A, 0xD69A, 0xD69A, 0xD69A, 0xD69A, 0xD69A, 0xD69A,
  0xD69A, 0xD69A, 0xD69A, 0xD69A, 0xD69A, 0xD69A, 0xD69A, 0xD69A, 0xD69A, 0xD69A, 0xD69A, 0xD69A,
  0x422A, 0x422A, 0x422A, 0x422A, 0x422A, 0x422A, 0x422A, 0x422A, 0x422A, 0x422A, 0x422A, 0x422A,
  0x422A, 0x422A, 0x422A, 0x422A, 0x422A, 0x422A, 0x422A, 0x422A, 0x422A, 0x422A, 0x422A, 0x422A,
  0x422A, 0x422A, 0x422A, 0x422A, 0x422A, 0x422A, 0x422A, 0x422A, 0x422A, 0x422A, 0x422A, 0x422A,
  0x422A, 0x422A, 0x422A, 0x422A, 0x422A, 0x422A, 0x422A, 0x422A, 0x0843, 0xD69A, 0x0843, 0x0843,
  0x0843, 0x0843, 0x0843, 0x0843, 0x0843, 0xD69A, 0x0843, 0x0843, 0x0843, 0xD69A, 0x0843, 0x0843,
  0x0843, 0x0843, 0x0843, 0xD69A, 0x0843, 0x0843, 0x0843, 0x0843, 0x0843, 0xD69A, 0x0843, 0x0843,
  0x0843, 0xD69A, 0x0843, 0xD69A, 0xD69A, 0x0843, 0x0843, 0xD69A, 0x0843, 0xD69A, 0x0843, 0x0843,
  0x0843, 0xD69A, 0x0843, 0x0843, 0x31A8, 0x31A8, 0x31A8, 0x31A8, 0x0843, 0xD69A, 0x0843, 0x0843,
  0x0843, 0xD69A, 0x0843, 0x0843, 0x0843, 0xD69A, 0x0843, 0x0843, 0x0843, 0xD69A, 0x0843, 0x0843,
  0x0843, 0xD69A, 0x0843, 0xD69A, 0x0843, 0x0843, 0x0843, 0xD69A, 0x0843, 0xD69A, 0x0843, 0x0843,
  0x18C4, 0x18C4, 0x0843, 0xD69A, 0x0843, 0x0843, 0x0843, 0x0843, 0x0843, 0xD69A, 0x0843, 0x0843,
  0x0843, 0xD69A, 0x0843, 0x0843, 0x18C4, 0x18C4, 0x18C4, 0x18C4, 0x0843, 0xD69A, 0x0843, 0x0843,
  0x0843, 0xD69A, 0x0843, 0xD69A, 0x0843, 0x0843, 0x0843, 0xD69A, 0x0843, 0xD69A, 0x0843, 0x0843,
  0x0843, 0xD69A, 0x0843, 0x0843, 0xD69A, 0x0843, 0x0843, 0x0843, 0x0843, 0x422A, 0x422A, 0x422A,
  0x422A, 0x422A, 0x422A, 0x422A, 0x422A, 0x422A, 0x422A, 0x422A, 0x422A, 0x422A, 0x422A, 0x422A,
  0x422A, 0x422A, 0x0843, 0xD69A, 0x0843, 0x0843, 0x0843, 0xD69A, 0x0843, 0xD69A, 0x0843, 0x0843,
  0x0843, 0x0843, 0x0843, 0x0843, 0x0843, 0xD69A, 0x0843, 0x0843, 0x0843, 0xD69A, 0x0843, 0x0843,
  0x0843, 0xD69A, 0x0843, 0x0843, 0x422A, 0x422A, 0x422A, 0x422A, 0x422A, 0x0843, 0xD69A, 0xD69A,
  0x0843, 0x0843, 0x422A, 0x422A, 0x422A, 0x422A, 0x422A, 0x422A, 0x422A, 0x422A, 0x422A, 0x422A,
  0x422A, 0x422A, 0x422A, 0x422A, 0x422A, 0x422A, 0x422A, 0x422A, 0x422A, 0x422A, 0x422A, 0x422A,
  0x422A, 0x422A, 0x422A, 0x422A, 0x422A, 0x422A, 0x422A, 0x422A, 0x422A, 0x422A, 0x422A, 0x422A,
  0x422A, 0x422A, 0x422A, 0x422A, 0x422A, 0x422A, 0x422A, 0x422A, 0x422A, 0x422A, 0x422A, 0x422A,
  0x422A, 0xD69A, 0xD69A, 0xD69A, 0xD69A, 0xD69A, 0xD69A, 0xD69A, 0xD69A, 0xD69A, 0xD69A, 0xD69A,
  0xD69A, 0xD69A, 0xD69A, 0xD69A, 0xD69A, 0xD69A, 0xD69A, 0xD69A, 0xD69A, 0xD69A, 0xD69A, 0xD69A,
  0xD69A, 0xD69A, 0xD69A, 0xD69A, 0xF79E, 0xF79E, 0xF79E, 0xF79E, 0xF79E, 0xF79E, 0xF79E, 0xF79E,
  0xF79E, 0xF79E, 0xF79E, 0xF79E, 0xF79E, 0xF79E, 0xF79E, 0xF79E, 0xF79E, 0xF79E, 0xF79E, 0xF79E,
  0xF79E, 0xF79E, 0xF79E, 0xF79E, 0xF79E, 0xF79E, 0x528B, 0x528B, 0x528B, 0x528B, 0x528B, 0x528B,
  0x528B, 0x528B, 0x528B, 0x528B, 0x528B, 0x528B, 0x528B, 0x528B, 0x528B, 0x528B, 0x528B, 0x528B,
  0x528B, 0x528B, 0x528B, 0x528B, 0x528B, 0x528B, 0x528B, 0x528B, 0x528B, 0x528B, 0x528B, 0x528B,
  0x528B, 0x528B, 0x528B, 0x528B, 0x528B, 0x528B, 0x528B, 0x528B, 0x528B, 0x528B, 0x528B, 0x528B,
  0x528B, 0x528B, 0x528B, 0x528B, 0x0843, 0xF7BE, 0x0843, 0x0843, 0x0843, 0x0843, 0x0843, 0x0843,
  0x0843, 0xF7BE, 0x0843, 0x0843, 0x0843, 0xF7BE, 0x0843, 0x0843, 0x0843, 0x0843, 0x0843, 0xF7BE,
  0x0843, 0x0843, 0x0843, 0x0843, 0x0843, 0xF7BE, 0x0843, 0x0843, 0x0843, 0xF7BE, 0x0843, 0xF7BE,
  0x0843, 0xF7BE, 0x0843, 0xF7BE, 0x0843, 0xF7BE, 0x0843, 0x0843, 0x0843, 0xF7BE, 0x0843, 0x0843,
  0x41E9, 0x41E9, 0x41E9, 0x41E9, 0x0843, 0xF7BE, 0x0843, 0x0843, 0x0843, 0x0843, 0x0843, 0x0843,
  0x0843, 0xF7BE, 0x0843, 0x0843, 0x0843, 0xF7BE, 0x0843, 0x0843, 0x0843, 0xF7BE, 0x0843, 0xF7BE,
  0x0843, 0x0843, 0x0843, 0xF7BE, 0x0843, 0xF7BE, 0x0843, 0x0843, 0x41E9, 0x41E9, 0x0843, 0xF7BE,
  0x0843, 0x0843, 0x0843, 0x0843, 0x0843, 0xF7BE, 0x0843, 0x0843, 0x0843, 0xF7BE, 0x0843, 0x0843,
  0x41E9, 0x41E9, 0x41E9, 0x41E9, 0x0843, 0x0843, 0x0843, 0x0843, 0x0843, 0xF7BE, 0x0843, 0xF7BE,
  0x0843, 0x0843, 0xF7BE, 0xF7BE, 0x0843, 0x0843, 0x0843, 0x0843, 0x0843, 0xF7BE, 0x0843, 0xF7BE,
  0x0843, 0x0843, 0x0843, 0x0843, 0x0843, 0x528B, 0x528B, 0x528B, 0x528B, 0x528B, 0x0843, 0x0843,
  0x0843, 0x0843, 0x0843, 0x0843, 0x0843, 0x528B, 0x528B, 0x528B, 0x528B, 0x528B, 0x0843, 0xF7BE,
  0x0843, 0x0843, 0x0843, 0xF7BE, 0x0843, 0xF7BE, 0x0843, 0x0843, 0x0843, 0x0843, 0x0843, 0x0843,
  0x0843, 0xF7BE, 0x0843, 0x0843, 0x0843, 0xF7BE, 0x0843, 0x0843, 0x0843, 0xF7BE, 0x0843, 0x0843,
  0x528B, 0x528B, 0x528B, 0x528B, 0x528B, 0x0843, 0x0843, 0xF7BE, 0x0843, 0x0843, 0x528B, 0x528B,
  0x528B, 0x528B, 0x528B, 0x528B, 0x528B, 0x528B, 0x528B, 0x528B, 0x528B, 0x528B, 0x528B, 0x528B,
  0x528B, 0x528B, 0x528B, 0x528B, 0x528B, 0x528B, 0x528B, 0x528B, 0x528B, 0x528B, 0x528B, 0x528B,
  0x528B, 0x528B, 0x528B, 0x528B, 0x528B, 0x528B, 0x528B, 0x528B, 0x528B, 0x528B, 0x528B, 0x528B,
  0x528B, 0x528B, 0x528B, 0x528B, 0x528B, 0x528B, 0x528B, 0x528B, 0x528B, 0x528B, 0x528B, 0xF79E,
  0xF79E, 0xF79E, 0xF79E, 0xF79E, 0xF79E, 0xF79E, 0xF79E, 0xF79E, 0xF79E, 0xF79E, 0xF79E, 0xF79E,
  0xF79E, 0xF79E, 0xF79E, 0xF79E, 0xF79E, 0xF79E, 0xF79E, 0xF79E, 0xF79E, 0xF79E, 0xF79E, 0xF79E,
  0xD69A, 0xD69A, 0xD69A, 0xD69A, 0xD69A, 0xD69A, 0xD69A, 0xD69A, 0xD69A, 0xD69A, 0xD69A, 0xD69A,
  0xD69A, 0xD69A, 0xD69A, 0xD69A, 0xD69A, 0xD69A, 0xD69A, 0xD69A, 0xD69A, 0xD69A, 0xD69A, 0xD69A,
  0xD69A, 0x422A, 0x422A, 0x422A, 0x422A, 0x422A, 0x422A, 0x422A, 0x422A, 0x422A, 0x422A, 0x422A,
  0x422A, 0x422A, 0x422A, 0x422A, 0x422A, 0x422A, 0x422A, 0x422A, 0x422A, 0x422A, 0x422A, 0x422A,
  0x422A, 0x422A, 0x422A, 0x422A, 0x422A, 0x422A, 0x422A, 0x422A, 0x422A, 0x422A, 0x422A, 0x422A,
  0x422A, 0x422A, 0x422A, 0x422A, 0x422A, 0x422A, 0x422A, 0x422A, 0x422A, 0x422A, 0x422A, 0x422A,
  0x0843, 0x0843, 0xD69A, 0xD69A, 0xD69A, 0x0843, 0x0843, 0x422A, 0x0843, 0xD69A, 0x0843, 0x0843,
  0x0843, 0xD69A, 0xD69A, 0xD69A, 0xD69A, 0x0843, 0x0843, 0xD69A, 0xD69A, 0xD69A, 0xD69A, 0x0843,
  0x0843, 0xD69A, 0xD69A, 0xD69A, 0xD69A, 0xD69A, 0x0843, 0xD69A, 0x0843, 0x0843, 0xD69A, 0xD69A,
  0x0843, 0xD69A, 0x0843, 0x0843, 0x0843, 0xD69A, 0x0843, 0x0843, 0x31A8, 0x31A8, 0x31A8, 0x31A8,
  0x0843, 0xD69A, 0x0843, 0x0843, 0x31A8, 0x0843, 0x0843, 0x0843, 0x0843, 0xD69A, 0x0843, 0x0843,
  0x0843, 0xD69A, 0x0843, 0x0843, 0x0843, 0xD69A, 0x0843, 0xD69A, 0xD69A, 0xD69A, 0xD69A, 0x0843,
  0x0843, 0xD69A, 0x0843, 0x0843, 0x31A8, 0x31A8, 0x0843, 0xD69A, 0xD69A, 0xD69A, 0xD69A, 0x0843,
  0x0843, 0xD69A, 0x0843, 0x0843, 0x0843, 0xD69A, 0x0843, 0x0843, 0x31A8, 0x31A8, 0x31A8, 0x31A8,
  0x31A8, 0x0843, 0x0843, 0x0843, 0xD69A, 0x0843, 0x0843, 0xD69A, 0x0843, 0xD69A, 0x0843, 0xD69A,
  0x0843, 0x0843, 0x0843, 0x0843, 0xD69A, 0x0843, 0x0843, 0xD69A, 0xD69A, 0xD69A, 0xD69A, 0x0843,
  0x0843, 0x422A, 0x422A, 0x422A, 0x422A, 0x422A, 0x0843, 0xD69A, 0xD69A, 0xD69A, 0xD69A, 0xD69A,
  0x0843, 0x0843, 0x422A, 0x422A, 0x422A, 0x422A, 0x0843, 0xD69A, 0xD69A, 0xD69A, 0xD69A, 0x0843,
  0x0843, 0xD69A, 0xD69A, 0xD69A, 0xD69A, 0x0843, 0x0843, 0x422A, 0x0843, 0xD69A, 0x0843, 0x0843,
  0x0843, 0xD69A, 0xD69A, 0xD69A, 0xD69A, 0xD69A, 0x0843, 0x0843, 0x422A, 0x422A, 0x422A, 0x422A,
  0x422A, 0x422A, 0x0843, 0xD69A, 0x0843, 0x0843, 0x422A, 0x422A, 0x422A, 0x422A, 0x422A, 0x422A,
  0x422A, 0x422A, 0x422A, 0x422A, 0x422A, 0x422A, 0x422A, 0x422A, 0x422A, 0x422A, 0x422A, 0x422A,
  0x422A, 0x422A, 0x422A, 0x422A, 0x422A, 0x422A, 0x422A, 0x422A, 0x422A, 0x422A, 0x422A, 0x422A,
  0x422A, 0x422A, 0x422A, 0x422A, 0x422A, 0x422A, 0x422A, 0x422A, 0x422A, 0x422A, 0x422A, 0x422A,
  0x422A, 0x422A, 0x422A, 0x422A, 0x422A, 0x422A, 0x422A, 0x422A, 0xD69A, 0xD69A, 0xD69A, 0xD69A,
  0xD69A, 0xD69A, 0xD69A, 0xD69A, 0xD69A, 0xD69A, 0xD69A, 0xD69A, 0xD69A, 0xD69A, 0xD69A, 0xD69A,
  0xD69A, 0xD69A, 0xD69A, 0xD69A, 0xD69A, 0xD69A, 0xD69A, 0xD69A, 0xF79E, 0xF79E, 0xF79E, 0xF79E,
  0xF79E, 0xF79E, 0xF79E, 0xF79E, 0xF79E, 0xF79E, 0xF79E, 0xF79E, 0xF79E, 0xF79E, 0xF79E, 0xF79E,
  0xF79E, 0xF79E, 0xF79E, 0xF79E, 0xF79E, 0xF79E, 0xF79E, 0xF79E, 0x528B, 0x528B, 0x528B, 0x528B,
  0x528B, 0x528B, 0x528B, 0x528B, 0x528B, 0x528B, 0x528B, 0x528B, 0x528B, 0x528B, 0x528B, 0x528B,
  0x528B, 0x528B, 0x528B, 0x528B, 0x528B, 0x528B, 0x528B, 0x528B, 0x528B, 0x528B, 0x528B, 0x528B,
  0x528B, 0x528B, 0x528B, 0x528B, 0x528B, 0x528B, 0x528B, 0x528B, 0x528B, 0x528B, 0x528B, 0x528B,
  0x528B, 0x528B, 0x528B, 0x528B, 0x528B, 0x528B, 0x528B, 0x528B, 0x528B, 0x0843, 0x0843, 0x0843,
  0x0843, 0xF7BE, 0x0843, 0x0843, 0x0843, 0xF7BE, 0x0843, 0x0843, 0x0843, 0xF7BE, 0x0843, 0x0843,
  0x0843, 0x0843, 0x0843, 0xF7BE, 0x0843, 0x0843, 0x0843, 0x0843, 0x0843, 0xF7BE, 0x0843, 0x0843,
  0x0843, 0xF7BE, 0x0843, 0xF7BE, 0x0843, 0x0843, 0x0843, 0xF7BE, 0x0843, 0xF7BE, 0x0843, 0x0843,
  0x0843, 0xF7BE, 0x0843, 0x0843, 0x41E9, 0x41E9, 0x41E9, 0x41E9, 0x0843, 0xF7BE, 0x0843, 0x0843,
  0x0843, 0x0843, 0x0843, 0x41E9, 0x0843, 0xF7BE, 0x0843, 0x0843, 0x0843, 0xF7BE, 0x0843, 0x0843,
  0x0843, 0xF7BE, 0x0843, 0xF7BE, 0x0843, 0xF7BE, 0x0843, 0x0843, 0x0843, 0xF7BE, 0x0843, 0x0843,
  0x41E9, 0x41E9, 0x0843, 0xF7BE, 0x0843, 0x0843, 0x0843, 0x0843, 0x0843, 0xF7BE, 0x0843, 0x0843,
  0x0843, 0xF7BE, 0x0843, 0x0843, 0x41E9, 0x41E9, 0x41E9, 0x41E9, 0x41E9, 0x0843, 0x0843, 0xF7BE,
  0x0843, 0x0843, 0x0843, 0xF7BE, 0xF7BE, 0x0843, 0x0843, 0xF7BE, 0x0843, 0x0843, 0x0843, 0xF7BE,
  0x0843, 0x0843, 0x0843, 0xF7BE, 0x0843, 0x0843, 0x0843, 0xF7BE, 0x0843, 0x0843, 0x528B, 0x528B,
  0x528B, 0x528B, 0x0843, 0x0843, 0x0843, 0x0843, 0x0843, 0x0843, 0x0843, 0x0843, 0x528B, 0x528B,
  0x528B, 0x528B, 0x0843, 0xF7BE, 0x0843, 0x0843, 0x0843, 0xF7BE, 0x0843, 0xF7BE, 0x0843, 0x0843,
  0x0843, 0x0843, 0x0843, 0x528B, 0x0843, 0xF7BE, 0x0843, 0x0843, 0x0843, 0xF7BE, 0x0843, 0x0843,
  0x0843, 0xF7BE, 0x0843, 0x0843, 0x528B, 0x528B, 0x528B, 0x528B, 0x528B, 0x528B, 0x0843, 0xF7BE,
  0x0843, 0x0843, 0x528B, 0x528B, 0x528B, 0x528B, 0x528B, 0x528B, 0x528B, 0x528B, 0x528B, 0x528B,
  0x528B, 0x528B, 0x528B, 0x528B, 0x528B, 0x528B, 0x528B, 0x528B, 0x528B, 0x528B, 0x528B, 0x528B,
  0x528B, 0x528B, 0x528B, 0x528B, 0x528B, 0x528B, 0x528B, 0x528B, 0x528B, 0x528B, 0x528B, 0x528B,
  0x528B, 0x528B, 0x528B, 0x528B, 0x528B, 0x528B, 0x528B, 0x528B, 0x528B, 0x528B, 0x528B, 0x528B,
  0x528B, 0x528B, 0x528B, 0x528B, 0x528B, 0xF79E, 0xF79E, 0xF79E, 0xF79E, 0xF79E, 0xF79E, 0xF79E,
  0xF79E, 0xF79E, 0xF79E, 0xF79E, 0xF79E, 0xF79E, 0xF79E, 0xF79E, 0xF79E, 0xF79E, 0xF79E, 0xF79E,
  0xF79E, 0xF79E, 0xF79E, 0xF79E, 0xD69A, 0xD69A, 0xD69A, 0xD69A, 0xD69A, 0xD69A, 0xD69A, 0xD69A,
  0xD69A, 0xD69A, 0xD69A, 0xD69A, 0xD69A, 0xD69A, 0xD69A, 0xD69A, 0xD69A, 0xD69A, 0xD69A, 0xD69A,
  0xD69A, 0xD69A, 0xD69A, 0x422A, 0x422A, 0x422A, 0x422A, 0x422A, 0x422A, 0x422A, 0x422A, 0x422A,
  0x422A, 0x422A, 0x422A, 0x422A, 0x422A, 0x422A, 0x422A, 0x422A, 0x422A, 0x422A, 0x422A, 0x422A,
  0x422A, 0x422A, 0x422A, 0x422A, 0x422A, 0x422A, 0x422A, 0x422A, 0x422A, 0x422A, 0x422A, 0x422A,
  0x422A, 0x422A, 0x422A, 0x422A, 0x422A, 0x422A, 0x422A, 0x422A, 0x422A, 0x422A, 0x422A, 0x422A,
  0x422A, 0x422A, 0x422A, 0x422A, 0x0843, 0x0843, 0x0843, 0x0843, 0x0843, 0xD69A, 0x0843, 0x0843,
  0x0843, 0xD69A, 0x0843, 0x0843, 0x0843, 0xD69A, 0x0843, 0x0843, 0x0843, 0x0843, 0x0843, 0xD69A,
  0x0843, 0x0843, 0x0843, 0x0843, 0x0843, 0xD69A, 0x0843, 0x0843, 0x0843, 0xD69A, 0x0843, 0xD69A,
  0x0843, 0x0843, 0x0843, 0xD69A, 0x0843, 0xD69A, 0x0843, 0x0843, 0x0843, 0xD69A, 0x0843, 0x0843,
  0x31A8, 0x31A8, 0x31A8, 0x31A8, 0x0843, 0xD69A, 0x0843, 0x0843, 0x0843, 0xD69A, 0x0843, 0x0843,
  0x0843, 0xD69A, 0x0843, 0x0843, 0x0843, 0xD69A, 0x0843, 0x0843, 0x0843, 0xD69A, 0x0843, 0xD69A,
  0x0843, 0x0843, 0xD69A, 0x0843, 0x0843, 0xD69A, 0x0843, 0x0843, 0x0843, 0x0843, 0x0843, 0xD69A,
  0x0843, 0x0843, 0x0843, 0x0843, 0x0843, 0xD69A, 0x0843, 0x0843, 0x0843, 0xD69A, 0x0843, 0x0843,
  0x31A8, 0x31A8, 0x31A8, 0x31A8, 0x0843, 0x0843, 0xD69A, 0x0843, 0x0843, 0x0843, 0x0843, 0xD69A,
  0x0843, 0x0843, 0x0843, 0xD69A, 0x0843, 0x0843, 0xD69A, 0x0843, 0x0843, 0x0843, 0x0843, 0xD69A,
  0x0843, 0x0843, 0x0843, 0xD69A, 0x0843, 0x0843, 0x422A, 0x422A, 0x422A, 0x422A, 0x422A, 0x0843,
  0x0843, 0x0843, 0x0843, 0x0843, 0x0843, 0x0843, 0x422A, 0x422A, 0x422A, 0x422A, 0x0843, 0xD69A,
  0x0843, 0x0843, 0x0843, 0xD69A, 0x0843, 0xD69A, 0x0843, 0x0843, 0x0843, 0x0843, 0x0843, 0x422A,
  0x0843, 0xD69A, 0x0843, 0x0843, 0x0843, 0xD69A, 0x0843, 0x0843, 0x0843, 0xD69A, 0x0843, 0x0843,
  0x422A, 0x422A, 0x422A, 0x422A, 0x422A, 0x0843, 0x0843, 0xD69A, 0x0843, 0x0843, 0x422A, 0x422A,
  0x422A, 0x422A, 0x422A, 0x422A, 0x422A, 0x422A, 0x422A, 0x422A, 0x422A, 0x422A, 0x422A, 0x422A,
  0x422A, 0x422A, 0x422A, 0x422A, 0x422A, 0x422A, 0x422A, 0x422A, 0x422A, 0x422A, 0x422A, 0x422A,
  0x422A, 0x422A, 0x422A, 0x422A, 0x422A, 0x422A, 0x422A, 0x422A, 0x422A, 0x422A, 0x422A, 0x422A,
  0x422A, 0x422A, 0x422A, 0x422A, 0x422A, 0x422A, 0x422A, 0x422A, 0x422A, 0x422A, 0x422A, 0x422A,
  0x422A, 0x422A, 0xD69A, 0xD69A, 0xD69A, 0xD69A, 0xD69A, 0xD69A, 0xD69A, 0xD69A, 0xD69A, 0xD69A,
  0xD69A, 0xD69A, 0xD69A, 0xD69A, 0xD69A, 0xD69A, 0xD69A, 0xD69A, 0xD69A, 0xD69A, 0xD69A, 0xD69A,
  0xF79E, 0xF79E, 0xF79E, 0xF79E, 0xF79E, 0xF79E, 0xF79E, 0xF79E, 0xF79E, 0xF79E, 0xF79E, 0xF79E,
  0xF79E, 0xF79E, 0xF79E, 0xF79E, 0xF79E, 0xF79E, 0xF79E, 0xF79E, 0xF79E, 0xF79E, 0x528B, 0x528B,
  0x528B, 0x528B, 0x528B, 0x528B, 0x528B, 0x528B, 0x528B, 0x528B, 0x528B, 0x528B, 0x528B, 0x528B,
  0x528B, 0x528B, 0x528B, 0x528B, 0x528B, 0x528B, 0x528B, 0x528B, 0x528B, 0x528B, 0x528B, 0x528B,
  0x528B, 0x528B, 0x528B, 0x528B, 0x528B, 0x528B, 0x528B, 0x528B, 0x528B, 0x528B, 0x528B, 0x528B,
  0x528B, 0x528B, 0x528B, 0x528B, 0x528B, 0x528B, 0x528B, 0x528B, 0x528B, 0x528B, 0x528B, 0x528B,
  0x0843, 0xF7BE, 0xF7BE, 0xF7BE, 0xF7BE, 0x0843, 0x0843, 0x0843, 0x0843, 0xF7BE, 0x0843, 0x0843,
  0x0843, 0xF7BE, 0xF7BE, 0xF7BE, 0xF7BE, 0xF7BE, 0x0843, 0xF7BE, 0x0843, 0x0843, 0x528B, 0x528B,
  0x0843, 0xF7BE, 0x0843, 0x0843, 0x0843, 0xF7BE, 0x0843, 0xF7BE, 0x0843, 0x0843, 0x0843, 0xF7BE,
  0x0843, 0x0843, 0xF7BE, 0xF7BE, 0xF7BE, 0x0843, 0x0843, 0x0843, 0x41E9, 0x41E9, 0x41E9, 0x41E9,
  0x0843, 0x0843, 0xF7BE, 0xF7BE, 0xF7BE, 0x0843, 0x0843, 0x0843, 0xF7BE, 0xF7BE, 0xF7BE, 0x0843,
  0x0843, 0x0843, 0xF7BE, 0xF7BE, 0xF7BE, 0x0843, 0x0843, 0xF7BE, 0x0843, 0x0843, 0x0843, 0xF7BE,
  0x0843, 0xF7BE, 0xF7BE, 0xF7BE, 0xF7BE, 0xF7BE, 0x0843, 0xF7BE, 0xF7BE, 0xF7BE, 0xF7BE, 0xF7BE,
  0x0843, 0x0843, 0xF7BE, 0xF7BE, 0xF7BE, 0x0843, 0x0843, 0x0843, 0x41E9, 0x41E9, 0x41E9, 0x41E9,
  0x0843, 0xF7BE, 0xF7BE, 0xF7BE, 0xF7BE, 0xF7BE, 0x0843, 0x0843, 0xF7BE, 0xF7BE, 0xF7BE, 0x0843,
  0x0843, 0xF7BE, 0xF7BE, 0xF7BE, 0xF7BE, 0xF7BE, 0x0843, 0x0843, 0xF7BE, 0xF7BE, 0xF7BE, 0x0843,
  0x0843, 0x0843, 0x528B, 0x528B, 0x528B, 0x528B, 0x528B, 0x528B, 0x528B, 0x528B, 0x528B, 0x528B,
  0x528B, 0x528B, 0x528B, 0x528B, 0x528B, 0x528B, 0x0843, 0xF7BE, 0xF7BE, 0xF7BE, 0xF7BE, 0x0843,
  0x0843, 0xF7BE, 0xF7BE, 0xF7BE, 0xF7BE, 0xF7BE, 0x0843, 0x0843, 0x0843, 0xF7BE, 0x0843, 0x0843,
  0x0843, 0xF7BE, 0x0843, 0x0843, 0x0843, 0xF7BE, 0x0843, 0x0843, 0x528B, 0x528B, 0x528B, 0x528B,
  0x528B, 0x0843, 0xF7BE, 0xF7BE, 0xF7BE, 0x0843, 0x0843, 0x528B, 0x528B, 0x528B, 0x528B, 0x528B,
  0x528B, 0x528B, 0x528B, 0x528B, 0x528B, 0x528B, 0x528B, 0x528B, 0x528B, 0x528B, 0x528B, 0x528B,
  0x528B, 0x528B, 0x528B, 0x528B, 0x528B, 0x528B, 0x528B, 0x528B, 0x528B, 0x528B, 0x528B, 0x528B,
  0x528B, 0x528B, 0x528B, 0x528B, 0x528B, 0x528B, 0x528B, 0x528B, 0x528B, 0x528B, 0x528B, 0x528B,
  0x528B, 0x528B, 0x528B, 0x528B, 0x528B, 0x528B, 0x528B, 0x528B, 0x528B, 0x528B, 0x528B, 0xF79E,
  0xF79E, 0xF79E, 0xF79E, 0xF79E, 0xF79E, 0xF79E, 0xF79E, 0xF79E, 0xF79E, 0xF79E, 0xF79E, 0xF79E,
  0xF79E, 0xF79E, 0xF79E, 0xF79E, 0xF79E, 0xF79E, 0xF79E, 0xF79E, 0xD69A, 0xD69A, 0xD69A, 0xD69A,
  0xD69A, 0xD69A, 0xD69A, 0xD69A, 0xD69A, 0xD69A, 0xD69A, 0xD69A, 0xD69A, 0xD69A, 0xD69A, 0xD69A,
  0xD69A, 0xD69A, 0xD69A, 0xD69A, 0x422A, 0x422A, 0x422A, 0x422A, 0x422A, 0x422A, 0x422A, 0x422A,
  0x422A, 0x422A, 0x422A, 0x422A, 0x422A, 0x422A, 0x422A, 0x422A, 0x422A, 0x422A, 0x422A, 0x422A,
  0x422A, 0x422A, 0x422A, 0x422A, 0x422A, 0x422A, 0x422A, 0x422A, 0x422A, 0x422A, 0x422A, 0x422A,
  0x422A, 0x422A, 0x422A, 0x422A, 0x422A, 0x422A, 0x422A, 0x422A, 0x422A, 0x422A, 0x422A, 0x422A,
  0x422A, 0x422A, 0x422A, 0x422A, 0x422A, 0x422A, 0x422A, 0x422A, 0x0843, 0x0843, 0x0843, 0x0843,
  0x0843, 0x0843, 0x0843, 0x0843, 0x0843, 0x0843, 0x0843, 0x0843, 0x0843, 0x0843, 0x0843, 0x0843,
  0x0843, 0x0843, 0x0843, 0x0843, 0x0843, 0x0843, 0x422A, 0x31A8, 0x0843, 0x0843, 0x0843, 0x0843,
  0x0843, 0x0843, 0x0843, 0x0843, 0x0843, 0x0843, 0x0843, 0x0843, 0x0843, 0x0843, 0x0843, 0x0843,
  0x0843, 0x0843, 0x0843, 0x0843, 0x31A8, 0x31A8, 0x31A8, 0x31A8, 0x31A8, 0x0843, 0x0843, 0x0843,
  0x0843, 0x0843, 0x0843, 0x0843, 0x0843, 0x0843, 0x0843, 0x0843, 0x0843, 0x0843, 0x0843, 0x0843,
  0x0843, 0x0843, 0x0843, 0x0843, 0x0843, 0x0843, 0x0843, 0x0843, 0x0843, 0x0843, 0x0843, 0x0843,
  0x0843, 0x0843, 0x0843, 0x0843, 0x0843, 0x0843, 0x0843, 0x0843, 0x0843, 0x0843, 0x0843, 0x0843,
  0x0843, 0x0843, 0x0843, 0x0843, 0x31A8, 0x31A8, 0x31A8, 0x31A8, 0x0843, 0x0843, 0x0843, 0x0843,
  0x0843, 0x0843, 0x0843, 0x0843, 0x0843, 0x0843, 0x0843, 0x0843, 0x0843, 0x0843, 0x0843, 0x0843,
  0x0843, 0x0843, 0x0843, 0x0843, 0x0843, 0x0843, 0x0843, 0x0843, 0x0843, 0x0843, 0x422A, 0x422A,
  0x422A, 0x422A, 0x422A, 0x422A, 0x422A, 0x422A, 0x422A, 0x422A, 0x422A, 0x422A, 0x422A, 0x422A,
  0x422A, 0x422A, 0x0843, 0x0843, 0x0843, 0x0843, 0x0843, 0x0843, 0x0843, 0x0843, 0x0843, 0x0843,
  0x0843, 0x0843, 0x0843, 0x0843, 0x0843, 0x0843, 0x0843, 0x0843, 0x0843, 0x0843, 0x0843, 0x0843,
  0x0843, 0x0843, 0x0843, 0x0843, 0x422A, 0x422A, 0x422A, 0x422A, 0x422A, 0x0843, 0x0843, 0x0843,
  0x0843, 0x0843, 0x0843, 0x422A, 0x422A, 0x422A, 0x422A, 0x422A, 0x422A, 0x422A, 0x422A, 0x422A,
  0x422A, 0x422A, 0x422A, 0x422A, 0x422A, 0x422A, 0x422A, 0x422A, 0x422A, 0x422A, 0x422A, 0x422A,
  0x422A, 0x422A, 0x422A, 0x422A, 0x422A, 0x422A, 0x422A, 0x422A, 0x422A, 0x422A, 0x422A, 0x422A,
  0x422A, 0x422A, 0x422A, 0x422A, 0x422A, 0x422A, 0x422A, 0x422A, 0x422A, 0x422A, 0x422A, 0x422A,
  0x422A, 0x422A, 0x422A, 0x422A, 0x422A, 0x422A, 0x422A, 0x422A, 0x422A, 0xD69A, 0xD69A, 0xD69A,
  0xD69A, 0xD69A, 0xD69A, 0xD69A, 0xD69A, 0xD69A, 0xD69A, 0xD69A, 0xD69A, 0xD69A, 0xD69A, 0xD69A,
  0xD69A, 0xD69A, 0xD69A, 0xD69A, 0xF79E, 0xF79E, 0xF79E, 0xF79E, 0xF79E, 0xF79E, 0xF79E, 0xF79E,
  0xF79E, 0xF79E, 0xF79E, 0xF79E, 0xF79E, 0xF79E, 0xF79E, 0xF79E, 0xF79E, 0xF79E, 0xF79E, 0x528B,
  0x528B, 0x528B, 0x528B, 0x528B, 0x528B, 0x528B, 0x528B, 0x528B, 0x528B, 0x528B, 0x528B, 0x528B,
  0x528B, 0x528B, 0x528B, 0x528B, 0x528B, 0x528B, 0x528B, 0x528B, 0x528B, 0x528B, 0x528B, 0x528B,
  0x528B, 0x528B, 0x528B, 0x528B, 0x528B, 0x528B, 0x528B, 0x528B, 0x528B, 0x528B, 0x528B, 0x528B,
  0x528B, 0x528B, 0x528B, 0x528B, 0x528B, 0x528B, 0x528B, 0x528B, 0x528B, 0x528B, 0x528B, 0x528B,
  0x528B, 0x528B, 0x528B, 0x528B, 0x528B, 0x0843, 0x0843, 0x0843, 0x0843, 0x0843, 0x0843, 0x528B,
  0x528B, 0x0843, 0x0843, 0x0843, 0x528B, 0x0843, 0x0843, 0x0843, 0x0843, 0x0843, 0x0843, 0x0843,
  0x0843, 0x0843, 0x41E9, 0x41E9, 0x41E9, 0x0843, 0x0843, 0x0843, 0x41E9, 0x0843, 0x0843, 0x0843,
  0x0843, 0x0843, 0x41E9, 0x0843, 0x0843, 0x0843, 0x0843, 0x0843, 0x0843, 0x0843, 0x0843, 0x41E9,
  0x41E9, 0x41E9, 0x41E9, 0x41E9, 0x41E9, 0x41E9, 0x0843, 0x0843, 0x0843, 0x0843, 0x0843, 0x41E9,
  0x0843, 0x0843, 0x0843, 0x0843, 0x0843, 0x41E9, 0x0843, 0x0843, 0x0843, 0x0843, 0x0843, 0x0843,
  0x0843, 0x0843, 0x41E9, 0x0843, 0x0843, 0x0843, 0x0843, 0x0843, 0x0843, 0x0843, 0x0843, 0x0843,
  0x0843, 0x0843, 0x0843, 0x0843, 0x0843, 0x0843, 0x0843, 0x0843, 0x0843, 0x0843, 0x0843, 0x41E9,
  0x41E9, 0x41E9, 0x41E9, 0x41E9, 0x41E9, 0x0843, 0x0843, 0x0843, 0x0843, 0x0843, 0x0843, 0x0843,
  0x0843, 0x0843, 0x0843, 0x0843, 0x0843, 0x0843, 0x0843, 0x0843, 0x0843, 0x0843, 0x0843, 0x0843,
  0x0843, 0x0843, 0x0843, 0x0843, 0x0843, 0x528B, 0x528B, 0x528B, 0x528B, 0x528B, 0x528B, 0x528B,
  0x528B, 0x528B, 0x528B, 0x528B, 0x528B, 0x528B, 0x528B, 0x528B, 0x528B, 0x528B, 0x528B, 0x0843,
  0x0843, 0x0843, 0x0843, 0x0843, 0x0843, 0x0843, 0x0843, 0x0843, 0x0843, 0x0843, 0x0843, 0x0843,
  0x528B, 0x0843, 0x0843, 0x0843, 0x528B, 0x0843, 0x0843, 0x0843, 0x528B, 0x0843, 0x0843, 0x0843,
  0x528B, 0x528B, 0x528B, 0x528B, 0x528B, 0x528B, 0x0843, 0x0843, 0x0843, 0x0843, 0x0843, 0x528B,
  0x528B, 0x528B, 0x528B, 0x528B, 0x528B, 0x528B, 0x528B, 0x528B, 0x528B, 0x528B, 0x528B, 0x528B,
  0x528B, 0x528B, 0x528B, 0x528B, 0x528B, 0x528B, 0x528B, 0x528B, 0x528B, 0x528B, 0x528B, 0x528B,
  0x528B, 0x528B, 0x528B, 0x528B, 0x528B, 0x528B, 0x528B, 0x528B, 0x528B, 0x528B, 0x528B, 0x528B,
  0x528B, 0x528B, 0x528B, 0x528B, 0x528B, 0x528B, 0x528B, 0x528B, 0x528B, 0x528B, 0x528B, 0x528B,
  0x528B, 0x528B, 0x528B, 0x528B, 0x528B, 0x528B, 0xF79E, 0xF79E, 0xF79E, 0xF79E, 0xF79E, 0xF79E,
  0xF79E, 0xF79E, 0xF79E, 0xF79E, 0xF79E, 0xF79E, 0xF79E, 0xF79E, 0xF79E, 0xF79E, 0xF79E, 0xF79E,
};
